[2025-05-17 20:34:30] local.ERROR: Undefined variable $data {"view":{"view":"/home/ouknik/Desktop/brahim_projects/j/j v2/jeunesscar/framework/resources/views/reception/index.blade.php","data":[]},"userId":1,"exception":"[object] (Spatie\\LaravelIgnition\\Exceptions\\ViewException(code: 0): Undefined variable $data at /home/ouknik/Desktop/brahim_projects/j/j v2/jeunesscar/framework/resources/views/reception/index.blade.php:21)
[stacktrace]
#0 /home/ouknik/Desktop/brahim_projects/j/j v2/jeunesscar/framework/vendor/laravel/framework/src/Illuminate/Filesystem/Filesystem.php(123): require('...')
#1 /home/ouknik/Desktop/brahim_projects/j/j v2/jeunesscar/framework/vendor/laravel/framework/src/Illuminate/Filesystem/Filesystem.php(124): Illuminate\\Filesystem\\Filesystem::Illuminate\\Filesystem\\{closure}()
#2 /home/ouknik/Desktop/brahim_projects/j/j v2/jeunesscar/framework/vendor/laravel/framework/src/Illuminate/View/Engines/PhpEngine.php(58): Illuminate\\Filesystem\\Filesystem->getRequire()
#3 /home/ouknik/Desktop/brahim_projects/j/j v2/jeunesscar/framework/vendor/laravel/framework/src/Illuminate/View/Engines/CompilerEngine.php(72): Illuminate\\View\\Engines\\PhpEngine->evaluatePath()
#4 /home/ouknik/Desktop/brahim_projects/j/j v2/jeunesscar/framework/vendor/laravel/framework/src/Illuminate/View/View.php(207): Illuminate\\View\\Engines\\CompilerEngine->get()
#5 /home/ouknik/Desktop/brahim_projects/j/j v2/jeunesscar/framework/vendor/laravel/framework/src/Illuminate/View/View.php(190): Illuminate\\View\\View->getContents()
#6 /home/ouknik/Desktop/brahim_projects/j/j v2/jeunesscar/framework/vendor/laravel/framework/src/Illuminate/View/View.php(159): Illuminate\\View\\View->renderContents()
#7 /home/ouknik/Desktop/brahim_projects/j/j v2/jeunesscar/framework/vendor/laravel/framework/src/Illuminate/Http/Response.php(69): Illuminate\\View\\View->render()
#8 /home/ouknik/Desktop/brahim_projects/j/j v2/jeunesscar/framework/vendor/laravel/framework/src/Illuminate/Http/Response.php(35): Illuminate\\Http\\Response->setContent()
#9 /home/ouknik/Desktop/brahim_projects/j/j v2/jeunesscar/framework/vendor/laravel/framework/src/Illuminate/Routing/Router.php(918): Illuminate\\Http\\Response->__construct()
#10 /home/ouknik/Desktop/brahim_projects/j/j v2/jeunesscar/framework/vendor/laravel/framework/src/Illuminate/Routing/Router.php(885): Illuminate\\Routing\\Router::toResponse()
#11 /home/ouknik/Desktop/brahim_projects/j/j v2/jeunesscar/framework/vendor/laravel/framework/src/Illuminate/Routing/Router.php(805): Illuminate\\Routing\\Router->prepareResponse()
#12 /home/ouknik/Desktop/brahim_projects/j/j v2/jeunesscar/framework/vendor/laravel/framework/src/Illuminate/Pipeline/Pipeline.php(144): Illuminate\\Routing\\Router->Illuminate\\Routing\\{closure}()
#13 /home/ouknik/Desktop/brahim_projects/j/j v2/jeunesscar/framework/vendor/spatie/laravel-permission/src/Middlewares/PermissionMiddleware.php(24): Illuminate\\Pipeline\\Pipeline->Illuminate\\Pipeline\\{closure}()
#14 /home/ouknik/Desktop/brahim_projects/j/j v2/jeunesscar/framework/vendor/laravel/framework/src/Illuminate/Pipeline/Pipeline.php(183): Spatie\\Permission\\Middlewares\\PermissionMiddleware->handle()
#15 /home/ouknik/Desktop/brahim_projects/j/j v2/jeunesscar/framework/app/Http/Middleware/SetLocale.php(37): Illuminate\\Pipeline\\Pipeline->Illuminate\\Pipeline\\{closure}()
#16 /home/ouknik/Desktop/brahim_projects/j/j v2/jeunesscar/framework/vendor/laravel/framework/src/Illuminate/Pipeline/Pipeline.php(183): App\\Http\\Middleware\\SetLocale->handle()
#17 /home/ouknik/Desktop/brahim_projects/j/j v2/jeunesscar/framework/vendor/laravel/framework/src/Illuminate/Routing/Middleware/SubstituteBindings.php(50): Illuminate\\Pipeline\\Pipeline->Illuminate\\Pipeline\\{closure}()
#18 /home/ouknik/Desktop/brahim_projects/j/j v2/jeunesscar/framework/vendor/laravel/framework/src/Illuminate/Pipeline/Pipeline.php(183): Illuminate\\Routing\\Middleware\\SubstituteBindings->handle()
#19 /home/ouknik/Desktop/brahim_projects/j/j v2/jeunesscar/framework/vendor/laravel/framework/src/Illuminate/Auth/Middleware/Authenticate.php(57): Illuminate\\Pipeline\\Pipeline->Illuminate\\Pipeline\\{closure}()
#20 /home/ouknik/Desktop/brahim_projects/j/j v2/jeunesscar/framework/vendor/laravel/framework/src/Illuminate/Pipeline/Pipeline.php(183): Illuminate\\Auth\\Middleware\\Authenticate->handle()
#21 /home/ouknik/Desktop/brahim_projects/j/j v2/jeunesscar/framework/vendor/laravel/framework/src/Illuminate/Foundation/Http/Middleware/VerifyCsrfToken.php(78): Illuminate\\Pipeline\\Pipeline->Illuminate\\Pipeline\\{closure}()
#22 /home/ouknik/Desktop/brahim_projects/j/j v2/jeunesscar/framework/vendor/laravel/framework/src/Illuminate/Pipeline/Pipeline.php(183): Illuminate\\Foundation\\Http\\Middleware\\VerifyCsrfToken->handle()
#23 /home/ouknik/Desktop/brahim_projects/j/j v2/jeunesscar/framework/vendor/laravel/framework/src/Illuminate/View/Middleware/ShareErrorsFromSession.php(49): Illuminate\\Pipeline\\Pipeline->Illuminate\\Pipeline\\{closure}()
#24 /home/ouknik/Desktop/brahim_projects/j/j v2/jeunesscar/framework/vendor/laravel/framework/src/Illuminate/Pipeline/Pipeline.php(183): Illuminate\\View\\Middleware\\ShareErrorsFromSession->handle()
#25 /home/ouknik/Desktop/brahim_projects/j/j v2/jeunesscar/framework/vendor/laravel/framework/src/Illuminate/Session/Middleware/StartSession.php(121): Illuminate\\Pipeline\\Pipeline->Illuminate\\Pipeline\\{closure}()
#26 /home/ouknik/Desktop/brahim_projects/j/j v2/jeunesscar/framework/vendor/laravel/framework/src/Illuminate/Session/Middleware/StartSession.php(64): Illuminate\\Session\\Middleware\\StartSession->handleStatefulRequest()
#27 /home/ouknik/Desktop/brahim_projects/j/j v2/jeunesscar/framework/vendor/laravel/framework/src/Illuminate/Pipeline/Pipeline.php(183): Illuminate\\Session\\Middleware\\StartSession->handle()
#28 /home/ouknik/Desktop/brahim_projects/j/j v2/jeunesscar/framework/vendor/laravel/framework/src/Illuminate/Cookie/Middleware/AddQueuedCookiesToResponse.php(37): Illuminate\\Pipeline\\Pipeline->Illuminate\\Pipeline\\{closure}()
#29 /home/ouknik/Desktop/brahim_projects/j/j v2/jeunesscar/framework/vendor/laravel/framework/src/Illuminate/Pipeline/Pipeline.php(183): Illuminate\\Cookie\\Middleware\\AddQueuedCookiesToResponse->handle()
#30 /home/ouknik/Desktop/brahim_projects/j/j v2/jeunesscar/framework/vendor/laravel/framework/src/Illuminate/Cookie/Middleware/EncryptCookies.php(67): Illuminate\\Pipeline\\Pipeline->Illuminate\\Pipeline\\{closure}()
#31 /home/ouknik/Desktop/brahim_projects/j/j v2/jeunesscar/framework/vendor/laravel/framework/src/Illuminate/Pipeline/Pipeline.php(183): Illuminate\\Cookie\\Middleware\\EncryptCookies->handle()
#32 /home/ouknik/Desktop/brahim_projects/j/j v2/jeunesscar/framework/vendor/laravel/framework/src/Illuminate/Pipeline/Pipeline.php(119): Illuminate\\Pipeline\\Pipeline->Illuminate\\Pipeline\\{closure}()
#33 /home/ouknik/Desktop/brahim_projects/j/j v2/jeunesscar/framework/vendor/laravel/framework/src/Illuminate/Routing/Router.php(805): Illuminate\\Pipeline\\Pipeline->then()
#34 /home/ouknik/Desktop/brahim_projects/j/j v2/jeunesscar/framework/vendor/laravel/framework/src/Illuminate/Routing/Router.php(784): Illuminate\\Routing\\Router->runRouteWithinStack()
#35 /home/ouknik/Desktop/brahim_projects/j/j v2/jeunesscar/framework/vendor/laravel/framework/src/Illuminate/Routing/Router.php(748): Illuminate\\Routing\\Router->runRoute()
#36 /home/ouknik/Desktop/brahim_projects/j/j v2/jeunesscar/framework/vendor/laravel/framework/src/Illuminate/Routing/Router.php(737): Illuminate\\Routing\\Router->dispatchToRoute()
#37 /home/ouknik/Desktop/brahim_projects/j/j v2/jeunesscar/framework/vendor/laravel/framework/src/Illuminate/Foundation/Http/Kernel.php(200): Illuminate\\Routing\\Router->dispatch()
#38 /home/ouknik/Desktop/brahim_projects/j/j v2/jeunesscar/framework/vendor/laravel/framework/src/Illuminate/Pipeline/Pipeline.php(144): Illuminate\\Foundation\\Http\\Kernel->Illuminate\\Foundation\\Http\\{closure}()
#39 /home/ouknik/Desktop/brahim_projects/j/j v2/jeunesscar/framework/vendor/laravel/framework/src/Illuminate/Foundation/Http/Middleware/TransformsRequest.php(21): Illuminate\\Pipeline\\Pipeline->Illuminate\\Pipeline\\{closure}()
#40 /home/ouknik/Desktop/brahim_projects/j/j v2/jeunesscar/framework/vendor/laravel/framework/src/Illuminate/Foundation/Http/Middleware/ConvertEmptyStringsToNull.php(31): Illuminate\\Foundation\\Http\\Middleware\\TransformsRequest->handle()
#41 /home/ouknik/Desktop/brahim_projects/j/j v2/jeunesscar/framework/vendor/laravel/framework/src/Illuminate/Pipeline/Pipeline.php(183): Illuminate\\Foundation\\Http\\Middleware\\ConvertEmptyStringsToNull->handle()
#42 /home/ouknik/Desktop/brahim_projects/j/j v2/jeunesscar/framework/vendor/laravel/framework/src/Illuminate/Foundation/Http/Middleware/TransformsRequest.php(21): Illuminate\\Pipeline\\Pipeline->Illuminate\\Pipeline\\{closure}()
#43 /home/ouknik/Desktop/brahim_projects/j/j v2/jeunesscar/framework/vendor/laravel/framework/src/Illuminate/Foundation/Http/Middleware/TrimStrings.php(40): Illuminate\\Foundation\\Http\\Middleware\\TransformsRequest->handle()
#44 /home/ouknik/Desktop/brahim_projects/j/j v2/jeunesscar/framework/vendor/laravel/framework/src/Illuminate/Pipeline/Pipeline.php(183): Illuminate\\Foundation\\Http\\Middleware\\TrimStrings->handle()
#45 /home/ouknik/Desktop/brahim_projects/j/j v2/jeunesscar/framework/vendor/laravel/framework/src/Illuminate/Foundation/Http/Middleware/ValidatePostSize.php(27): Illuminate\\Pipeline\\Pipeline->Illuminate\\Pipeline\\{closure}()
#46 /home/ouknik/Desktop/brahim_projects/j/j v2/jeunesscar/framework/vendor/laravel/framework/src/Illuminate/Pipeline/Pipeline.php(183): Illuminate\\Foundation\\Http\\Middleware\\ValidatePostSize->handle()
#47 /home/ouknik/Desktop/brahim_projects/j/j v2/jeunesscar/framework/vendor/laravel/framework/src/Illuminate/Foundation/Http/Middleware/PreventRequestsDuringMaintenance.php(99): Illuminate\\Pipeline\\Pipeline->Illuminate\\Pipeline\\{closure}()
#48 /home/ouknik/Desktop/brahim_projects/j/j v2/jeunesscar/framework/vendor/laravel/framework/src/Illuminate/Pipeline/Pipeline.php(183): Illuminate\\Foundation\\Http\\Middleware\\PreventRequestsDuringMaintenance->handle()
#49 /home/ouknik/Desktop/brahim_projects/j/j v2/jeunesscar/framework/vendor/laravel/framework/src/Illuminate/Pipeline/Pipeline.php(119): Illuminate\\Pipeline\\Pipeline->Illuminate\\Pipeline\\{closure}()
#50 /home/ouknik/Desktop/brahim_projects/j/j v2/jeunesscar/framework/vendor/laravel/framework/src/Illuminate/Foundation/Http/Kernel.php(175): Illuminate\\Pipeline\\Pipeline->then()
#51 /home/ouknik/Desktop/brahim_projects/j/j v2/jeunesscar/framework/vendor/laravel/framework/src/Illuminate/Foundation/Http/Kernel.php(144): Illuminate\\Foundation\\Http\\Kernel->sendRequestThroughRouter()
#52 /home/ouknik/Desktop/brahim_projects/j/j v2/jeunesscar/index.php(13): Illuminate\\Foundation\\Http\\Kernel->handle()
#53 {main}

[previous exception] [object] (ErrorException(code: 0): Undefined variable $data at /home/ouknik/Desktop/brahim_projects/j/j v2/jeunesscar/framework/storage/framework/views/5ea7a2139a66afb43a1f1f4d6e4a1c4f.php:19)
[stacktrace]
#0 /home/ouknik/Desktop/brahim_projects/j/j v2/jeunesscar/framework/vendor/laravel/framework/src/Illuminate/Foundation/Bootstrap/HandleExceptions.php(255): Illuminate\\Foundation\\Bootstrap\\HandleExceptions->handleError()
#1 /home/ouknik/Desktop/brahim_projects/j/j v2/jeunesscar/framework/storage/framework/views/5ea7a2139a66afb43a1f1f4d6e4a1c4f.php(19): Illuminate\\Foundation\\Bootstrap\\HandleExceptions->Illuminate\\Foundation\\Bootstrap\\{closure}()
#2 /home/ouknik/Desktop/brahim_projects/j/j v2/jeunesscar/framework/vendor/laravel/framework/src/Illuminate/Filesystem/Filesystem.php(123): require('...')
#3 /home/ouknik/Desktop/brahim_projects/j/j v2/jeunesscar/framework/vendor/laravel/framework/src/Illuminate/Filesystem/Filesystem.php(124): Illuminate\\Filesystem\\Filesystem::Illuminate\\Filesystem\\{closure}()
#4 /home/ouknik/Desktop/brahim_projects/j/j v2/jeunesscar/framework/vendor/laravel/framework/src/Illuminate/View/Engines/PhpEngine.php(58): Illuminate\\Filesystem\\Filesystem->getRequire()
#5 /home/ouknik/Desktop/brahim_projects/j/j v2/jeunesscar/framework/vendor/laravel/framework/src/Illuminate/View/Engines/CompilerEngine.php(72): Illuminate\\View\\Engines\\PhpEngine->evaluatePath()
#6 /home/ouknik/Desktop/brahim_projects/j/j v2/jeunesscar/framework/vendor/laravel/framework/src/Illuminate/View/View.php(207): Illuminate\\View\\Engines\\CompilerEngine->get()
#7 /home/ouknik/Desktop/brahim_projects/j/j v2/jeunesscar/framework/vendor/laravel/framework/src/Illuminate/View/View.php(190): Illuminate\\View\\View->getContents()
#8 /home/ouknik/Desktop/brahim_projects/j/j v2/jeunesscar/framework/vendor/laravel/framework/src/Illuminate/View/View.php(159): Illuminate\\View\\View->renderContents()
#9 /home/ouknik/Desktop/brahim_projects/j/j v2/jeunesscar/framework/vendor/laravel/framework/src/Illuminate/Http/Response.php(69): Illuminate\\View\\View->render()
#10 /home/ouknik/Desktop/brahim_projects/j/j v2/jeunesscar/framework/vendor/laravel/framework/src/Illuminate/Http/Response.php(35): Illuminate\\Http\\Response->setContent()
#11 /home/ouknik/Desktop/brahim_projects/j/j v2/jeunesscar/framework/vendor/laravel/framework/src/Illuminate/Routing/Router.php(918): Illuminate\\Http\\Response->__construct()
#12 /home/ouknik/Desktop/brahim_projects/j/j v2/jeunesscar/framework/vendor/laravel/framework/src/Illuminate/Routing/Router.php(885): Illuminate\\Routing\\Router::toResponse()
#13 /home/ouknik/Desktop/brahim_projects/j/j v2/jeunesscar/framework/vendor/laravel/framework/src/Illuminate/Routing/Router.php(805): Illuminate\\Routing\\Router->prepareResponse()
#14 /home/ouknik/Desktop/brahim_projects/j/j v2/jeunesscar/framework/vendor/laravel/framework/src/Illuminate/Pipeline/Pipeline.php(144): Illuminate\\Routing\\Router->Illuminate\\Routing\\{closure}()
#15 /home/ouknik/Desktop/brahim_projects/j/j v2/jeunesscar/framework/vendor/spatie/laravel-permission/src/Middlewares/PermissionMiddleware.php(24): Illuminate\\Pipeline\\Pipeline->Illuminate\\Pipeline\\{closure}()
#16 /home/ouknik/Desktop/brahim_projects/j/j v2/jeunesscar/framework/vendor/laravel/framework/src/Illuminate/Pipeline/Pipeline.php(183): Spatie\\Permission\\Middlewares\\PermissionMiddleware->handle()
#17 /home/ouknik/Desktop/brahim_projects/j/j v2/jeunesscar/framework/app/Http/Middleware/SetLocale.php(37): Illuminate\\Pipeline\\Pipeline->Illuminate\\Pipeline\\{closure}()
#18 /home/ouknik/Desktop/brahim_projects/j/j v2/jeunesscar/framework/vendor/laravel/framework/src/Illuminate/Pipeline/Pipeline.php(183): App\\Http\\Middleware\\SetLocale->handle()
#19 /home/ouknik/Desktop/brahim_projects/j/j v2/jeunesscar/framework/vendor/laravel/framework/src/Illuminate/Routing/Middleware/SubstituteBindings.php(50): Illuminate\\Pipeline\\Pipeline->Illuminate\\Pipeline\\{closure}()
#20 /home/ouknik/Desktop/brahim_projects/j/j v2/jeunesscar/framework/vendor/laravel/framework/src/Illuminate/Pipeline/Pipeline.php(183): Illuminate\\Routing\\Middleware\\SubstituteBindings->handle()
#21 /home/ouknik/Desktop/brahim_projects/j/j v2/jeunesscar/framework/vendor/laravel/framework/src/Illuminate/Auth/Middleware/Authenticate.php(57): Illuminate\\Pipeline\\Pipeline->Illuminate\\Pipeline\\{closure}()
#22 /home/ouknik/Desktop/brahim_projects/j/j v2/jeunesscar/framework/vendor/laravel/framework/src/Illuminate/Pipeline/Pipeline.php(183): Illuminate\\Auth\\Middleware\\Authenticate->handle()
#23 /home/ouknik/Desktop/brahim_projects/j/j v2/jeunesscar/framework/vendor/laravel/framework/src/Illuminate/Foundation/Http/Middleware/VerifyCsrfToken.php(78): Illuminate\\Pipeline\\Pipeline->Illuminate\\Pipeline\\{closure}()
#24 /home/ouknik/Desktop/brahim_projects/j/j v2/jeunesscar/framework/vendor/laravel/framework/src/Illuminate/Pipeline/Pipeline.php(183): Illuminate\\Foundation\\Http\\Middleware\\VerifyCsrfToken->handle()
#25 /home/ouknik/Desktop/brahim_projects/j/j v2/jeunesscar/framework/vendor/laravel/framework/src/Illuminate/View/Middleware/ShareErrorsFromSession.php(49): Illuminate\\Pipeline\\Pipeline->Illuminate\\Pipeline\\{closure}()
#26 /home/ouknik/Desktop/brahim_projects/j/j v2/jeunesscar/framework/vendor/laravel/framework/src/Illuminate/Pipeline/Pipeline.php(183): Illuminate\\View\\Middleware\\ShareErrorsFromSession->handle()
#27 /home/ouknik/Desktop/brahim_projects/j/j v2/jeunesscar/framework/vendor/laravel/framework/src/Illuminate/Session/Middleware/StartSession.php(121): Illuminate\\Pipeline\\Pipeline->Illuminate\\Pipeline\\{closure}()
#28 /home/ouknik/Desktop/brahim_projects/j/j v2/jeunesscar/framework/vendor/laravel/framework/src/Illuminate/Session/Middleware/StartSession.php(64): Illuminate\\Session\\Middleware\\StartSession->handleStatefulRequest()
#29 /home/ouknik/Desktop/brahim_projects/j/j v2/jeunesscar/framework/vendor/laravel/framework/src/Illuminate/Pipeline/Pipeline.php(183): Illuminate\\Session\\Middleware\\StartSession->handle()
#30 /home/ouknik/Desktop/brahim_projects/j/j v2/jeunesscar/framework/vendor/laravel/framework/src/Illuminate/Cookie/Middleware/AddQueuedCookiesToResponse.php(37): Illuminate\\Pipeline\\Pipeline->Illuminate\\Pipeline\\{closure}()
#31 /home/ouknik/Desktop/brahim_projects/j/j v2/jeunesscar/framework/vendor/laravel/framework/src/Illuminate/Pipeline/Pipeline.php(183): Illuminate\\Cookie\\Middleware\\AddQueuedCookiesToResponse->handle()
#32 /home/ouknik/Desktop/brahim_projects/j/j v2/jeunesscar/framework/vendor/laravel/framework/src/Illuminate/Cookie/Middleware/EncryptCookies.php(67): Illuminate\\Pipeline\\Pipeline->Illuminate\\Pipeline\\{closure}()
#33 /home/ouknik/Desktop/brahim_projects/j/j v2/jeunesscar/framework/vendor/laravel/framework/src/Illuminate/Pipeline/Pipeline.php(183): Illuminate\\Cookie\\Middleware\\EncryptCookies->handle()
#34 /home/ouknik/Desktop/brahim_projects/j/j v2/jeunesscar/framework/vendor/laravel/framework/src/Illuminate/Pipeline/Pipeline.php(119): Illuminate\\Pipeline\\Pipeline->Illuminate\\Pipeline\\{closure}()
#35 /home/ouknik/Desktop/brahim_projects/j/j v2/jeunesscar/framework/vendor/laravel/framework/src/Illuminate/Routing/Router.php(805): Illuminate\\Pipeline\\Pipeline->then()
#36 /home/ouknik/Desktop/brahim_projects/j/j v2/jeunesscar/framework/vendor/laravel/framework/src/Illuminate/Routing/Router.php(784): Illuminate\\Routing\\Router->runRouteWithinStack()
#37 /home/ouknik/Desktop/brahim_projects/j/j v2/jeunesscar/framework/vendor/laravel/framework/src/Illuminate/Routing/Router.php(748): Illuminate\\Routing\\Router->runRoute()
#38 /home/ouknik/Desktop/brahim_projects/j/j v2/jeunesscar/framework/vendor/laravel/framework/src/Illuminate/Routing/Router.php(737): Illuminate\\Routing\\Router->dispatchToRoute()
#39 /home/ouknik/Desktop/brahim_projects/j/j v2/jeunesscar/framework/vendor/laravel/framework/src/Illuminate/Foundation/Http/Kernel.php(200): Illuminate\\Routing\\Router->dispatch()
#40 /home/ouknik/Desktop/brahim_projects/j/j v2/jeunesscar/framework/vendor/laravel/framework/src/Illuminate/Pipeline/Pipeline.php(144): Illuminate\\Foundation\\Http\\Kernel->Illuminate\\Foundation\\Http\\{closure}()
#41 /home/ouknik/Desktop/brahim_projects/j/j v2/jeunesscar/framework/vendor/laravel/framework/src/Illuminate/Foundation/Http/Middleware/TransformsRequest.php(21): Illuminate\\Pipeline\\Pipeline->Illuminate\\Pipeline\\{closure}()
#42 /home/ouknik/Desktop/brahim_projects/j/j v2/jeunesscar/framework/vendor/laravel/framework/src/Illuminate/Foundation/Http/Middleware/ConvertEmptyStringsToNull.php(31): Illuminate\\Foundation\\Http\\Middleware\\TransformsRequest->handle()
#43 /home/ouknik/Desktop/brahim_projects/j/j v2/jeunesscar/framework/vendor/laravel/framework/src/Illuminate/Pipeline/Pipeline.php(183): Illuminate\\Foundation\\Http\\Middleware\\ConvertEmptyStringsToNull->handle()
#44 /home/ouknik/Desktop/brahim_projects/j/j v2/jeunesscar/framework/vendor/laravel/framework/src/Illuminate/Foundation/Http/Middleware/TransformsRequest.php(21): Illuminate\\Pipeline\\Pipeline->Illuminate\\Pipeline\\{closure}()
#45 /home/ouknik/Desktop/brahim_projects/j/j v2/jeunesscar/framework/vendor/laravel/framework/src/Illuminate/Foundation/Http/Middleware/TrimStrings.php(40): Illuminate\\Foundation\\Http\\Middleware\\TransformsRequest->handle()
#46 /home/ouknik/Desktop/brahim_projects/j/j v2/jeunesscar/framework/vendor/laravel/framework/src/Illuminate/Pipeline/Pipeline.php(183): Illuminate\\Foundation\\Http\\Middleware\\TrimStrings->handle()
#47 /home/ouknik/Desktop/brahim_projects/j/j v2/jeunesscar/framework/vendor/laravel/framework/src/Illuminate/Foundation/Http/Middleware/ValidatePostSize.php(27): Illuminate\\Pipeline\\Pipeline->Illuminate\\Pipeline\\{closure}()
#48 /home/ouknik/Desktop/brahim_projects/j/j v2/jeunesscar/framework/vendor/laravel/framework/src/Illuminate/Pipeline/Pipeline.php(183): Illuminate\\Foundation\\Http\\Middleware\\ValidatePostSize->handle()
#49 /home/ouknik/Desktop/brahim_projects/j/j v2/jeunesscar/framework/vendor/laravel/framework/src/Illuminate/Foundation/Http/Middleware/PreventRequestsDuringMaintenance.php(99): Illuminate\\Pipeline\\Pipeline->Illuminate\\Pipeline\\{closure}()
#50 /home/ouknik/Desktop/brahim_projects/j/j v2/jeunesscar/framework/vendor/laravel/framework/src/Illuminate/Pipeline/Pipeline.php(183): Illuminate\\Foundation\\Http\\Middleware\\PreventRequestsDuringMaintenance->handle()
#51 /home/ouknik/Desktop/brahim_projects/j/j v2/jeunesscar/framework/vendor/laravel/framework/src/Illuminate/Pipeline/Pipeline.php(119): Illuminate\\Pipeline\\Pipeline->Illuminate\\Pipeline\\{closure}()
#52 /home/ouknik/Desktop/brahim_projects/j/j v2/jeunesscar/framework/vendor/laravel/framework/src/Illuminate/Foundation/Http/Kernel.php(175): Illuminate\\Pipeline\\Pipeline->then()
#53 /home/ouknik/Desktop/brahim_projects/j/j v2/jeunesscar/framework/vendor/laravel/framework/src/Illuminate/Foundation/Http/Kernel.php(144): Illuminate\\Foundation\\Http\\Kernel->sendRequestThroughRouter()
#54 /home/ouknik/Desktop/brahim_projects/j/j v2/jeunesscar/index.php(13): Illuminate\\Foundation\\Http\\Kernel->handle()
#55 {main}
"} 
[2025-05-17 20:34:34] local.ERROR: Undefined variable $data {"view":{"view":"/home/ouknik/Desktop/brahim_projects/j/j v2/jeunesscar/framework/resources/views/reception/index.blade.php","data":[]},"userId":1,"exception":"[object] (Spatie\\LaravelIgnition\\Exceptions\\ViewException(code: 0): Undefined variable $data at /home/ouknik/Desktop/brahim_projects/j/j v2/jeunesscar/framework/resources/views/reception/index.blade.php:21)
[stacktrace]
#0 /home/ouknik/Desktop/brahim_projects/j/j v2/jeunesscar/framework/vendor/laravel/framework/src/Illuminate/Filesystem/Filesystem.php(123): require('...')
#1 /home/ouknik/Desktop/brahim_projects/j/j v2/jeunesscar/framework/vendor/laravel/framework/src/Illuminate/Filesystem/Filesystem.php(124): Illuminate\\Filesystem\\Filesystem::Illuminate\\Filesystem\\{closure}()
#2 /home/ouknik/Desktop/brahim_projects/j/j v2/jeunesscar/framework/vendor/laravel/framework/src/Illuminate/View/Engines/PhpEngine.php(58): Illuminate\\Filesystem\\Filesystem->getRequire()
#3 /home/ouknik/Desktop/brahim_projects/j/j v2/jeunesscar/framework/vendor/laravel/framework/src/Illuminate/View/Engines/CompilerEngine.php(72): Illuminate\\View\\Engines\\PhpEngine->evaluatePath()
#4 /home/ouknik/Desktop/brahim_projects/j/j v2/jeunesscar/framework/vendor/laravel/framework/src/Illuminate/View/View.php(207): Illuminate\\View\\Engines\\CompilerEngine->get()
#5 /home/ouknik/Desktop/brahim_projects/j/j v2/jeunesscar/framework/vendor/laravel/framework/src/Illuminate/View/View.php(190): Illuminate\\View\\View->getContents()
#6 /home/ouknik/Desktop/brahim_projects/j/j v2/jeunesscar/framework/vendor/laravel/framework/src/Illuminate/View/View.php(159): Illuminate\\View\\View->renderContents()
#7 /home/ouknik/Desktop/brahim_projects/j/j v2/jeunesscar/framework/vendor/laravel/framework/src/Illuminate/Http/Response.php(69): Illuminate\\View\\View->render()
#8 /home/ouknik/Desktop/brahim_projects/j/j v2/jeunesscar/framework/vendor/laravel/framework/src/Illuminate/Http/Response.php(35): Illuminate\\Http\\Response->setContent()
#9 /home/ouknik/Desktop/brahim_projects/j/j v2/jeunesscar/framework/vendor/laravel/framework/src/Illuminate/Routing/Router.php(918): Illuminate\\Http\\Response->__construct()
#10 /home/ouknik/Desktop/brahim_projects/j/j v2/jeunesscar/framework/vendor/laravel/framework/src/Illuminate/Routing/Router.php(885): Illuminate\\Routing\\Router::toResponse()
#11 /home/ouknik/Desktop/brahim_projects/j/j v2/jeunesscar/framework/vendor/laravel/framework/src/Illuminate/Routing/Router.php(805): Illuminate\\Routing\\Router->prepareResponse()
#12 /home/ouknik/Desktop/brahim_projects/j/j v2/jeunesscar/framework/vendor/laravel/framework/src/Illuminate/Pipeline/Pipeline.php(144): Illuminate\\Routing\\Router->Illuminate\\Routing\\{closure}()
#13 /home/ouknik/Desktop/brahim_projects/j/j v2/jeunesscar/framework/vendor/spatie/laravel-permission/src/Middlewares/PermissionMiddleware.php(24): Illuminate\\Pipeline\\Pipeline->Illuminate\\Pipeline\\{closure}()
#14 /home/ouknik/Desktop/brahim_projects/j/j v2/jeunesscar/framework/vendor/laravel/framework/src/Illuminate/Pipeline/Pipeline.php(183): Spatie\\Permission\\Middlewares\\PermissionMiddleware->handle()
#15 /home/ouknik/Desktop/brahim_projects/j/j v2/jeunesscar/framework/app/Http/Middleware/SetLocale.php(37): Illuminate\\Pipeline\\Pipeline->Illuminate\\Pipeline\\{closure}()
#16 /home/ouknik/Desktop/brahim_projects/j/j v2/jeunesscar/framework/vendor/laravel/framework/src/Illuminate/Pipeline/Pipeline.php(183): App\\Http\\Middleware\\SetLocale->handle()
#17 /home/ouknik/Desktop/brahim_projects/j/j v2/jeunesscar/framework/vendor/laravel/framework/src/Illuminate/Routing/Middleware/SubstituteBindings.php(50): Illuminate\\Pipeline\\Pipeline->Illuminate\\Pipeline\\{closure}()
#18 /home/ouknik/Desktop/brahim_projects/j/j v2/jeunesscar/framework/vendor/laravel/framework/src/Illuminate/Pipeline/Pipeline.php(183): Illuminate\\Routing\\Middleware\\SubstituteBindings->handle()
#19 /home/ouknik/Desktop/brahim_projects/j/j v2/jeunesscar/framework/vendor/laravel/framework/src/Illuminate/Auth/Middleware/Authenticate.php(57): Illuminate\\Pipeline\\Pipeline->Illuminate\\Pipeline\\{closure}()
#20 /home/ouknik/Desktop/brahim_projects/j/j v2/jeunesscar/framework/vendor/laravel/framework/src/Illuminate/Pipeline/Pipeline.php(183): Illuminate\\Auth\\Middleware\\Authenticate->handle()
#21 /home/ouknik/Desktop/brahim_projects/j/j v2/jeunesscar/framework/vendor/laravel/framework/src/Illuminate/Foundation/Http/Middleware/VerifyCsrfToken.php(78): Illuminate\\Pipeline\\Pipeline->Illuminate\\Pipeline\\{closure}()
#22 /home/ouknik/Desktop/brahim_projects/j/j v2/jeunesscar/framework/vendor/laravel/framework/src/Illuminate/Pipeline/Pipeline.php(183): Illuminate\\Foundation\\Http\\Middleware\\VerifyCsrfToken->handle()
#23 /home/ouknik/Desktop/brahim_projects/j/j v2/jeunesscar/framework/vendor/laravel/framework/src/Illuminate/View/Middleware/ShareErrorsFromSession.php(49): Illuminate\\Pipeline\\Pipeline->Illuminate\\Pipeline\\{closure}()
#24 /home/ouknik/Desktop/brahim_projects/j/j v2/jeunesscar/framework/vendor/laravel/framework/src/Illuminate/Pipeline/Pipeline.php(183): Illuminate\\View\\Middleware\\ShareErrorsFromSession->handle()
#25 /home/ouknik/Desktop/brahim_projects/j/j v2/jeunesscar/framework/vendor/laravel/framework/src/Illuminate/Session/Middleware/StartSession.php(121): Illuminate\\Pipeline\\Pipeline->Illuminate\\Pipeline\\{closure}()
#26 /home/ouknik/Desktop/brahim_projects/j/j v2/jeunesscar/framework/vendor/laravel/framework/src/Illuminate/Session/Middleware/StartSession.php(64): Illuminate\\Session\\Middleware\\StartSession->handleStatefulRequest()
#27 /home/ouknik/Desktop/brahim_projects/j/j v2/jeunesscar/framework/vendor/laravel/framework/src/Illuminate/Pipeline/Pipeline.php(183): Illuminate\\Session\\Middleware\\StartSession->handle()
#28 /home/ouknik/Desktop/brahim_projects/j/j v2/jeunesscar/framework/vendor/laravel/framework/src/Illuminate/Cookie/Middleware/AddQueuedCookiesToResponse.php(37): Illuminate\\Pipeline\\Pipeline->Illuminate\\Pipeline\\{closure}()
#29 /home/ouknik/Desktop/brahim_projects/j/j v2/jeunesscar/framework/vendor/laravel/framework/src/Illuminate/Pipeline/Pipeline.php(183): Illuminate\\Cookie\\Middleware\\AddQueuedCookiesToResponse->handle()
#30 /home/ouknik/Desktop/brahim_projects/j/j v2/jeunesscar/framework/vendor/laravel/framework/src/Illuminate/Cookie/Middleware/EncryptCookies.php(67): Illuminate\\Pipeline\\Pipeline->Illuminate\\Pipeline\\{closure}()
#31 /home/ouknik/Desktop/brahim_projects/j/j v2/jeunesscar/framework/vendor/laravel/framework/src/Illuminate/Pipeline/Pipeline.php(183): Illuminate\\Cookie\\Middleware\\EncryptCookies->handle()
#32 /home/ouknik/Desktop/brahim_projects/j/j v2/jeunesscar/framework/vendor/laravel/framework/src/Illuminate/Pipeline/Pipeline.php(119): Illuminate\\Pipeline\\Pipeline->Illuminate\\Pipeline\\{closure}()
#33 /home/ouknik/Desktop/brahim_projects/j/j v2/jeunesscar/framework/vendor/laravel/framework/src/Illuminate/Routing/Router.php(805): Illuminate\\Pipeline\\Pipeline->then()
#34 /home/ouknik/Desktop/brahim_projects/j/j v2/jeunesscar/framework/vendor/laravel/framework/src/Illuminate/Routing/Router.php(784): Illuminate\\Routing\\Router->runRouteWithinStack()
#35 /home/ouknik/Desktop/brahim_projects/j/j v2/jeunesscar/framework/vendor/laravel/framework/src/Illuminate/Routing/Router.php(748): Illuminate\\Routing\\Router->runRoute()
#36 /home/ouknik/Desktop/brahim_projects/j/j v2/jeunesscar/framework/vendor/laravel/framework/src/Illuminate/Routing/Router.php(737): Illuminate\\Routing\\Router->dispatchToRoute()
#37 /home/ouknik/Desktop/brahim_projects/j/j v2/jeunesscar/framework/vendor/laravel/framework/src/Illuminate/Foundation/Http/Kernel.php(200): Illuminate\\Routing\\Router->dispatch()
#38 /home/ouknik/Desktop/brahim_projects/j/j v2/jeunesscar/framework/vendor/laravel/framework/src/Illuminate/Pipeline/Pipeline.php(144): Illuminate\\Foundation\\Http\\Kernel->Illuminate\\Foundation\\Http\\{closure}()
#39 /home/ouknik/Desktop/brahim_projects/j/j v2/jeunesscar/framework/vendor/laravel/framework/src/Illuminate/Foundation/Http/Middleware/TransformsRequest.php(21): Illuminate\\Pipeline\\Pipeline->Illuminate\\Pipeline\\{closure}()
#40 /home/ouknik/Desktop/brahim_projects/j/j v2/jeunesscar/framework/vendor/laravel/framework/src/Illuminate/Foundation/Http/Middleware/ConvertEmptyStringsToNull.php(31): Illuminate\\Foundation\\Http\\Middleware\\TransformsRequest->handle()
#41 /home/ouknik/Desktop/brahim_projects/j/j v2/jeunesscar/framework/vendor/laravel/framework/src/Illuminate/Pipeline/Pipeline.php(183): Illuminate\\Foundation\\Http\\Middleware\\ConvertEmptyStringsToNull->handle()
#42 /home/ouknik/Desktop/brahim_projects/j/j v2/jeunesscar/framework/vendor/laravel/framework/src/Illuminate/Foundation/Http/Middleware/TransformsRequest.php(21): Illuminate\\Pipeline\\Pipeline->Illuminate\\Pipeline\\{closure}()
#43 /home/ouknik/Desktop/brahim_projects/j/j v2/jeunesscar/framework/vendor/laravel/framework/src/Illuminate/Foundation/Http/Middleware/TrimStrings.php(40): Illuminate\\Foundation\\Http\\Middleware\\TransformsRequest->handle()
#44 /home/ouknik/Desktop/brahim_projects/j/j v2/jeunesscar/framework/vendor/laravel/framework/src/Illuminate/Pipeline/Pipeline.php(183): Illuminate\\Foundation\\Http\\Middleware\\TrimStrings->handle()
#45 /home/ouknik/Desktop/brahim_projects/j/j v2/jeunesscar/framework/vendor/laravel/framework/src/Illuminate/Foundation/Http/Middleware/ValidatePostSize.php(27): Illuminate\\Pipeline\\Pipeline->Illuminate\\Pipeline\\{closure}()
#46 /home/ouknik/Desktop/brahim_projects/j/j v2/jeunesscar/framework/vendor/laravel/framework/src/Illuminate/Pipeline/Pipeline.php(183): Illuminate\\Foundation\\Http\\Middleware\\ValidatePostSize->handle()
#47 /home/ouknik/Desktop/brahim_projects/j/j v2/jeunesscar/framework/vendor/laravel/framework/src/Illuminate/Foundation/Http/Middleware/PreventRequestsDuringMaintenance.php(99): Illuminate\\Pipeline\\Pipeline->Illuminate\\Pipeline\\{closure}()
#48 /home/ouknik/Desktop/brahim_projects/j/j v2/jeunesscar/framework/vendor/laravel/framework/src/Illuminate/Pipeline/Pipeline.php(183): Illuminate\\Foundation\\Http\\Middleware\\PreventRequestsDuringMaintenance->handle()
#49 /home/ouknik/Desktop/brahim_projects/j/j v2/jeunesscar/framework/vendor/laravel/framework/src/Illuminate/Pipeline/Pipeline.php(119): Illuminate\\Pipeline\\Pipeline->Illuminate\\Pipeline\\{closure}()
#50 /home/ouknik/Desktop/brahim_projects/j/j v2/jeunesscar/framework/vendor/laravel/framework/src/Illuminate/Foundation/Http/Kernel.php(175): Illuminate\\Pipeline\\Pipeline->then()
#51 /home/ouknik/Desktop/brahim_projects/j/j v2/jeunesscar/framework/vendor/laravel/framework/src/Illuminate/Foundation/Http/Kernel.php(144): Illuminate\\Foundation\\Http\\Kernel->sendRequestThroughRouter()
#52 /home/ouknik/Desktop/brahim_projects/j/j v2/jeunesscar/index.php(13): Illuminate\\Foundation\\Http\\Kernel->handle()
#53 {main}

[previous exception] [object] (ErrorException(code: 0): Undefined variable $data at /home/ouknik/Desktop/brahim_projects/j/j v2/jeunesscar/framework/storage/framework/views/5ea7a2139a66afb43a1f1f4d6e4a1c4f.php:19)
[stacktrace]
#0 /home/ouknik/Desktop/brahim_projects/j/j v2/jeunesscar/framework/vendor/laravel/framework/src/Illuminate/Foundation/Bootstrap/HandleExceptions.php(255): Illuminate\\Foundation\\Bootstrap\\HandleExceptions->handleError()
#1 /home/ouknik/Desktop/brahim_projects/j/j v2/jeunesscar/framework/storage/framework/views/5ea7a2139a66afb43a1f1f4d6e4a1c4f.php(19): Illuminate\\Foundation\\Bootstrap\\HandleExceptions->Illuminate\\Foundation\\Bootstrap\\{closure}()
#2 /home/ouknik/Desktop/brahim_projects/j/j v2/jeunesscar/framework/vendor/laravel/framework/src/Illuminate/Filesystem/Filesystem.php(123): require('...')
#3 /home/ouknik/Desktop/brahim_projects/j/j v2/jeunesscar/framework/vendor/laravel/framework/src/Illuminate/Filesystem/Filesystem.php(124): Illuminate\\Filesystem\\Filesystem::Illuminate\\Filesystem\\{closure}()
#4 /home/ouknik/Desktop/brahim_projects/j/j v2/jeunesscar/framework/vendor/laravel/framework/src/Illuminate/View/Engines/PhpEngine.php(58): Illuminate\\Filesystem\\Filesystem->getRequire()
#5 /home/ouknik/Desktop/brahim_projects/j/j v2/jeunesscar/framework/vendor/laravel/framework/src/Illuminate/View/Engines/CompilerEngine.php(72): Illuminate\\View\\Engines\\PhpEngine->evaluatePath()
#6 /home/ouknik/Desktop/brahim_projects/j/j v2/jeunesscar/framework/vendor/laravel/framework/src/Illuminate/View/View.php(207): Illuminate\\View\\Engines\\CompilerEngine->get()
#7 /home/ouknik/Desktop/brahim_projects/j/j v2/jeunesscar/framework/vendor/laravel/framework/src/Illuminate/View/View.php(190): Illuminate\\View\\View->getContents()
#8 /home/ouknik/Desktop/brahim_projects/j/j v2/jeunesscar/framework/vendor/laravel/framework/src/Illuminate/View/View.php(159): Illuminate\\View\\View->renderContents()
#9 /home/ouknik/Desktop/brahim_projects/j/j v2/jeunesscar/framework/vendor/laravel/framework/src/Illuminate/Http/Response.php(69): Illuminate\\View\\View->render()
#10 /home/ouknik/Desktop/brahim_projects/j/j v2/jeunesscar/framework/vendor/laravel/framework/src/Illuminate/Http/Response.php(35): Illuminate\\Http\\Response->setContent()
#11 /home/ouknik/Desktop/brahim_projects/j/j v2/jeunesscar/framework/vendor/laravel/framework/src/Illuminate/Routing/Router.php(918): Illuminate\\Http\\Response->__construct()
#12 /home/ouknik/Desktop/brahim_projects/j/j v2/jeunesscar/framework/vendor/laravel/framework/src/Illuminate/Routing/Router.php(885): Illuminate\\Routing\\Router::toResponse()
#13 /home/ouknik/Desktop/brahim_projects/j/j v2/jeunesscar/framework/vendor/laravel/framework/src/Illuminate/Routing/Router.php(805): Illuminate\\Routing\\Router->prepareResponse()
#14 /home/ouknik/Desktop/brahim_projects/j/j v2/jeunesscar/framework/vendor/laravel/framework/src/Illuminate/Pipeline/Pipeline.php(144): Illuminate\\Routing\\Router->Illuminate\\Routing\\{closure}()
#15 /home/ouknik/Desktop/brahim_projects/j/j v2/jeunesscar/framework/vendor/spatie/laravel-permission/src/Middlewares/PermissionMiddleware.php(24): Illuminate\\Pipeline\\Pipeline->Illuminate\\Pipeline\\{closure}()
#16 /home/ouknik/Desktop/brahim_projects/j/j v2/jeunesscar/framework/vendor/laravel/framework/src/Illuminate/Pipeline/Pipeline.php(183): Spatie\\Permission\\Middlewares\\PermissionMiddleware->handle()
#17 /home/ouknik/Desktop/brahim_projects/j/j v2/jeunesscar/framework/app/Http/Middleware/SetLocale.php(37): Illuminate\\Pipeline\\Pipeline->Illuminate\\Pipeline\\{closure}()
#18 /home/ouknik/Desktop/brahim_projects/j/j v2/jeunesscar/framework/vendor/laravel/framework/src/Illuminate/Pipeline/Pipeline.php(183): App\\Http\\Middleware\\SetLocale->handle()
#19 /home/ouknik/Desktop/brahim_projects/j/j v2/jeunesscar/framework/vendor/laravel/framework/src/Illuminate/Routing/Middleware/SubstituteBindings.php(50): Illuminate\\Pipeline\\Pipeline->Illuminate\\Pipeline\\{closure}()
#20 /home/ouknik/Desktop/brahim_projects/j/j v2/jeunesscar/framework/vendor/laravel/framework/src/Illuminate/Pipeline/Pipeline.php(183): Illuminate\\Routing\\Middleware\\SubstituteBindings->handle()
#21 /home/ouknik/Desktop/brahim_projects/j/j v2/jeunesscar/framework/vendor/laravel/framework/src/Illuminate/Auth/Middleware/Authenticate.php(57): Illuminate\\Pipeline\\Pipeline->Illuminate\\Pipeline\\{closure}()
#22 /home/ouknik/Desktop/brahim_projects/j/j v2/jeunesscar/framework/vendor/laravel/framework/src/Illuminate/Pipeline/Pipeline.php(183): Illuminate\\Auth\\Middleware\\Authenticate->handle()
#23 /home/ouknik/Desktop/brahim_projects/j/j v2/jeunesscar/framework/vendor/laravel/framework/src/Illuminate/Foundation/Http/Middleware/VerifyCsrfToken.php(78): Illuminate\\Pipeline\\Pipeline->Illuminate\\Pipeline\\{closure}()
#24 /home/ouknik/Desktop/brahim_projects/j/j v2/jeunesscar/framework/vendor/laravel/framework/src/Illuminate/Pipeline/Pipeline.php(183): Illuminate\\Foundation\\Http\\Middleware\\VerifyCsrfToken->handle()
#25 /home/ouknik/Desktop/brahim_projects/j/j v2/jeunesscar/framework/vendor/laravel/framework/src/Illuminate/View/Middleware/ShareErrorsFromSession.php(49): Illuminate\\Pipeline\\Pipeline->Illuminate\\Pipeline\\{closure}()
#26 /home/ouknik/Desktop/brahim_projects/j/j v2/jeunesscar/framework/vendor/laravel/framework/src/Illuminate/Pipeline/Pipeline.php(183): Illuminate\\View\\Middleware\\ShareErrorsFromSession->handle()
#27 /home/ouknik/Desktop/brahim_projects/j/j v2/jeunesscar/framework/vendor/laravel/framework/src/Illuminate/Session/Middleware/StartSession.php(121): Illuminate\\Pipeline\\Pipeline->Illuminate\\Pipeline\\{closure}()
#28 /home/ouknik/Desktop/brahim_projects/j/j v2/jeunesscar/framework/vendor/laravel/framework/src/Illuminate/Session/Middleware/StartSession.php(64): Illuminate\\Session\\Middleware\\StartSession->handleStatefulRequest()
#29 /home/ouknik/Desktop/brahim_projects/j/j v2/jeunesscar/framework/vendor/laravel/framework/src/Illuminate/Pipeline/Pipeline.php(183): Illuminate\\Session\\Middleware\\StartSession->handle()
#30 /home/ouknik/Desktop/brahim_projects/j/j v2/jeunesscar/framework/vendor/laravel/framework/src/Illuminate/Cookie/Middleware/AddQueuedCookiesToResponse.php(37): Illuminate\\Pipeline\\Pipeline->Illuminate\\Pipeline\\{closure}()
#31 /home/ouknik/Desktop/brahim_projects/j/j v2/jeunesscar/framework/vendor/laravel/framework/src/Illuminate/Pipeline/Pipeline.php(183): Illuminate\\Cookie\\Middleware\\AddQueuedCookiesToResponse->handle()
#32 /home/ouknik/Desktop/brahim_projects/j/j v2/jeunesscar/framework/vendor/laravel/framework/src/Illuminate/Cookie/Middleware/EncryptCookies.php(67): Illuminate\\Pipeline\\Pipeline->Illuminate\\Pipeline\\{closure}()
#33 /home/ouknik/Desktop/brahim_projects/j/j v2/jeunesscar/framework/vendor/laravel/framework/src/Illuminate/Pipeline/Pipeline.php(183): Illuminate\\Cookie\\Middleware\\EncryptCookies->handle()
#34 /home/ouknik/Desktop/brahim_projects/j/j v2/jeunesscar/framework/vendor/laravel/framework/src/Illuminate/Pipeline/Pipeline.php(119): Illuminate\\Pipeline\\Pipeline->Illuminate\\Pipeline\\{closure}()
#35 /home/ouknik/Desktop/brahim_projects/j/j v2/jeunesscar/framework/vendor/laravel/framework/src/Illuminate/Routing/Router.php(805): Illuminate\\Pipeline\\Pipeline->then()
#36 /home/ouknik/Desktop/brahim_projects/j/j v2/jeunesscar/framework/vendor/laravel/framework/src/Illuminate/Routing/Router.php(784): Illuminate\\Routing\\Router->runRouteWithinStack()
#37 /home/ouknik/Desktop/brahim_projects/j/j v2/jeunesscar/framework/vendor/laravel/framework/src/Illuminate/Routing/Router.php(748): Illuminate\\Routing\\Router->runRoute()
#38 /home/ouknik/Desktop/brahim_projects/j/j v2/jeunesscar/framework/vendor/laravel/framework/src/Illuminate/Routing/Router.php(737): Illuminate\\Routing\\Router->dispatchToRoute()
#39 /home/ouknik/Desktop/brahim_projects/j/j v2/jeunesscar/framework/vendor/laravel/framework/src/Illuminate/Foundation/Http/Kernel.php(200): Illuminate\\Routing\\Router->dispatch()
#40 /home/ouknik/Desktop/brahim_projects/j/j v2/jeunesscar/framework/vendor/laravel/framework/src/Illuminate/Pipeline/Pipeline.php(144): Illuminate\\Foundation\\Http\\Kernel->Illuminate\\Foundation\\Http\\{closure}()
#41 /home/ouknik/Desktop/brahim_projects/j/j v2/jeunesscar/framework/vendor/laravel/framework/src/Illuminate/Foundation/Http/Middleware/TransformsRequest.php(21): Illuminate\\Pipeline\\Pipeline->Illuminate\\Pipeline\\{closure}()
#42 /home/ouknik/Desktop/brahim_projects/j/j v2/jeunesscar/framework/vendor/laravel/framework/src/Illuminate/Foundation/Http/Middleware/ConvertEmptyStringsToNull.php(31): Illuminate\\Foundation\\Http\\Middleware\\TransformsRequest->handle()
#43 /home/ouknik/Desktop/brahim_projects/j/j v2/jeunesscar/framework/vendor/laravel/framework/src/Illuminate/Pipeline/Pipeline.php(183): Illuminate\\Foundation\\Http\\Middleware\\ConvertEmptyStringsToNull->handle()
#44 /home/ouknik/Desktop/brahim_projects/j/j v2/jeunesscar/framework/vendor/laravel/framework/src/Illuminate/Foundation/Http/Middleware/TransformsRequest.php(21): Illuminate\\Pipeline\\Pipeline->Illuminate\\Pipeline\\{closure}()
#45 /home/ouknik/Desktop/brahim_projects/j/j v2/jeunesscar/framework/vendor/laravel/framework/src/Illuminate/Foundation/Http/Middleware/TrimStrings.php(40): Illuminate\\Foundation\\Http\\Middleware\\TransformsRequest->handle()
#46 /home/ouknik/Desktop/brahim_projects/j/j v2/jeunesscar/framework/vendor/laravel/framework/src/Illuminate/Pipeline/Pipeline.php(183): Illuminate\\Foundation\\Http\\Middleware\\TrimStrings->handle()
#47 /home/ouknik/Desktop/brahim_projects/j/j v2/jeunesscar/framework/vendor/laravel/framework/src/Illuminate/Foundation/Http/Middleware/ValidatePostSize.php(27): Illuminate\\Pipeline\\Pipeline->Illuminate\\Pipeline\\{closure}()
#48 /home/ouknik/Desktop/brahim_projects/j/j v2/jeunesscar/framework/vendor/laravel/framework/src/Illuminate/Pipeline/Pipeline.php(183): Illuminate\\Foundation\\Http\\Middleware\\ValidatePostSize->handle()
#49 /home/ouknik/Desktop/brahim_projects/j/j v2/jeunesscar/framework/vendor/laravel/framework/src/Illuminate/Foundation/Http/Middleware/PreventRequestsDuringMaintenance.php(99): Illuminate\\Pipeline\\Pipeline->Illuminate\\Pipeline\\{closure}()
#50 /home/ouknik/Desktop/brahim_projects/j/j v2/jeunesscar/framework/vendor/laravel/framework/src/Illuminate/Pipeline/Pipeline.php(183): Illuminate\\Foundation\\Http\\Middleware\\PreventRequestsDuringMaintenance->handle()
#51 /home/ouknik/Desktop/brahim_projects/j/j v2/jeunesscar/framework/vendor/laravel/framework/src/Illuminate/Pipeline/Pipeline.php(119): Illuminate\\Pipeline\\Pipeline->Illuminate\\Pipeline\\{closure}()
#52 /home/ouknik/Desktop/brahim_projects/j/j v2/jeunesscar/framework/vendor/laravel/framework/src/Illuminate/Foundation/Http/Kernel.php(175): Illuminate\\Pipeline\\Pipeline->then()
#53 /home/ouknik/Desktop/brahim_projects/j/j v2/jeunesscar/framework/vendor/laravel/framework/src/Illuminate/Foundation/Http/Kernel.php(144): Illuminate\\Foundation\\Http\\Kernel->sendRequestThroughRouter()
#54 /home/ouknik/Desktop/brahim_projects/j/j v2/jeunesscar/index.php(13): Illuminate\\Foundation\\Http\\Kernel->handle()
#55 {main}
"} 
[2025-05-17 20:37:13] local.ERROR: SQLSTATE[42S22]: Column not found: 1054 Unknown column 'updated_at' in 'field list' (Connection: mysql, SQL: insert into `reception_media` (`reception_id`, `file_path`, `file_type`, `updated_at`, `created_at`) values (7, reception_media/f6572018-e77f-4b74-be6e-4677269a5910.png, image, 2025-05-17 20:37:13, 2025-05-17 20:37:13)) {"userId":1,"exception":"[object] (Illuminate\\Database\\QueryException(code: 42S22): SQLSTATE[42S22]: Column not found: 1054 Unknown column 'updated_at' in 'field list' (Connection: mysql, SQL: insert into `reception_media` (`reception_id`, `file_path`, `file_type`, `updated_at`, `created_at`) values (7, reception_media/f6572018-e77f-4b74-be6e-4677269a5910.png, image, 2025-05-17 20:37:13, 2025-05-17 20:37:13)) at /home/ouknik/Desktop/brahim_projects/j/j v2/jeunesscar/framework/vendor/laravel/framework/src/Illuminate/Database/Connection.php:829)
[stacktrace]
#0 /home/ouknik/Desktop/brahim_projects/j/j v2/jeunesscar/framework/vendor/laravel/framework/src/Illuminate/Database/Connection.php(783): Illuminate\\Database\\Connection->runQueryCallback()
#1 /home/ouknik/Desktop/brahim_projects/j/j v2/jeunesscar/framework/vendor/laravel/framework/src/Illuminate/Database/MySqlConnection.php(34): Illuminate\\Database\\Connection->run()
#2 /home/ouknik/Desktop/brahim_projects/j/j v2/jeunesscar/framework/vendor/laravel/framework/src/Illuminate/Database/Query/Processors/MySqlProcessor.php(35): Illuminate\\Database\\MySqlConnection->insert()
#3 /home/ouknik/Desktop/brahim_projects/j/j v2/jeunesscar/framework/vendor/laravel/framework/src/Illuminate/Database/Query/Builder.php(3549): Illuminate\\Database\\Query\\Processors\\MySqlProcessor->processInsertGetId()
#4 /home/ouknik/Desktop/brahim_projects/j/j v2/jeunesscar/framework/vendor/laravel/framework/src/Illuminate/Database/Eloquent/Builder.php(1982): Illuminate\\Database\\Query\\Builder->insertGetId()
#5 /home/ouknik/Desktop/brahim_projects/j/j v2/jeunesscar/framework/vendor/laravel/framework/src/Illuminate/Database/Eloquent/Model.php(1334): Illuminate\\Database\\Eloquent\\Builder->__call()
#6 /home/ouknik/Desktop/brahim_projects/j/j v2/jeunesscar/framework/vendor/laravel/framework/src/Illuminate/Database/Eloquent/Model.php(1299): Illuminate\\Database\\Eloquent\\Model->insertAndSetId()
#7 /home/ouknik/Desktop/brahim_projects/j/j v2/jeunesscar/framework/vendor/laravel/framework/src/Illuminate/Database/Eloquent/Model.php(1138): Illuminate\\Database\\Eloquent\\Model->performInsert()
#8 /home/ouknik/Desktop/brahim_projects/j/j v2/jeunesscar/framework/vendor/laravel/framework/src/Illuminate/Database/Eloquent/Builder.php(1025): Illuminate\\Database\\Eloquent\\Model->save()
#9 /home/ouknik/Desktop/brahim_projects/j/j v2/jeunesscar/framework/vendor/laravel/framework/src/Illuminate/Support/helpers.php(320): Illuminate\\Database\\Eloquent\\Builder->Illuminate\\Database\\Eloquent\\{closure}()
#10 /home/ouknik/Desktop/brahim_projects/j/j v2/jeunesscar/framework/vendor/laravel/framework/src/Illuminate/Database/Eloquent/Builder.php(1024): tap()
#11 /home/ouknik/Desktop/brahim_projects/j/j v2/jeunesscar/framework/vendor/laravel/framework/src/Illuminate/Support/Traits/ForwardsCalls.php(23): Illuminate\\Database\\Eloquent\\Builder->create()
#12 /home/ouknik/Desktop/brahim_projects/j/j v2/jeunesscar/framework/vendor/laravel/framework/src/Illuminate/Database/Eloquent/Model.php(2335): Illuminate\\Database\\Eloquent\\Model->forwardCallTo()
#13 /home/ouknik/Desktop/brahim_projects/j/j v2/jeunesscar/framework/vendor/laravel/framework/src/Illuminate/Database/Eloquent/Model.php(2347): Illuminate\\Database\\Eloquent\\Model->__call()
#14 /home/ouknik/Desktop/brahim_projects/j/j v2/jeunesscar/framework/app/Http/Controllers/Admin/ReceptionController.php(179): Illuminate\\Database\\Eloquent\\Model::__callStatic()
#15 /home/ouknik/Desktop/brahim_projects/j/j v2/jeunesscar/framework/vendor/laravel/framework/src/Illuminate/Routing/Controller.php(54): App\\Http\\Controllers\\Admin\\ReceptionController->store()
#16 /home/ouknik/Desktop/brahim_projects/j/j v2/jeunesscar/framework/vendor/laravel/framework/src/Illuminate/Routing/ControllerDispatcher.php(43): Illuminate\\Routing\\Controller->callAction()
#17 /home/ouknik/Desktop/brahim_projects/j/j v2/jeunesscar/framework/vendor/laravel/framework/src/Illuminate/Routing/Route.php(259): Illuminate\\Routing\\ControllerDispatcher->dispatch()
#18 /home/ouknik/Desktop/brahim_projects/j/j v2/jeunesscar/framework/vendor/laravel/framework/src/Illuminate/Routing/Route.php(205): Illuminate\\Routing\\Route->runController()
#19 /home/ouknik/Desktop/brahim_projects/j/j v2/jeunesscar/framework/vendor/laravel/framework/src/Illuminate/Routing/Router.php(806): Illuminate\\Routing\\Route->run()
#20 /home/ouknik/Desktop/brahim_projects/j/j v2/jeunesscar/framework/vendor/laravel/framework/src/Illuminate/Pipeline/Pipeline.php(144): Illuminate\\Routing\\Router->Illuminate\\Routing\\{closure}()
#21 /home/ouknik/Desktop/brahim_projects/j/j v2/jeunesscar/framework/vendor/spatie/laravel-permission/src/Middlewares/PermissionMiddleware.php(24): Illuminate\\Pipeline\\Pipeline->Illuminate\\Pipeline\\{closure}()
#22 /home/ouknik/Desktop/brahim_projects/j/j v2/jeunesscar/framework/vendor/laravel/framework/src/Illuminate/Pipeline/Pipeline.php(183): Spatie\\Permission\\Middlewares\\PermissionMiddleware->handle()
#23 /home/ouknik/Desktop/brahim_projects/j/j v2/jeunesscar/framework/app/Http/Middleware/SetLocale.php(37): Illuminate\\Pipeline\\Pipeline->Illuminate\\Pipeline\\{closure}()
#24 /home/ouknik/Desktop/brahim_projects/j/j v2/jeunesscar/framework/vendor/laravel/framework/src/Illuminate/Pipeline/Pipeline.php(183): App\\Http\\Middleware\\SetLocale->handle()
#25 /home/ouknik/Desktop/brahim_projects/j/j v2/jeunesscar/framework/vendor/laravel/framework/src/Illuminate/Routing/Middleware/SubstituteBindings.php(50): Illuminate\\Pipeline\\Pipeline->Illuminate\\Pipeline\\{closure}()
#26 /home/ouknik/Desktop/brahim_projects/j/j v2/jeunesscar/framework/vendor/laravel/framework/src/Illuminate/Pipeline/Pipeline.php(183): Illuminate\\Routing\\Middleware\\SubstituteBindings->handle()
#27 /home/ouknik/Desktop/brahim_projects/j/j v2/jeunesscar/framework/vendor/laravel/framework/src/Illuminate/Auth/Middleware/Authenticate.php(57): Illuminate\\Pipeline\\Pipeline->Illuminate\\Pipeline\\{closure}()
#28 /home/ouknik/Desktop/brahim_projects/j/j v2/jeunesscar/framework/vendor/laravel/framework/src/Illuminate/Pipeline/Pipeline.php(183): Illuminate\\Auth\\Middleware\\Authenticate->handle()
#29 /home/ouknik/Desktop/brahim_projects/j/j v2/jeunesscar/framework/vendor/laravel/framework/src/Illuminate/Foundation/Http/Middleware/VerifyCsrfToken.php(78): Illuminate\\Pipeline\\Pipeline->Illuminate\\Pipeline\\{closure}()
#30 /home/ouknik/Desktop/brahim_projects/j/j v2/jeunesscar/framework/vendor/laravel/framework/src/Illuminate/Pipeline/Pipeline.php(183): Illuminate\\Foundation\\Http\\Middleware\\VerifyCsrfToken->handle()
#31 /home/ouknik/Desktop/brahim_projects/j/j v2/jeunesscar/framework/vendor/laravel/framework/src/Illuminate/View/Middleware/ShareErrorsFromSession.php(49): Illuminate\\Pipeline\\Pipeline->Illuminate\\Pipeline\\{closure}()
#32 /home/ouknik/Desktop/brahim_projects/j/j v2/jeunesscar/framework/vendor/laravel/framework/src/Illuminate/Pipeline/Pipeline.php(183): Illuminate\\View\\Middleware\\ShareErrorsFromSession->handle()
#33 /home/ouknik/Desktop/brahim_projects/j/j v2/jeunesscar/framework/vendor/laravel/framework/src/Illuminate/Session/Middleware/StartSession.php(121): Illuminate\\Pipeline\\Pipeline->Illuminate\\Pipeline\\{closure}()
#34 /home/ouknik/Desktop/brahim_projects/j/j v2/jeunesscar/framework/vendor/laravel/framework/src/Illuminate/Session/Middleware/StartSession.php(64): Illuminate\\Session\\Middleware\\StartSession->handleStatefulRequest()
#35 /home/ouknik/Desktop/brahim_projects/j/j v2/jeunesscar/framework/vendor/laravel/framework/src/Illuminate/Pipeline/Pipeline.php(183): Illuminate\\Session\\Middleware\\StartSession->handle()
#36 /home/ouknik/Desktop/brahim_projects/j/j v2/jeunesscar/framework/vendor/laravel/framework/src/Illuminate/Cookie/Middleware/AddQueuedCookiesToResponse.php(37): Illuminate\\Pipeline\\Pipeline->Illuminate\\Pipeline\\{closure}()
#37 /home/ouknik/Desktop/brahim_projects/j/j v2/jeunesscar/framework/vendor/laravel/framework/src/Illuminate/Pipeline/Pipeline.php(183): Illuminate\\Cookie\\Middleware\\AddQueuedCookiesToResponse->handle()
#38 /home/ouknik/Desktop/brahim_projects/j/j v2/jeunesscar/framework/vendor/laravel/framework/src/Illuminate/Cookie/Middleware/EncryptCookies.php(67): Illuminate\\Pipeline\\Pipeline->Illuminate\\Pipeline\\{closure}()
#39 /home/ouknik/Desktop/brahim_projects/j/j v2/jeunesscar/framework/vendor/laravel/framework/src/Illuminate/Pipeline/Pipeline.php(183): Illuminate\\Cookie\\Middleware\\EncryptCookies->handle()
#40 /home/ouknik/Desktop/brahim_projects/j/j v2/jeunesscar/framework/vendor/laravel/framework/src/Illuminate/Pipeline/Pipeline.php(119): Illuminate\\Pipeline\\Pipeline->Illuminate\\Pipeline\\{closure}()
#41 /home/ouknik/Desktop/brahim_projects/j/j v2/jeunesscar/framework/vendor/laravel/framework/src/Illuminate/Routing/Router.php(805): Illuminate\\Pipeline\\Pipeline->then()
#42 /home/ouknik/Desktop/brahim_projects/j/j v2/jeunesscar/framework/vendor/laravel/framework/src/Illuminate/Routing/Router.php(784): Illuminate\\Routing\\Router->runRouteWithinStack()
#43 /home/ouknik/Desktop/brahim_projects/j/j v2/jeunesscar/framework/vendor/laravel/framework/src/Illuminate/Routing/Router.php(748): Illuminate\\Routing\\Router->runRoute()
#44 /home/ouknik/Desktop/brahim_projects/j/j v2/jeunesscar/framework/vendor/laravel/framework/src/Illuminate/Routing/Router.php(737): Illuminate\\Routing\\Router->dispatchToRoute()
#45 /home/ouknik/Desktop/brahim_projects/j/j v2/jeunesscar/framework/vendor/laravel/framework/src/Illuminate/Foundation/Http/Kernel.php(200): Illuminate\\Routing\\Router->dispatch()
#46 /home/ouknik/Desktop/brahim_projects/j/j v2/jeunesscar/framework/vendor/laravel/framework/src/Illuminate/Pipeline/Pipeline.php(144): Illuminate\\Foundation\\Http\\Kernel->Illuminate\\Foundation\\Http\\{closure}()
#47 /home/ouknik/Desktop/brahim_projects/j/j v2/jeunesscar/framework/vendor/laravel/framework/src/Illuminate/Foundation/Http/Middleware/TransformsRequest.php(21): Illuminate\\Pipeline\\Pipeline->Illuminate\\Pipeline\\{closure}()
#48 /home/ouknik/Desktop/brahim_projects/j/j v2/jeunesscar/framework/vendor/laravel/framework/src/Illuminate/Foundation/Http/Middleware/ConvertEmptyStringsToNull.php(31): Illuminate\\Foundation\\Http\\Middleware\\TransformsRequest->handle()
#49 /home/ouknik/Desktop/brahim_projects/j/j v2/jeunesscar/framework/vendor/laravel/framework/src/Illuminate/Pipeline/Pipeline.php(183): Illuminate\\Foundation\\Http\\Middleware\\ConvertEmptyStringsToNull->handle()
#50 /home/ouknik/Desktop/brahim_projects/j/j v2/jeunesscar/framework/vendor/laravel/framework/src/Illuminate/Foundation/Http/Middleware/TransformsRequest.php(21): Illuminate\\Pipeline\\Pipeline->Illuminate\\Pipeline\\{closure}()
#51 /home/ouknik/Desktop/brahim_projects/j/j v2/jeunesscar/framework/vendor/laravel/framework/src/Illuminate/Foundation/Http/Middleware/TrimStrings.php(40): Illuminate\\Foundation\\Http\\Middleware\\TransformsRequest->handle()
#52 /home/ouknik/Desktop/brahim_projects/j/j v2/jeunesscar/framework/vendor/laravel/framework/src/Illuminate/Pipeline/Pipeline.php(183): Illuminate\\Foundation\\Http\\Middleware\\TrimStrings->handle()
#53 /home/ouknik/Desktop/brahim_projects/j/j v2/jeunesscar/framework/vendor/laravel/framework/src/Illuminate/Foundation/Http/Middleware/ValidatePostSize.php(27): Illuminate\\Pipeline\\Pipeline->Illuminate\\Pipeline\\{closure}()
#54 /home/ouknik/Desktop/brahim_projects/j/j v2/jeunesscar/framework/vendor/laravel/framework/src/Illuminate/Pipeline/Pipeline.php(183): Illuminate\\Foundation\\Http\\Middleware\\ValidatePostSize->handle()
#55 /home/ouknik/Desktop/brahim_projects/j/j v2/jeunesscar/framework/vendor/laravel/framework/src/Illuminate/Foundation/Http/Middleware/PreventRequestsDuringMaintenance.php(99): Illuminate\\Pipeline\\Pipeline->Illuminate\\Pipeline\\{closure}()
#56 /home/ouknik/Desktop/brahim_projects/j/j v2/jeunesscar/framework/vendor/laravel/framework/src/Illuminate/Pipeline/Pipeline.php(183): Illuminate\\Foundation\\Http\\Middleware\\PreventRequestsDuringMaintenance->handle()
#57 /home/ouknik/Desktop/brahim_projects/j/j v2/jeunesscar/framework/vendor/laravel/framework/src/Illuminate/Pipeline/Pipeline.php(119): Illuminate\\Pipeline\\Pipeline->Illuminate\\Pipeline\\{closure}()
#58 /home/ouknik/Desktop/brahim_projects/j/j v2/jeunesscar/framework/vendor/laravel/framework/src/Illuminate/Foundation/Http/Kernel.php(175): Illuminate\\Pipeline\\Pipeline->then()
#59 /home/ouknik/Desktop/brahim_projects/j/j v2/jeunesscar/framework/vendor/laravel/framework/src/Illuminate/Foundation/Http/Kernel.php(144): Illuminate\\Foundation\\Http\\Kernel->sendRequestThroughRouter()
#60 /home/ouknik/Desktop/brahim_projects/j/j v2/jeunesscar/index.php(13): Illuminate\\Foundation\\Http\\Kernel->handle()
#61 {main}

[previous exception] [object] (PDOException(code: 42S22): SQLSTATE[42S22]: Column not found: 1054 Unknown column 'updated_at' in 'field list' at /home/ouknik/Desktop/brahim_projects/j/j v2/jeunesscar/framework/vendor/laravel/framework/src/Illuminate/Database/MySqlConnection.php:39)
[stacktrace]
#0 /home/ouknik/Desktop/brahim_projects/j/j v2/jeunesscar/framework/vendor/laravel/framework/src/Illuminate/Database/MySqlConnection.php(39): PDO->prepare()
#1 /home/ouknik/Desktop/brahim_projects/j/j v2/jeunesscar/framework/vendor/laravel/framework/src/Illuminate/Database/Connection.php(816): Illuminate\\Database\\MySqlConnection->Illuminate\\Database\\{closure}()
#2 /home/ouknik/Desktop/brahim_projects/j/j v2/jeunesscar/framework/vendor/laravel/framework/src/Illuminate/Database/Connection.php(783): Illuminate\\Database\\Connection->runQueryCallback()
#3 /home/ouknik/Desktop/brahim_projects/j/j v2/jeunesscar/framework/vendor/laravel/framework/src/Illuminate/Database/MySqlConnection.php(34): Illuminate\\Database\\Connection->run()
#4 /home/ouknik/Desktop/brahim_projects/j/j v2/jeunesscar/framework/vendor/laravel/framework/src/Illuminate/Database/Query/Processors/MySqlProcessor.php(35): Illuminate\\Database\\MySqlConnection->insert()
#5 /home/ouknik/Desktop/brahim_projects/j/j v2/jeunesscar/framework/vendor/laravel/framework/src/Illuminate/Database/Query/Builder.php(3549): Illuminate\\Database\\Query\\Processors\\MySqlProcessor->processInsertGetId()
#6 /home/ouknik/Desktop/brahim_projects/j/j v2/jeunesscar/framework/vendor/laravel/framework/src/Illuminate/Database/Eloquent/Builder.php(1982): Illuminate\\Database\\Query\\Builder->insertGetId()
#7 /home/ouknik/Desktop/brahim_projects/j/j v2/jeunesscar/framework/vendor/laravel/framework/src/Illuminate/Database/Eloquent/Model.php(1334): Illuminate\\Database\\Eloquent\\Builder->__call()
#8 /home/ouknik/Desktop/brahim_projects/j/j v2/jeunesscar/framework/vendor/laravel/framework/src/Illuminate/Database/Eloquent/Model.php(1299): Illuminate\\Database\\Eloquent\\Model->insertAndSetId()
#9 /home/ouknik/Desktop/brahim_projects/j/j v2/jeunesscar/framework/vendor/laravel/framework/src/Illuminate/Database/Eloquent/Model.php(1138): Illuminate\\Database\\Eloquent\\Model->performInsert()
#10 /home/ouknik/Desktop/brahim_projects/j/j v2/jeunesscar/framework/vendor/laravel/framework/src/Illuminate/Database/Eloquent/Builder.php(1025): Illuminate\\Database\\Eloquent\\Model->save()
#11 /home/ouknik/Desktop/brahim_projects/j/j v2/jeunesscar/framework/vendor/laravel/framework/src/Illuminate/Support/helpers.php(320): Illuminate\\Database\\Eloquent\\Builder->Illuminate\\Database\\Eloquent\\{closure}()
#12 /home/ouknik/Desktop/brahim_projects/j/j v2/jeunesscar/framework/vendor/laravel/framework/src/Illuminate/Database/Eloquent/Builder.php(1024): tap()
#13 /home/ouknik/Desktop/brahim_projects/j/j v2/jeunesscar/framework/vendor/laravel/framework/src/Illuminate/Support/Traits/ForwardsCalls.php(23): Illuminate\\Database\\Eloquent\\Builder->create()
#14 /home/ouknik/Desktop/brahim_projects/j/j v2/jeunesscar/framework/vendor/laravel/framework/src/Illuminate/Database/Eloquent/Model.php(2335): Illuminate\\Database\\Eloquent\\Model->forwardCallTo()
#15 /home/ouknik/Desktop/brahim_projects/j/j v2/jeunesscar/framework/vendor/laravel/framework/src/Illuminate/Database/Eloquent/Model.php(2347): Illuminate\\Database\\Eloquent\\Model->__call()
#16 /home/ouknik/Desktop/brahim_projects/j/j v2/jeunesscar/framework/app/Http/Controllers/Admin/ReceptionController.php(179): Illuminate\\Database\\Eloquent\\Model::__callStatic()
#17 /home/ouknik/Desktop/brahim_projects/j/j v2/jeunesscar/framework/vendor/laravel/framework/src/Illuminate/Routing/Controller.php(54): App\\Http\\Controllers\\Admin\\ReceptionController->store()
#18 /home/ouknik/Desktop/brahim_projects/j/j v2/jeunesscar/framework/vendor/laravel/framework/src/Illuminate/Routing/ControllerDispatcher.php(43): Illuminate\\Routing\\Controller->callAction()
#19 /home/ouknik/Desktop/brahim_projects/j/j v2/jeunesscar/framework/vendor/laravel/framework/src/Illuminate/Routing/Route.php(259): Illuminate\\Routing\\ControllerDispatcher->dispatch()
#20 /home/ouknik/Desktop/brahim_projects/j/j v2/jeunesscar/framework/vendor/laravel/framework/src/Illuminate/Routing/Route.php(205): Illuminate\\Routing\\Route->runController()
#21 /home/ouknik/Desktop/brahim_projects/j/j v2/jeunesscar/framework/vendor/laravel/framework/src/Illuminate/Routing/Router.php(806): Illuminate\\Routing\\Route->run()
#22 /home/ouknik/Desktop/brahim_projects/j/j v2/jeunesscar/framework/vendor/laravel/framework/src/Illuminate/Pipeline/Pipeline.php(144): Illuminate\\Routing\\Router->Illuminate\\Routing\\{closure}()
#23 /home/ouknik/Desktop/brahim_projects/j/j v2/jeunesscar/framework/vendor/spatie/laravel-permission/src/Middlewares/PermissionMiddleware.php(24): Illuminate\\Pipeline\\Pipeline->Illuminate\\Pipeline\\{closure}()
#24 /home/ouknik/Desktop/brahim_projects/j/j v2/jeunesscar/framework/vendor/laravel/framework/src/Illuminate/Pipeline/Pipeline.php(183): Spatie\\Permission\\Middlewares\\PermissionMiddleware->handle()
#25 /home/ouknik/Desktop/brahim_projects/j/j v2/jeunesscar/framework/app/Http/Middleware/SetLocale.php(37): Illuminate\\Pipeline\\Pipeline->Illuminate\\Pipeline\\{closure}()
#26 /home/ouknik/Desktop/brahim_projects/j/j v2/jeunesscar/framework/vendor/laravel/framework/src/Illuminate/Pipeline/Pipeline.php(183): App\\Http\\Middleware\\SetLocale->handle()
#27 /home/ouknik/Desktop/brahim_projects/j/j v2/jeunesscar/framework/vendor/laravel/framework/src/Illuminate/Routing/Middleware/SubstituteBindings.php(50): Illuminate\\Pipeline\\Pipeline->Illuminate\\Pipeline\\{closure}()
#28 /home/ouknik/Desktop/brahim_projects/j/j v2/jeunesscar/framework/vendor/laravel/framework/src/Illuminate/Pipeline/Pipeline.php(183): Illuminate\\Routing\\Middleware\\SubstituteBindings->handle()
#29 /home/ouknik/Desktop/brahim_projects/j/j v2/jeunesscar/framework/vendor/laravel/framework/src/Illuminate/Auth/Middleware/Authenticate.php(57): Illuminate\\Pipeline\\Pipeline->Illuminate\\Pipeline\\{closure}()
#30 /home/ouknik/Desktop/brahim_projects/j/j v2/jeunesscar/framework/vendor/laravel/framework/src/Illuminate/Pipeline/Pipeline.php(183): Illuminate\\Auth\\Middleware\\Authenticate->handle()
#31 /home/ouknik/Desktop/brahim_projects/j/j v2/jeunesscar/framework/vendor/laravel/framework/src/Illuminate/Foundation/Http/Middleware/VerifyCsrfToken.php(78): Illuminate\\Pipeline\\Pipeline->Illuminate\\Pipeline\\{closure}()
#32 /home/ouknik/Desktop/brahim_projects/j/j v2/jeunesscar/framework/vendor/laravel/framework/src/Illuminate/Pipeline/Pipeline.php(183): Illuminate\\Foundation\\Http\\Middleware\\VerifyCsrfToken->handle()
#33 /home/ouknik/Desktop/brahim_projects/j/j v2/jeunesscar/framework/vendor/laravel/framework/src/Illuminate/View/Middleware/ShareErrorsFromSession.php(49): Illuminate\\Pipeline\\Pipeline->Illuminate\\Pipeline\\{closure}()
#34 /home/ouknik/Desktop/brahim_projects/j/j v2/jeunesscar/framework/vendor/laravel/framework/src/Illuminate/Pipeline/Pipeline.php(183): Illuminate\\View\\Middleware\\ShareErrorsFromSession->handle()
#35 /home/ouknik/Desktop/brahim_projects/j/j v2/jeunesscar/framework/vendor/laravel/framework/src/Illuminate/Session/Middleware/StartSession.php(121): Illuminate\\Pipeline\\Pipeline->Illuminate\\Pipeline\\{closure}()
#36 /home/ouknik/Desktop/brahim_projects/j/j v2/jeunesscar/framework/vendor/laravel/framework/src/Illuminate/Session/Middleware/StartSession.php(64): Illuminate\\Session\\Middleware\\StartSession->handleStatefulRequest()
#37 /home/ouknik/Desktop/brahim_projects/j/j v2/jeunesscar/framework/vendor/laravel/framework/src/Illuminate/Pipeline/Pipeline.php(183): Illuminate\\Session\\Middleware\\StartSession->handle()
#38 /home/ouknik/Desktop/brahim_projects/j/j v2/jeunesscar/framework/vendor/laravel/framework/src/Illuminate/Cookie/Middleware/AddQueuedCookiesToResponse.php(37): Illuminate\\Pipeline\\Pipeline->Illuminate\\Pipeline\\{closure}()
#39 /home/ouknik/Desktop/brahim_projects/j/j v2/jeunesscar/framework/vendor/laravel/framework/src/Illuminate/Pipeline/Pipeline.php(183): Illuminate\\Cookie\\Middleware\\AddQueuedCookiesToResponse->handle()
#40 /home/ouknik/Desktop/brahim_projects/j/j v2/jeunesscar/framework/vendor/laravel/framework/src/Illuminate/Cookie/Middleware/EncryptCookies.php(67): Illuminate\\Pipeline\\Pipeline->Illuminate\\Pipeline\\{closure}()
#41 /home/ouknik/Desktop/brahim_projects/j/j v2/jeunesscar/framework/vendor/laravel/framework/src/Illuminate/Pipeline/Pipeline.php(183): Illuminate\\Cookie\\Middleware\\EncryptCookies->handle()
#42 /home/ouknik/Desktop/brahim_projects/j/j v2/jeunesscar/framework/vendor/laravel/framework/src/Illuminate/Pipeline/Pipeline.php(119): Illuminate\\Pipeline\\Pipeline->Illuminate\\Pipeline\\{closure}()
#43 /home/ouknik/Desktop/brahim_projects/j/j v2/jeunesscar/framework/vendor/laravel/framework/src/Illuminate/Routing/Router.php(805): Illuminate\\Pipeline\\Pipeline->then()
#44 /home/ouknik/Desktop/brahim_projects/j/j v2/jeunesscar/framework/vendor/laravel/framework/src/Illuminate/Routing/Router.php(784): Illuminate\\Routing\\Router->runRouteWithinStack()
#45 /home/ouknik/Desktop/brahim_projects/j/j v2/jeunesscar/framework/vendor/laravel/framework/src/Illuminate/Routing/Router.php(748): Illuminate\\Routing\\Router->runRoute()
#46 /home/ouknik/Desktop/brahim_projects/j/j v2/jeunesscar/framework/vendor/laravel/framework/src/Illuminate/Routing/Router.php(737): Illuminate\\Routing\\Router->dispatchToRoute()
#47 /home/ouknik/Desktop/brahim_projects/j/j v2/jeunesscar/framework/vendor/laravel/framework/src/Illuminate/Foundation/Http/Kernel.php(200): Illuminate\\Routing\\Router->dispatch()
#48 /home/ouknik/Desktop/brahim_projects/j/j v2/jeunesscar/framework/vendor/laravel/framework/src/Illuminate/Pipeline/Pipeline.php(144): Illuminate\\Foundation\\Http\\Kernel->Illuminate\\Foundation\\Http\\{closure}()
#49 /home/ouknik/Desktop/brahim_projects/j/j v2/jeunesscar/framework/vendor/laravel/framework/src/Illuminate/Foundation/Http/Middleware/TransformsRequest.php(21): Illuminate\\Pipeline\\Pipeline->Illuminate\\Pipeline\\{closure}()
#50 /home/ouknik/Desktop/brahim_projects/j/j v2/jeunesscar/framework/vendor/laravel/framework/src/Illuminate/Foundation/Http/Middleware/ConvertEmptyStringsToNull.php(31): Illuminate\\Foundation\\Http\\Middleware\\TransformsRequest->handle()
#51 /home/ouknik/Desktop/brahim_projects/j/j v2/jeunesscar/framework/vendor/laravel/framework/src/Illuminate/Pipeline/Pipeline.php(183): Illuminate\\Foundation\\Http\\Middleware\\ConvertEmptyStringsToNull->handle()
#52 /home/ouknik/Desktop/brahim_projects/j/j v2/jeunesscar/framework/vendor/laravel/framework/src/Illuminate/Foundation/Http/Middleware/TransformsRequest.php(21): Illuminate\\Pipeline\\Pipeline->Illuminate\\Pipeline\\{closure}()
#53 /home/ouknik/Desktop/brahim_projects/j/j v2/jeunesscar/framework/vendor/laravel/framework/src/Illuminate/Foundation/Http/Middleware/TrimStrings.php(40): Illuminate\\Foundation\\Http\\Middleware\\TransformsRequest->handle()
#54 /home/ouknik/Desktop/brahim_projects/j/j v2/jeunesscar/framework/vendor/laravel/framework/src/Illuminate/Pipeline/Pipeline.php(183): Illuminate\\Foundation\\Http\\Middleware\\TrimStrings->handle()
#55 /home/ouknik/Desktop/brahim_projects/j/j v2/jeunesscar/framework/vendor/laravel/framework/src/Illuminate/Foundation/Http/Middleware/ValidatePostSize.php(27): Illuminate\\Pipeline\\Pipeline->Illuminate\\Pipeline\\{closure}()
#56 /home/ouknik/Desktop/brahim_projects/j/j v2/jeunesscar/framework/vendor/laravel/framework/src/Illuminate/Pipeline/Pipeline.php(183): Illuminate\\Foundation\\Http\\Middleware\\ValidatePostSize->handle()
#57 /home/ouknik/Desktop/brahim_projects/j/j v2/jeunesscar/framework/vendor/laravel/framework/src/Illuminate/Foundation/Http/Middleware/PreventRequestsDuringMaintenance.php(99): Illuminate\\Pipeline\\Pipeline->Illuminate\\Pipeline\\{closure}()
#58 /home/ouknik/Desktop/brahim_projects/j/j v2/jeunesscar/framework/vendor/laravel/framework/src/Illuminate/Pipeline/Pipeline.php(183): Illuminate\\Foundation\\Http\\Middleware\\PreventRequestsDuringMaintenance->handle()
#59 /home/ouknik/Desktop/brahim_projects/j/j v2/jeunesscar/framework/vendor/laravel/framework/src/Illuminate/Pipeline/Pipeline.php(119): Illuminate\\Pipeline\\Pipeline->Illuminate\\Pipeline\\{closure}()
#60 /home/ouknik/Desktop/brahim_projects/j/j v2/jeunesscar/framework/vendor/laravel/framework/src/Illuminate/Foundation/Http/Kernel.php(175): Illuminate\\Pipeline\\Pipeline->then()
#61 /home/ouknik/Desktop/brahim_projects/j/j v2/jeunesscar/framework/vendor/laravel/framework/src/Illuminate/Foundation/Http/Kernel.php(144): Illuminate\\Foundation\\Http\\Kernel->sendRequestThroughRouter()
#62 /home/ouknik/Desktop/brahim_projects/j/j v2/jeunesscar/index.php(13): Illuminate\\Foundation\\Http\\Kernel->handle()
#63 {main}
"} 
[2025-05-17 20:39:29] local.ERROR: SQLSTATE[42S22]: Column not found: 1054 Unknown column 'updated_at' in 'field list' (Connection: mysql, SQL: insert into `reception_media` (`reception_id`, `file_path`, `file_type`, `updated_at`, `created_at`) values (8, reception_media/c1170629-cbb9-4680-8f5d-613a5baf8611.png, image, 2025-05-17 20:39:29, 2025-05-17 20:39:29)) {"userId":1,"exception":"[object] (Illuminate\\Database\\QueryException(code: 42S22): SQLSTATE[42S22]: Column not found: 1054 Unknown column 'updated_at' in 'field list' (Connection: mysql, SQL: insert into `reception_media` (`reception_id`, `file_path`, `file_type`, `updated_at`, `created_at`) values (8, reception_media/c1170629-cbb9-4680-8f5d-613a5baf8611.png, image, 2025-05-17 20:39:29, 2025-05-17 20:39:29)) at /home/ouknik/Desktop/brahim_projects/j/j v2/jeunesscar/framework/vendor/laravel/framework/src/Illuminate/Database/Connection.php:829)
[stacktrace]
#0 /home/ouknik/Desktop/brahim_projects/j/j v2/jeunesscar/framework/vendor/laravel/framework/src/Illuminate/Database/Connection.php(783): Illuminate\\Database\\Connection->runQueryCallback()
#1 /home/ouknik/Desktop/brahim_projects/j/j v2/jeunesscar/framework/vendor/laravel/framework/src/Illuminate/Database/MySqlConnection.php(34): Illuminate\\Database\\Connection->run()
#2 /home/ouknik/Desktop/brahim_projects/j/j v2/jeunesscar/framework/vendor/laravel/framework/src/Illuminate/Database/Query/Processors/MySqlProcessor.php(35): Illuminate\\Database\\MySqlConnection->insert()
#3 /home/ouknik/Desktop/brahim_projects/j/j v2/jeunesscar/framework/vendor/laravel/framework/src/Illuminate/Database/Query/Builder.php(3549): Illuminate\\Database\\Query\\Processors\\MySqlProcessor->processInsertGetId()
#4 /home/ouknik/Desktop/brahim_projects/j/j v2/jeunesscar/framework/vendor/laravel/framework/src/Illuminate/Database/Eloquent/Builder.php(1982): Illuminate\\Database\\Query\\Builder->insertGetId()
#5 /home/ouknik/Desktop/brahim_projects/j/j v2/jeunesscar/framework/vendor/laravel/framework/src/Illuminate/Database/Eloquent/Model.php(1334): Illuminate\\Database\\Eloquent\\Builder->__call()
#6 /home/ouknik/Desktop/brahim_projects/j/j v2/jeunesscar/framework/vendor/laravel/framework/src/Illuminate/Database/Eloquent/Model.php(1299): Illuminate\\Database\\Eloquent\\Model->insertAndSetId()
#7 /home/ouknik/Desktop/brahim_projects/j/j v2/jeunesscar/framework/vendor/laravel/framework/src/Illuminate/Database/Eloquent/Model.php(1138): Illuminate\\Database\\Eloquent\\Model->performInsert()
#8 /home/ouknik/Desktop/brahim_projects/j/j v2/jeunesscar/framework/vendor/laravel/framework/src/Illuminate/Database/Eloquent/Builder.php(1025): Illuminate\\Database\\Eloquent\\Model->save()
#9 /home/ouknik/Desktop/brahim_projects/j/j v2/jeunesscar/framework/vendor/laravel/framework/src/Illuminate/Support/helpers.php(320): Illuminate\\Database\\Eloquent\\Builder->Illuminate\\Database\\Eloquent\\{closure}()
#10 /home/ouknik/Desktop/brahim_projects/j/j v2/jeunesscar/framework/vendor/laravel/framework/src/Illuminate/Database/Eloquent/Builder.php(1024): tap()
#11 /home/ouknik/Desktop/brahim_projects/j/j v2/jeunesscar/framework/vendor/laravel/framework/src/Illuminate/Support/Traits/ForwardsCalls.php(23): Illuminate\\Database\\Eloquent\\Builder->create()
#12 /home/ouknik/Desktop/brahim_projects/j/j v2/jeunesscar/framework/vendor/laravel/framework/src/Illuminate/Database/Eloquent/Model.php(2335): Illuminate\\Database\\Eloquent\\Model->forwardCallTo()
#13 /home/ouknik/Desktop/brahim_projects/j/j v2/jeunesscar/framework/vendor/laravel/framework/src/Illuminate/Database/Eloquent/Model.php(2347): Illuminate\\Database\\Eloquent\\Model->__call()
#14 /home/ouknik/Desktop/brahim_projects/j/j v2/jeunesscar/framework/app/Http/Controllers/Admin/ReceptionController.php(179): Illuminate\\Database\\Eloquent\\Model::__callStatic()
#15 /home/ouknik/Desktop/brahim_projects/j/j v2/jeunesscar/framework/vendor/laravel/framework/src/Illuminate/Routing/Controller.php(54): App\\Http\\Controllers\\Admin\\ReceptionController->store()
#16 /home/ouknik/Desktop/brahim_projects/j/j v2/jeunesscar/framework/vendor/laravel/framework/src/Illuminate/Routing/ControllerDispatcher.php(43): Illuminate\\Routing\\Controller->callAction()
#17 /home/ouknik/Desktop/brahim_projects/j/j v2/jeunesscar/framework/vendor/laravel/framework/src/Illuminate/Routing/Route.php(259): Illuminate\\Routing\\ControllerDispatcher->dispatch()
#18 /home/ouknik/Desktop/brahim_projects/j/j v2/jeunesscar/framework/vendor/laravel/framework/src/Illuminate/Routing/Route.php(205): Illuminate\\Routing\\Route->runController()
#19 /home/ouknik/Desktop/brahim_projects/j/j v2/jeunesscar/framework/vendor/laravel/framework/src/Illuminate/Routing/Router.php(806): Illuminate\\Routing\\Route->run()
#20 /home/ouknik/Desktop/brahim_projects/j/j v2/jeunesscar/framework/vendor/laravel/framework/src/Illuminate/Pipeline/Pipeline.php(144): Illuminate\\Routing\\Router->Illuminate\\Routing\\{closure}()
#21 /home/ouknik/Desktop/brahim_projects/j/j v2/jeunesscar/framework/vendor/spatie/laravel-permission/src/Middlewares/PermissionMiddleware.php(24): Illuminate\\Pipeline\\Pipeline->Illuminate\\Pipeline\\{closure}()
#22 /home/ouknik/Desktop/brahim_projects/j/j v2/jeunesscar/framework/vendor/laravel/framework/src/Illuminate/Pipeline/Pipeline.php(183): Spatie\\Permission\\Middlewares\\PermissionMiddleware->handle()
#23 /home/ouknik/Desktop/brahim_projects/j/j v2/jeunesscar/framework/app/Http/Middleware/SetLocale.php(37): Illuminate\\Pipeline\\Pipeline->Illuminate\\Pipeline\\{closure}()
#24 /home/ouknik/Desktop/brahim_projects/j/j v2/jeunesscar/framework/vendor/laravel/framework/src/Illuminate/Pipeline/Pipeline.php(183): App\\Http\\Middleware\\SetLocale->handle()
#25 /home/ouknik/Desktop/brahim_projects/j/j v2/jeunesscar/framework/vendor/laravel/framework/src/Illuminate/Routing/Middleware/SubstituteBindings.php(50): Illuminate\\Pipeline\\Pipeline->Illuminate\\Pipeline\\{closure}()
#26 /home/ouknik/Desktop/brahim_projects/j/j v2/jeunesscar/framework/vendor/laravel/framework/src/Illuminate/Pipeline/Pipeline.php(183): Illuminate\\Routing\\Middleware\\SubstituteBindings->handle()
#27 /home/ouknik/Desktop/brahim_projects/j/j v2/jeunesscar/framework/vendor/laravel/framework/src/Illuminate/Auth/Middleware/Authenticate.php(57): Illuminate\\Pipeline\\Pipeline->Illuminate\\Pipeline\\{closure}()
#28 /home/ouknik/Desktop/brahim_projects/j/j v2/jeunesscar/framework/vendor/laravel/framework/src/Illuminate/Pipeline/Pipeline.php(183): Illuminate\\Auth\\Middleware\\Authenticate->handle()
#29 /home/ouknik/Desktop/brahim_projects/j/j v2/jeunesscar/framework/vendor/laravel/framework/src/Illuminate/Foundation/Http/Middleware/VerifyCsrfToken.php(78): Illuminate\\Pipeline\\Pipeline->Illuminate\\Pipeline\\{closure}()
#30 /home/ouknik/Desktop/brahim_projects/j/j v2/jeunesscar/framework/vendor/laravel/framework/src/Illuminate/Pipeline/Pipeline.php(183): Illuminate\\Foundation\\Http\\Middleware\\VerifyCsrfToken->handle()
#31 /home/ouknik/Desktop/brahim_projects/j/j v2/jeunesscar/framework/vendor/laravel/framework/src/Illuminate/View/Middleware/ShareErrorsFromSession.php(49): Illuminate\\Pipeline\\Pipeline->Illuminate\\Pipeline\\{closure}()
#32 /home/ouknik/Desktop/brahim_projects/j/j v2/jeunesscar/framework/vendor/laravel/framework/src/Illuminate/Pipeline/Pipeline.php(183): Illuminate\\View\\Middleware\\ShareErrorsFromSession->handle()
#33 /home/ouknik/Desktop/brahim_projects/j/j v2/jeunesscar/framework/vendor/laravel/framework/src/Illuminate/Session/Middleware/StartSession.php(121): Illuminate\\Pipeline\\Pipeline->Illuminate\\Pipeline\\{closure}()
#34 /home/ouknik/Desktop/brahim_projects/j/j v2/jeunesscar/framework/vendor/laravel/framework/src/Illuminate/Session/Middleware/StartSession.php(64): Illuminate\\Session\\Middleware\\StartSession->handleStatefulRequest()
#35 /home/ouknik/Desktop/brahim_projects/j/j v2/jeunesscar/framework/vendor/laravel/framework/src/Illuminate/Pipeline/Pipeline.php(183): Illuminate\\Session\\Middleware\\StartSession->handle()
#36 /home/ouknik/Desktop/brahim_projects/j/j v2/jeunesscar/framework/vendor/laravel/framework/src/Illuminate/Cookie/Middleware/AddQueuedCookiesToResponse.php(37): Illuminate\\Pipeline\\Pipeline->Illuminate\\Pipeline\\{closure}()
#37 /home/ouknik/Desktop/brahim_projects/j/j v2/jeunesscar/framework/vendor/laravel/framework/src/Illuminate/Pipeline/Pipeline.php(183): Illuminate\\Cookie\\Middleware\\AddQueuedCookiesToResponse->handle()
#38 /home/ouknik/Desktop/brahim_projects/j/j v2/jeunesscar/framework/vendor/laravel/framework/src/Illuminate/Cookie/Middleware/EncryptCookies.php(67): Illuminate\\Pipeline\\Pipeline->Illuminate\\Pipeline\\{closure}()
#39 /home/ouknik/Desktop/brahim_projects/j/j v2/jeunesscar/framework/vendor/laravel/framework/src/Illuminate/Pipeline/Pipeline.php(183): Illuminate\\Cookie\\Middleware\\EncryptCookies->handle()
#40 /home/ouknik/Desktop/brahim_projects/j/j v2/jeunesscar/framework/vendor/laravel/framework/src/Illuminate/Pipeline/Pipeline.php(119): Illuminate\\Pipeline\\Pipeline->Illuminate\\Pipeline\\{closure}()
#41 /home/ouknik/Desktop/brahim_projects/j/j v2/jeunesscar/framework/vendor/laravel/framework/src/Illuminate/Routing/Router.php(805): Illuminate\\Pipeline\\Pipeline->then()
#42 /home/ouknik/Desktop/brahim_projects/j/j v2/jeunesscar/framework/vendor/laravel/framework/src/Illuminate/Routing/Router.php(784): Illuminate\\Routing\\Router->runRouteWithinStack()
#43 /home/ouknik/Desktop/brahim_projects/j/j v2/jeunesscar/framework/vendor/laravel/framework/src/Illuminate/Routing/Router.php(748): Illuminate\\Routing\\Router->runRoute()
#44 /home/ouknik/Desktop/brahim_projects/j/j v2/jeunesscar/framework/vendor/laravel/framework/src/Illuminate/Routing/Router.php(737): Illuminate\\Routing\\Router->dispatchToRoute()
#45 /home/ouknik/Desktop/brahim_projects/j/j v2/jeunesscar/framework/vendor/laravel/framework/src/Illuminate/Foundation/Http/Kernel.php(200): Illuminate\\Routing\\Router->dispatch()
#46 /home/ouknik/Desktop/brahim_projects/j/j v2/jeunesscar/framework/vendor/laravel/framework/src/Illuminate/Pipeline/Pipeline.php(144): Illuminate\\Foundation\\Http\\Kernel->Illuminate\\Foundation\\Http\\{closure}()
#47 /home/ouknik/Desktop/brahim_projects/j/j v2/jeunesscar/framework/vendor/laravel/framework/src/Illuminate/Foundation/Http/Middleware/TransformsRequest.php(21): Illuminate\\Pipeline\\Pipeline->Illuminate\\Pipeline\\{closure}()
#48 /home/ouknik/Desktop/brahim_projects/j/j v2/jeunesscar/framework/vendor/laravel/framework/src/Illuminate/Foundation/Http/Middleware/ConvertEmptyStringsToNull.php(31): Illuminate\\Foundation\\Http\\Middleware\\TransformsRequest->handle()
#49 /home/ouknik/Desktop/brahim_projects/j/j v2/jeunesscar/framework/vendor/laravel/framework/src/Illuminate/Pipeline/Pipeline.php(183): Illuminate\\Foundation\\Http\\Middleware\\ConvertEmptyStringsToNull->handle()
#50 /home/ouknik/Desktop/brahim_projects/j/j v2/jeunesscar/framework/vendor/laravel/framework/src/Illuminate/Foundation/Http/Middleware/TransformsRequest.php(21): Illuminate\\Pipeline\\Pipeline->Illuminate\\Pipeline\\{closure}()
#51 /home/ouknik/Desktop/brahim_projects/j/j v2/jeunesscar/framework/vendor/laravel/framework/src/Illuminate/Foundation/Http/Middleware/TrimStrings.php(40): Illuminate\\Foundation\\Http\\Middleware\\TransformsRequest->handle()
#52 /home/ouknik/Desktop/brahim_projects/j/j v2/jeunesscar/framework/vendor/laravel/framework/src/Illuminate/Pipeline/Pipeline.php(183): Illuminate\\Foundation\\Http\\Middleware\\TrimStrings->handle()
#53 /home/ouknik/Desktop/brahim_projects/j/j v2/jeunesscar/framework/vendor/laravel/framework/src/Illuminate/Foundation/Http/Middleware/ValidatePostSize.php(27): Illuminate\\Pipeline\\Pipeline->Illuminate\\Pipeline\\{closure}()
#54 /home/ouknik/Desktop/brahim_projects/j/j v2/jeunesscar/framework/vendor/laravel/framework/src/Illuminate/Pipeline/Pipeline.php(183): Illuminate\\Foundation\\Http\\Middleware\\ValidatePostSize->handle()
#55 /home/ouknik/Desktop/brahim_projects/j/j v2/jeunesscar/framework/vendor/laravel/framework/src/Illuminate/Foundation/Http/Middleware/PreventRequestsDuringMaintenance.php(99): Illuminate\\Pipeline\\Pipeline->Illuminate\\Pipeline\\{closure}()
#56 /home/ouknik/Desktop/brahim_projects/j/j v2/jeunesscar/framework/vendor/laravel/framework/src/Illuminate/Pipeline/Pipeline.php(183): Illuminate\\Foundation\\Http\\Middleware\\PreventRequestsDuringMaintenance->handle()
#57 /home/ouknik/Desktop/brahim_projects/j/j v2/jeunesscar/framework/vendor/laravel/framework/src/Illuminate/Pipeline/Pipeline.php(119): Illuminate\\Pipeline\\Pipeline->Illuminate\\Pipeline\\{closure}()
#58 /home/ouknik/Desktop/brahim_projects/j/j v2/jeunesscar/framework/vendor/laravel/framework/src/Illuminate/Foundation/Http/Kernel.php(175): Illuminate\\Pipeline\\Pipeline->then()
#59 /home/ouknik/Desktop/brahim_projects/j/j v2/jeunesscar/framework/vendor/laravel/framework/src/Illuminate/Foundation/Http/Kernel.php(144): Illuminate\\Foundation\\Http\\Kernel->sendRequestThroughRouter()
#60 /home/ouknik/Desktop/brahim_projects/j/j v2/jeunesscar/index.php(13): Illuminate\\Foundation\\Http\\Kernel->handle()
#61 {main}

[previous exception] [object] (PDOException(code: 42S22): SQLSTATE[42S22]: Column not found: 1054 Unknown column 'updated_at' in 'field list' at /home/ouknik/Desktop/brahim_projects/j/j v2/jeunesscar/framework/vendor/laravel/framework/src/Illuminate/Database/MySqlConnection.php:39)
[stacktrace]
#0 /home/ouknik/Desktop/brahim_projects/j/j v2/jeunesscar/framework/vendor/laravel/framework/src/Illuminate/Database/MySqlConnection.php(39): PDO->prepare()
#1 /home/ouknik/Desktop/brahim_projects/j/j v2/jeunesscar/framework/vendor/laravel/framework/src/Illuminate/Database/Connection.php(816): Illuminate\\Database\\MySqlConnection->Illuminate\\Database\\{closure}()
#2 /home/ouknik/Desktop/brahim_projects/j/j v2/jeunesscar/framework/vendor/laravel/framework/src/Illuminate/Database/Connection.php(783): Illuminate\\Database\\Connection->runQueryCallback()
#3 /home/ouknik/Desktop/brahim_projects/j/j v2/jeunesscar/framework/vendor/laravel/framework/src/Illuminate/Database/MySqlConnection.php(34): Illuminate\\Database\\Connection->run()
#4 /home/ouknik/Desktop/brahim_projects/j/j v2/jeunesscar/framework/vendor/laravel/framework/src/Illuminate/Database/Query/Processors/MySqlProcessor.php(35): Illuminate\\Database\\MySqlConnection->insert()
#5 /home/ouknik/Desktop/brahim_projects/j/j v2/jeunesscar/framework/vendor/laravel/framework/src/Illuminate/Database/Query/Builder.php(3549): Illuminate\\Database\\Query\\Processors\\MySqlProcessor->processInsertGetId()
#6 /home/ouknik/Desktop/brahim_projects/j/j v2/jeunesscar/framework/vendor/laravel/framework/src/Illuminate/Database/Eloquent/Builder.php(1982): Illuminate\\Database\\Query\\Builder->insertGetId()
#7 /home/ouknik/Desktop/brahim_projects/j/j v2/jeunesscar/framework/vendor/laravel/framework/src/Illuminate/Database/Eloquent/Model.php(1334): Illuminate\\Database\\Eloquent\\Builder->__call()
#8 /home/ouknik/Desktop/brahim_projects/j/j v2/jeunesscar/framework/vendor/laravel/framework/src/Illuminate/Database/Eloquent/Model.php(1299): Illuminate\\Database\\Eloquent\\Model->insertAndSetId()
#9 /home/ouknik/Desktop/brahim_projects/j/j v2/jeunesscar/framework/vendor/laravel/framework/src/Illuminate/Database/Eloquent/Model.php(1138): Illuminate\\Database\\Eloquent\\Model->performInsert()
#10 /home/ouknik/Desktop/brahim_projects/j/j v2/jeunesscar/framework/vendor/laravel/framework/src/Illuminate/Database/Eloquent/Builder.php(1025): Illuminate\\Database\\Eloquent\\Model->save()
#11 /home/ouknik/Desktop/brahim_projects/j/j v2/jeunesscar/framework/vendor/laravel/framework/src/Illuminate/Support/helpers.php(320): Illuminate\\Database\\Eloquent\\Builder->Illuminate\\Database\\Eloquent\\{closure}()
#12 /home/ouknik/Desktop/brahim_projects/j/j v2/jeunesscar/framework/vendor/laravel/framework/src/Illuminate/Database/Eloquent/Builder.php(1024): tap()
#13 /home/ouknik/Desktop/brahim_projects/j/j v2/jeunesscar/framework/vendor/laravel/framework/src/Illuminate/Support/Traits/ForwardsCalls.php(23): Illuminate\\Database\\Eloquent\\Builder->create()
#14 /home/ouknik/Desktop/brahim_projects/j/j v2/jeunesscar/framework/vendor/laravel/framework/src/Illuminate/Database/Eloquent/Model.php(2335): Illuminate\\Database\\Eloquent\\Model->forwardCallTo()
#15 /home/ouknik/Desktop/brahim_projects/j/j v2/jeunesscar/framework/vendor/laravel/framework/src/Illuminate/Database/Eloquent/Model.php(2347): Illuminate\\Database\\Eloquent\\Model->__call()
#16 /home/ouknik/Desktop/brahim_projects/j/j v2/jeunesscar/framework/app/Http/Controllers/Admin/ReceptionController.php(179): Illuminate\\Database\\Eloquent\\Model::__callStatic()
#17 /home/ouknik/Desktop/brahim_projects/j/j v2/jeunesscar/framework/vendor/laravel/framework/src/Illuminate/Routing/Controller.php(54): App\\Http\\Controllers\\Admin\\ReceptionController->store()
#18 /home/ouknik/Desktop/brahim_projects/j/j v2/jeunesscar/framework/vendor/laravel/framework/src/Illuminate/Routing/ControllerDispatcher.php(43): Illuminate\\Routing\\Controller->callAction()
#19 /home/ouknik/Desktop/brahim_projects/j/j v2/jeunesscar/framework/vendor/laravel/framework/src/Illuminate/Routing/Route.php(259): Illuminate\\Routing\\ControllerDispatcher->dispatch()
#20 /home/ouknik/Desktop/brahim_projects/j/j v2/jeunesscar/framework/vendor/laravel/framework/src/Illuminate/Routing/Route.php(205): Illuminate\\Routing\\Route->runController()
#21 /home/ouknik/Desktop/brahim_projects/j/j v2/jeunesscar/framework/vendor/laravel/framework/src/Illuminate/Routing/Router.php(806): Illuminate\\Routing\\Route->run()
#22 /home/ouknik/Desktop/brahim_projects/j/j v2/jeunesscar/framework/vendor/laravel/framework/src/Illuminate/Pipeline/Pipeline.php(144): Illuminate\\Routing\\Router->Illuminate\\Routing\\{closure}()
#23 /home/ouknik/Desktop/brahim_projects/j/j v2/jeunesscar/framework/vendor/spatie/laravel-permission/src/Middlewares/PermissionMiddleware.php(24): Illuminate\\Pipeline\\Pipeline->Illuminate\\Pipeline\\{closure}()
#24 /home/ouknik/Desktop/brahim_projects/j/j v2/jeunesscar/framework/vendor/laravel/framework/src/Illuminate/Pipeline/Pipeline.php(183): Spatie\\Permission\\Middlewares\\PermissionMiddleware->handle()
#25 /home/ouknik/Desktop/brahim_projects/j/j v2/jeunesscar/framework/app/Http/Middleware/SetLocale.php(37): Illuminate\\Pipeline\\Pipeline->Illuminate\\Pipeline\\{closure}()
#26 /home/ouknik/Desktop/brahim_projects/j/j v2/jeunesscar/framework/vendor/laravel/framework/src/Illuminate/Pipeline/Pipeline.php(183): App\\Http\\Middleware\\SetLocale->handle()
#27 /home/ouknik/Desktop/brahim_projects/j/j v2/jeunesscar/framework/vendor/laravel/framework/src/Illuminate/Routing/Middleware/SubstituteBindings.php(50): Illuminate\\Pipeline\\Pipeline->Illuminate\\Pipeline\\{closure}()
#28 /home/ouknik/Desktop/brahim_projects/j/j v2/jeunesscar/framework/vendor/laravel/framework/src/Illuminate/Pipeline/Pipeline.php(183): Illuminate\\Routing\\Middleware\\SubstituteBindings->handle()
#29 /home/ouknik/Desktop/brahim_projects/j/j v2/jeunesscar/framework/vendor/laravel/framework/src/Illuminate/Auth/Middleware/Authenticate.php(57): Illuminate\\Pipeline\\Pipeline->Illuminate\\Pipeline\\{closure}()
#30 /home/ouknik/Desktop/brahim_projects/j/j v2/jeunesscar/framework/vendor/laravel/framework/src/Illuminate/Pipeline/Pipeline.php(183): Illuminate\\Auth\\Middleware\\Authenticate->handle()
#31 /home/ouknik/Desktop/brahim_projects/j/j v2/jeunesscar/framework/vendor/laravel/framework/src/Illuminate/Foundation/Http/Middleware/VerifyCsrfToken.php(78): Illuminate\\Pipeline\\Pipeline->Illuminate\\Pipeline\\{closure}()
#32 /home/ouknik/Desktop/brahim_projects/j/j v2/jeunesscar/framework/vendor/laravel/framework/src/Illuminate/Pipeline/Pipeline.php(183): Illuminate\\Foundation\\Http\\Middleware\\VerifyCsrfToken->handle()
#33 /home/ouknik/Desktop/brahim_projects/j/j v2/jeunesscar/framework/vendor/laravel/framework/src/Illuminate/View/Middleware/ShareErrorsFromSession.php(49): Illuminate\\Pipeline\\Pipeline->Illuminate\\Pipeline\\{closure}()
#34 /home/ouknik/Desktop/brahim_projects/j/j v2/jeunesscar/framework/vendor/laravel/framework/src/Illuminate/Pipeline/Pipeline.php(183): Illuminate\\View\\Middleware\\ShareErrorsFromSession->handle()
#35 /home/ouknik/Desktop/brahim_projects/j/j v2/jeunesscar/framework/vendor/laravel/framework/src/Illuminate/Session/Middleware/StartSession.php(121): Illuminate\\Pipeline\\Pipeline->Illuminate\\Pipeline\\{closure}()
#36 /home/ouknik/Desktop/brahim_projects/j/j v2/jeunesscar/framework/vendor/laravel/framework/src/Illuminate/Session/Middleware/StartSession.php(64): Illuminate\\Session\\Middleware\\StartSession->handleStatefulRequest()
#37 /home/ouknik/Desktop/brahim_projects/j/j v2/jeunesscar/framework/vendor/laravel/framework/src/Illuminate/Pipeline/Pipeline.php(183): Illuminate\\Session\\Middleware\\StartSession->handle()
#38 /home/ouknik/Desktop/brahim_projects/j/j v2/jeunesscar/framework/vendor/laravel/framework/src/Illuminate/Cookie/Middleware/AddQueuedCookiesToResponse.php(37): Illuminate\\Pipeline\\Pipeline->Illuminate\\Pipeline\\{closure}()
#39 /home/ouknik/Desktop/brahim_projects/j/j v2/jeunesscar/framework/vendor/laravel/framework/src/Illuminate/Pipeline/Pipeline.php(183): Illuminate\\Cookie\\Middleware\\AddQueuedCookiesToResponse->handle()
#40 /home/ouknik/Desktop/brahim_projects/j/j v2/jeunesscar/framework/vendor/laravel/framework/src/Illuminate/Cookie/Middleware/EncryptCookies.php(67): Illuminate\\Pipeline\\Pipeline->Illuminate\\Pipeline\\{closure}()
#41 /home/ouknik/Desktop/brahim_projects/j/j v2/jeunesscar/framework/vendor/laravel/framework/src/Illuminate/Pipeline/Pipeline.php(183): Illuminate\\Cookie\\Middleware\\EncryptCookies->handle()
#42 /home/ouknik/Desktop/brahim_projects/j/j v2/jeunesscar/framework/vendor/laravel/framework/src/Illuminate/Pipeline/Pipeline.php(119): Illuminate\\Pipeline\\Pipeline->Illuminate\\Pipeline\\{closure}()
#43 /home/ouknik/Desktop/brahim_projects/j/j v2/jeunesscar/framework/vendor/laravel/framework/src/Illuminate/Routing/Router.php(805): Illuminate\\Pipeline\\Pipeline->then()
#44 /home/ouknik/Desktop/brahim_projects/j/j v2/jeunesscar/framework/vendor/laravel/framework/src/Illuminate/Routing/Router.php(784): Illuminate\\Routing\\Router->runRouteWithinStack()
#45 /home/ouknik/Desktop/brahim_projects/j/j v2/jeunesscar/framework/vendor/laravel/framework/src/Illuminate/Routing/Router.php(748): Illuminate\\Routing\\Router->runRoute()
#46 /home/ouknik/Desktop/brahim_projects/j/j v2/jeunesscar/framework/vendor/laravel/framework/src/Illuminate/Routing/Router.php(737): Illuminate\\Routing\\Router->dispatchToRoute()
#47 /home/ouknik/Desktop/brahim_projects/j/j v2/jeunesscar/framework/vendor/laravel/framework/src/Illuminate/Foundation/Http/Kernel.php(200): Illuminate\\Routing\\Router->dispatch()
#48 /home/ouknik/Desktop/brahim_projects/j/j v2/jeunesscar/framework/vendor/laravel/framework/src/Illuminate/Pipeline/Pipeline.php(144): Illuminate\\Foundation\\Http\\Kernel->Illuminate\\Foundation\\Http\\{closure}()
#49 /home/ouknik/Desktop/brahim_projects/j/j v2/jeunesscar/framework/vendor/laravel/framework/src/Illuminate/Foundation/Http/Middleware/TransformsRequest.php(21): Illuminate\\Pipeline\\Pipeline->Illuminate\\Pipeline\\{closure}()
#50 /home/ouknik/Desktop/brahim_projects/j/j v2/jeunesscar/framework/vendor/laravel/framework/src/Illuminate/Foundation/Http/Middleware/ConvertEmptyStringsToNull.php(31): Illuminate\\Foundation\\Http\\Middleware\\TransformsRequest->handle()
#51 /home/ouknik/Desktop/brahim_projects/j/j v2/jeunesscar/framework/vendor/laravel/framework/src/Illuminate/Pipeline/Pipeline.php(183): Illuminate\\Foundation\\Http\\Middleware\\ConvertEmptyStringsToNull->handle()
#52 /home/ouknik/Desktop/brahim_projects/j/j v2/jeunesscar/framework/vendor/laravel/framework/src/Illuminate/Foundation/Http/Middleware/TransformsRequest.php(21): Illuminate\\Pipeline\\Pipeline->Illuminate\\Pipeline\\{closure}()
#53 /home/ouknik/Desktop/brahim_projects/j/j v2/jeunesscar/framework/vendor/laravel/framework/src/Illuminate/Foundation/Http/Middleware/TrimStrings.php(40): Illuminate\\Foundation\\Http\\Middleware\\TransformsRequest->handle()
#54 /home/ouknik/Desktop/brahim_projects/j/j v2/jeunesscar/framework/vendor/laravel/framework/src/Illuminate/Pipeline/Pipeline.php(183): Illuminate\\Foundation\\Http\\Middleware\\TrimStrings->handle()
#55 /home/ouknik/Desktop/brahim_projects/j/j v2/jeunesscar/framework/vendor/laravel/framework/src/Illuminate/Foundation/Http/Middleware/ValidatePostSize.php(27): Illuminate\\Pipeline\\Pipeline->Illuminate\\Pipeline\\{closure}()
#56 /home/ouknik/Desktop/brahim_projects/j/j v2/jeunesscar/framework/vendor/laravel/framework/src/Illuminate/Pipeline/Pipeline.php(183): Illuminate\\Foundation\\Http\\Middleware\\ValidatePostSize->handle()
#57 /home/ouknik/Desktop/brahim_projects/j/j v2/jeunesscar/framework/vendor/laravel/framework/src/Illuminate/Foundation/Http/Middleware/PreventRequestsDuringMaintenance.php(99): Illuminate\\Pipeline\\Pipeline->Illuminate\\Pipeline\\{closure}()
#58 /home/ouknik/Desktop/brahim_projects/j/j v2/jeunesscar/framework/vendor/laravel/framework/src/Illuminate/Pipeline/Pipeline.php(183): Illuminate\\Foundation\\Http\\Middleware\\PreventRequestsDuringMaintenance->handle()
#59 /home/ouknik/Desktop/brahim_projects/j/j v2/jeunesscar/framework/vendor/laravel/framework/src/Illuminate/Pipeline/Pipeline.php(119): Illuminate\\Pipeline\\Pipeline->Illuminate\\Pipeline\\{closure}()
#60 /home/ouknik/Desktop/brahim_projects/j/j v2/jeunesscar/framework/vendor/laravel/framework/src/Illuminate/Foundation/Http/Kernel.php(175): Illuminate\\Pipeline\\Pipeline->then()
#61 /home/ouknik/Desktop/brahim_projects/j/j v2/jeunesscar/framework/vendor/laravel/framework/src/Illuminate/Foundation/Http/Kernel.php(144): Illuminate\\Foundation\\Http\\Kernel->sendRequestThroughRouter()
#62 /home/ouknik/Desktop/brahim_projects/j/j v2/jeunesscar/index.php(13): Illuminate\\Foundation\\Http\\Kernel->handle()
#63 {main}
"} 
[2025-05-17 20:40:06] local.ERROR: Undefined variable $data {"view":{"view":"/home/ouknik/Desktop/brahim_projects/j/j v2/jeunesscar/framework/resources/views/reception/index.blade.php","data":[]},"userId":1,"exception":"[object] (Spatie\\LaravelIgnition\\Exceptions\\ViewException(code: 0): Undefined variable $data at /home/ouknik/Desktop/brahim_projects/j/j v2/jeunesscar/framework/resources/views/reception/index.blade.php:21)
[stacktrace]
#0 /home/ouknik/Desktop/brahim_projects/j/j v2/jeunesscar/framework/vendor/laravel/framework/src/Illuminate/Filesystem/Filesystem.php(123): require('...')
#1 /home/ouknik/Desktop/brahim_projects/j/j v2/jeunesscar/framework/vendor/laravel/framework/src/Illuminate/Filesystem/Filesystem.php(124): Illuminate\\Filesystem\\Filesystem::Illuminate\\Filesystem\\{closure}()
#2 /home/ouknik/Desktop/brahim_projects/j/j v2/jeunesscar/framework/vendor/laravel/framework/src/Illuminate/View/Engines/PhpEngine.php(58): Illuminate\\Filesystem\\Filesystem->getRequire()
#3 /home/ouknik/Desktop/brahim_projects/j/j v2/jeunesscar/framework/vendor/laravel/framework/src/Illuminate/View/Engines/CompilerEngine.php(72): Illuminate\\View\\Engines\\PhpEngine->evaluatePath()
#4 /home/ouknik/Desktop/brahim_projects/j/j v2/jeunesscar/framework/vendor/laravel/framework/src/Illuminate/View/View.php(207): Illuminate\\View\\Engines\\CompilerEngine->get()
#5 /home/ouknik/Desktop/brahim_projects/j/j v2/jeunesscar/framework/vendor/laravel/framework/src/Illuminate/View/View.php(190): Illuminate\\View\\View->getContents()
#6 /home/ouknik/Desktop/brahim_projects/j/j v2/jeunesscar/framework/vendor/laravel/framework/src/Illuminate/View/View.php(159): Illuminate\\View\\View->renderContents()
#7 /home/ouknik/Desktop/brahim_projects/j/j v2/jeunesscar/framework/vendor/laravel/framework/src/Illuminate/Http/Response.php(69): Illuminate\\View\\View->render()
#8 /home/ouknik/Desktop/brahim_projects/j/j v2/jeunesscar/framework/vendor/laravel/framework/src/Illuminate/Http/Response.php(35): Illuminate\\Http\\Response->setContent()
#9 /home/ouknik/Desktop/brahim_projects/j/j v2/jeunesscar/framework/vendor/laravel/framework/src/Illuminate/Routing/Router.php(918): Illuminate\\Http\\Response->__construct()
#10 /home/ouknik/Desktop/brahim_projects/j/j v2/jeunesscar/framework/vendor/laravel/framework/src/Illuminate/Routing/Router.php(885): Illuminate\\Routing\\Router::toResponse()
#11 /home/ouknik/Desktop/brahim_projects/j/j v2/jeunesscar/framework/vendor/laravel/framework/src/Illuminate/Routing/Router.php(805): Illuminate\\Routing\\Router->prepareResponse()
#12 /home/ouknik/Desktop/brahim_projects/j/j v2/jeunesscar/framework/vendor/laravel/framework/src/Illuminate/Pipeline/Pipeline.php(144): Illuminate\\Routing\\Router->Illuminate\\Routing\\{closure}()
#13 /home/ouknik/Desktop/brahim_projects/j/j v2/jeunesscar/framework/vendor/spatie/laravel-permission/src/Middlewares/PermissionMiddleware.php(24): Illuminate\\Pipeline\\Pipeline->Illuminate\\Pipeline\\{closure}()
#14 /home/ouknik/Desktop/brahim_projects/j/j v2/jeunesscar/framework/vendor/laravel/framework/src/Illuminate/Pipeline/Pipeline.php(183): Spatie\\Permission\\Middlewares\\PermissionMiddleware->handle()
#15 /home/ouknik/Desktop/brahim_projects/j/j v2/jeunesscar/framework/app/Http/Middleware/SetLocale.php(37): Illuminate\\Pipeline\\Pipeline->Illuminate\\Pipeline\\{closure}()
#16 /home/ouknik/Desktop/brahim_projects/j/j v2/jeunesscar/framework/vendor/laravel/framework/src/Illuminate/Pipeline/Pipeline.php(183): App\\Http\\Middleware\\SetLocale->handle()
#17 /home/ouknik/Desktop/brahim_projects/j/j v2/jeunesscar/framework/vendor/laravel/framework/src/Illuminate/Routing/Middleware/SubstituteBindings.php(50): Illuminate\\Pipeline\\Pipeline->Illuminate\\Pipeline\\{closure}()
#18 /home/ouknik/Desktop/brahim_projects/j/j v2/jeunesscar/framework/vendor/laravel/framework/src/Illuminate/Pipeline/Pipeline.php(183): Illuminate\\Routing\\Middleware\\SubstituteBindings->handle()
#19 /home/ouknik/Desktop/brahim_projects/j/j v2/jeunesscar/framework/vendor/laravel/framework/src/Illuminate/Auth/Middleware/Authenticate.php(57): Illuminate\\Pipeline\\Pipeline->Illuminate\\Pipeline\\{closure}()
#20 /home/ouknik/Desktop/brahim_projects/j/j v2/jeunesscar/framework/vendor/laravel/framework/src/Illuminate/Pipeline/Pipeline.php(183): Illuminate\\Auth\\Middleware\\Authenticate->handle()
#21 /home/ouknik/Desktop/brahim_projects/j/j v2/jeunesscar/framework/vendor/laravel/framework/src/Illuminate/Foundation/Http/Middleware/VerifyCsrfToken.php(78): Illuminate\\Pipeline\\Pipeline->Illuminate\\Pipeline\\{closure}()
#22 /home/ouknik/Desktop/brahim_projects/j/j v2/jeunesscar/framework/vendor/laravel/framework/src/Illuminate/Pipeline/Pipeline.php(183): Illuminate\\Foundation\\Http\\Middleware\\VerifyCsrfToken->handle()
#23 /home/ouknik/Desktop/brahim_projects/j/j v2/jeunesscar/framework/vendor/laravel/framework/src/Illuminate/View/Middleware/ShareErrorsFromSession.php(49): Illuminate\\Pipeline\\Pipeline->Illuminate\\Pipeline\\{closure}()
#24 /home/ouknik/Desktop/brahim_projects/j/j v2/jeunesscar/framework/vendor/laravel/framework/src/Illuminate/Pipeline/Pipeline.php(183): Illuminate\\View\\Middleware\\ShareErrorsFromSession->handle()
#25 /home/ouknik/Desktop/brahim_projects/j/j v2/jeunesscar/framework/vendor/laravel/framework/src/Illuminate/Session/Middleware/StartSession.php(121): Illuminate\\Pipeline\\Pipeline->Illuminate\\Pipeline\\{closure}()
#26 /home/ouknik/Desktop/brahim_projects/j/j v2/jeunesscar/framework/vendor/laravel/framework/src/Illuminate/Session/Middleware/StartSession.php(64): Illuminate\\Session\\Middleware\\StartSession->handleStatefulRequest()
#27 /home/ouknik/Desktop/brahim_projects/j/j v2/jeunesscar/framework/vendor/laravel/framework/src/Illuminate/Pipeline/Pipeline.php(183): Illuminate\\Session\\Middleware\\StartSession->handle()
#28 /home/ouknik/Desktop/brahim_projects/j/j v2/jeunesscar/framework/vendor/laravel/framework/src/Illuminate/Cookie/Middleware/AddQueuedCookiesToResponse.php(37): Illuminate\\Pipeline\\Pipeline->Illuminate\\Pipeline\\{closure}()
#29 /home/ouknik/Desktop/brahim_projects/j/j v2/jeunesscar/framework/vendor/laravel/framework/src/Illuminate/Pipeline/Pipeline.php(183): Illuminate\\Cookie\\Middleware\\AddQueuedCookiesToResponse->handle()
#30 /home/ouknik/Desktop/brahim_projects/j/j v2/jeunesscar/framework/vendor/laravel/framework/src/Illuminate/Cookie/Middleware/EncryptCookies.php(67): Illuminate\\Pipeline\\Pipeline->Illuminate\\Pipeline\\{closure}()
#31 /home/ouknik/Desktop/brahim_projects/j/j v2/jeunesscar/framework/vendor/laravel/framework/src/Illuminate/Pipeline/Pipeline.php(183): Illuminate\\Cookie\\Middleware\\EncryptCookies->handle()
#32 /home/ouknik/Desktop/brahim_projects/j/j v2/jeunesscar/framework/vendor/laravel/framework/src/Illuminate/Pipeline/Pipeline.php(119): Illuminate\\Pipeline\\Pipeline->Illuminate\\Pipeline\\{closure}()
#33 /home/ouknik/Desktop/brahim_projects/j/j v2/jeunesscar/framework/vendor/laravel/framework/src/Illuminate/Routing/Router.php(805): Illuminate\\Pipeline\\Pipeline->then()
#34 /home/ouknik/Desktop/brahim_projects/j/j v2/jeunesscar/framework/vendor/laravel/framework/src/Illuminate/Routing/Router.php(784): Illuminate\\Routing\\Router->runRouteWithinStack()
#35 /home/ouknik/Desktop/brahim_projects/j/j v2/jeunesscar/framework/vendor/laravel/framework/src/Illuminate/Routing/Router.php(748): Illuminate\\Routing\\Router->runRoute()
#36 /home/ouknik/Desktop/brahim_projects/j/j v2/jeunesscar/framework/vendor/laravel/framework/src/Illuminate/Routing/Router.php(737): Illuminate\\Routing\\Router->dispatchToRoute()
#37 /home/ouknik/Desktop/brahim_projects/j/j v2/jeunesscar/framework/vendor/laravel/framework/src/Illuminate/Foundation/Http/Kernel.php(200): Illuminate\\Routing\\Router->dispatch()
#38 /home/ouknik/Desktop/brahim_projects/j/j v2/jeunesscar/framework/vendor/laravel/framework/src/Illuminate/Pipeline/Pipeline.php(144): Illuminate\\Foundation\\Http\\Kernel->Illuminate\\Foundation\\Http\\{closure}()
#39 /home/ouknik/Desktop/brahim_projects/j/j v2/jeunesscar/framework/vendor/laravel/framework/src/Illuminate/Foundation/Http/Middleware/TransformsRequest.php(21): Illuminate\\Pipeline\\Pipeline->Illuminate\\Pipeline\\{closure}()
#40 /home/ouknik/Desktop/brahim_projects/j/j v2/jeunesscar/framework/vendor/laravel/framework/src/Illuminate/Foundation/Http/Middleware/ConvertEmptyStringsToNull.php(31): Illuminate\\Foundation\\Http\\Middleware\\TransformsRequest->handle()
#41 /home/ouknik/Desktop/brahim_projects/j/j v2/jeunesscar/framework/vendor/laravel/framework/src/Illuminate/Pipeline/Pipeline.php(183): Illuminate\\Foundation\\Http\\Middleware\\ConvertEmptyStringsToNull->handle()
#42 /home/ouknik/Desktop/brahim_projects/j/j v2/jeunesscar/framework/vendor/laravel/framework/src/Illuminate/Foundation/Http/Middleware/TransformsRequest.php(21): Illuminate\\Pipeline\\Pipeline->Illuminate\\Pipeline\\{closure}()
#43 /home/ouknik/Desktop/brahim_projects/j/j v2/jeunesscar/framework/vendor/laravel/framework/src/Illuminate/Foundation/Http/Middleware/TrimStrings.php(40): Illuminate\\Foundation\\Http\\Middleware\\TransformsRequest->handle()
#44 /home/ouknik/Desktop/brahim_projects/j/j v2/jeunesscar/framework/vendor/laravel/framework/src/Illuminate/Pipeline/Pipeline.php(183): Illuminate\\Foundation\\Http\\Middleware\\TrimStrings->handle()
#45 /home/ouknik/Desktop/brahim_projects/j/j v2/jeunesscar/framework/vendor/laravel/framework/src/Illuminate/Foundation/Http/Middleware/ValidatePostSize.php(27): Illuminate\\Pipeline\\Pipeline->Illuminate\\Pipeline\\{closure}()
#46 /home/ouknik/Desktop/brahim_projects/j/j v2/jeunesscar/framework/vendor/laravel/framework/src/Illuminate/Pipeline/Pipeline.php(183): Illuminate\\Foundation\\Http\\Middleware\\ValidatePostSize->handle()
#47 /home/ouknik/Desktop/brahim_projects/j/j v2/jeunesscar/framework/vendor/laravel/framework/src/Illuminate/Foundation/Http/Middleware/PreventRequestsDuringMaintenance.php(99): Illuminate\\Pipeline\\Pipeline->Illuminate\\Pipeline\\{closure}()
#48 /home/ouknik/Desktop/brahim_projects/j/j v2/jeunesscar/framework/vendor/laravel/framework/src/Illuminate/Pipeline/Pipeline.php(183): Illuminate\\Foundation\\Http\\Middleware\\PreventRequestsDuringMaintenance->handle()
#49 /home/ouknik/Desktop/brahim_projects/j/j v2/jeunesscar/framework/vendor/laravel/framework/src/Illuminate/Pipeline/Pipeline.php(119): Illuminate\\Pipeline\\Pipeline->Illuminate\\Pipeline\\{closure}()
#50 /home/ouknik/Desktop/brahim_projects/j/j v2/jeunesscar/framework/vendor/laravel/framework/src/Illuminate/Foundation/Http/Kernel.php(175): Illuminate\\Pipeline\\Pipeline->then()
#51 /home/ouknik/Desktop/brahim_projects/j/j v2/jeunesscar/framework/vendor/laravel/framework/src/Illuminate/Foundation/Http/Kernel.php(144): Illuminate\\Foundation\\Http\\Kernel->sendRequestThroughRouter()
#52 /home/ouknik/Desktop/brahim_projects/j/j v2/jeunesscar/index.php(13): Illuminate\\Foundation\\Http\\Kernel->handle()
#53 {main}

[previous exception] [object] (ErrorException(code: 0): Undefined variable $data at /home/ouknik/Desktop/brahim_projects/j/j v2/jeunesscar/framework/storage/framework/views/5ea7a2139a66afb43a1f1f4d6e4a1c4f.php:19)
[stacktrace]
#0 /home/ouknik/Desktop/brahim_projects/j/j v2/jeunesscar/framework/vendor/laravel/framework/src/Illuminate/Foundation/Bootstrap/HandleExceptions.php(255): Illuminate\\Foundation\\Bootstrap\\HandleExceptions->handleError()
#1 /home/ouknik/Desktop/brahim_projects/j/j v2/jeunesscar/framework/storage/framework/views/5ea7a2139a66afb43a1f1f4d6e4a1c4f.php(19): Illuminate\\Foundation\\Bootstrap\\HandleExceptions->Illuminate\\Foundation\\Bootstrap\\{closure}()
#2 /home/ouknik/Desktop/brahim_projects/j/j v2/jeunesscar/framework/vendor/laravel/framework/src/Illuminate/Filesystem/Filesystem.php(123): require('...')
#3 /home/ouknik/Desktop/brahim_projects/j/j v2/jeunesscar/framework/vendor/laravel/framework/src/Illuminate/Filesystem/Filesystem.php(124): Illuminate\\Filesystem\\Filesystem::Illuminate\\Filesystem\\{closure}()
#4 /home/ouknik/Desktop/brahim_projects/j/j v2/jeunesscar/framework/vendor/laravel/framework/src/Illuminate/View/Engines/PhpEngine.php(58): Illuminate\\Filesystem\\Filesystem->getRequire()
#5 /home/ouknik/Desktop/brahim_projects/j/j v2/jeunesscar/framework/vendor/laravel/framework/src/Illuminate/View/Engines/CompilerEngine.php(72): Illuminate\\View\\Engines\\PhpEngine->evaluatePath()
#6 /home/ouknik/Desktop/brahim_projects/j/j v2/jeunesscar/framework/vendor/laravel/framework/src/Illuminate/View/View.php(207): Illuminate\\View\\Engines\\CompilerEngine->get()
#7 /home/ouknik/Desktop/brahim_projects/j/j v2/jeunesscar/framework/vendor/laravel/framework/src/Illuminate/View/View.php(190): Illuminate\\View\\View->getContents()
#8 /home/ouknik/Desktop/brahim_projects/j/j v2/jeunesscar/framework/vendor/laravel/framework/src/Illuminate/View/View.php(159): Illuminate\\View\\View->renderContents()
#9 /home/ouknik/Desktop/brahim_projects/j/j v2/jeunesscar/framework/vendor/laravel/framework/src/Illuminate/Http/Response.php(69): Illuminate\\View\\View->render()
#10 /home/ouknik/Desktop/brahim_projects/j/j v2/jeunesscar/framework/vendor/laravel/framework/src/Illuminate/Http/Response.php(35): Illuminate\\Http\\Response->setContent()
#11 /home/ouknik/Desktop/brahim_projects/j/j v2/jeunesscar/framework/vendor/laravel/framework/src/Illuminate/Routing/Router.php(918): Illuminate\\Http\\Response->__construct()
#12 /home/ouknik/Desktop/brahim_projects/j/j v2/jeunesscar/framework/vendor/laravel/framework/src/Illuminate/Routing/Router.php(885): Illuminate\\Routing\\Router::toResponse()
#13 /home/ouknik/Desktop/brahim_projects/j/j v2/jeunesscar/framework/vendor/laravel/framework/src/Illuminate/Routing/Router.php(805): Illuminate\\Routing\\Router->prepareResponse()
#14 /home/ouknik/Desktop/brahim_projects/j/j v2/jeunesscar/framework/vendor/laravel/framework/src/Illuminate/Pipeline/Pipeline.php(144): Illuminate\\Routing\\Router->Illuminate\\Routing\\{closure}()
#15 /home/ouknik/Desktop/brahim_projects/j/j v2/jeunesscar/framework/vendor/spatie/laravel-permission/src/Middlewares/PermissionMiddleware.php(24): Illuminate\\Pipeline\\Pipeline->Illuminate\\Pipeline\\{closure}()
#16 /home/ouknik/Desktop/brahim_projects/j/j v2/jeunesscar/framework/vendor/laravel/framework/src/Illuminate/Pipeline/Pipeline.php(183): Spatie\\Permission\\Middlewares\\PermissionMiddleware->handle()
#17 /home/ouknik/Desktop/brahim_projects/j/j v2/jeunesscar/framework/app/Http/Middleware/SetLocale.php(37): Illuminate\\Pipeline\\Pipeline->Illuminate\\Pipeline\\{closure}()
#18 /home/ouknik/Desktop/brahim_projects/j/j v2/jeunesscar/framework/vendor/laravel/framework/src/Illuminate/Pipeline/Pipeline.php(183): App\\Http\\Middleware\\SetLocale->handle()
#19 /home/ouknik/Desktop/brahim_projects/j/j v2/jeunesscar/framework/vendor/laravel/framework/src/Illuminate/Routing/Middleware/SubstituteBindings.php(50): Illuminate\\Pipeline\\Pipeline->Illuminate\\Pipeline\\{closure}()
#20 /home/ouknik/Desktop/brahim_projects/j/j v2/jeunesscar/framework/vendor/laravel/framework/src/Illuminate/Pipeline/Pipeline.php(183): Illuminate\\Routing\\Middleware\\SubstituteBindings->handle()
#21 /home/ouknik/Desktop/brahim_projects/j/j v2/jeunesscar/framework/vendor/laravel/framework/src/Illuminate/Auth/Middleware/Authenticate.php(57): Illuminate\\Pipeline\\Pipeline->Illuminate\\Pipeline\\{closure}()
#22 /home/ouknik/Desktop/brahim_projects/j/j v2/jeunesscar/framework/vendor/laravel/framework/src/Illuminate/Pipeline/Pipeline.php(183): Illuminate\\Auth\\Middleware\\Authenticate->handle()
#23 /home/ouknik/Desktop/brahim_projects/j/j v2/jeunesscar/framework/vendor/laravel/framework/src/Illuminate/Foundation/Http/Middleware/VerifyCsrfToken.php(78): Illuminate\\Pipeline\\Pipeline->Illuminate\\Pipeline\\{closure}()
#24 /home/ouknik/Desktop/brahim_projects/j/j v2/jeunesscar/framework/vendor/laravel/framework/src/Illuminate/Pipeline/Pipeline.php(183): Illuminate\\Foundation\\Http\\Middleware\\VerifyCsrfToken->handle()
#25 /home/ouknik/Desktop/brahim_projects/j/j v2/jeunesscar/framework/vendor/laravel/framework/src/Illuminate/View/Middleware/ShareErrorsFromSession.php(49): Illuminate\\Pipeline\\Pipeline->Illuminate\\Pipeline\\{closure}()
#26 /home/ouknik/Desktop/brahim_projects/j/j v2/jeunesscar/framework/vendor/laravel/framework/src/Illuminate/Pipeline/Pipeline.php(183): Illuminate\\View\\Middleware\\ShareErrorsFromSession->handle()
#27 /home/ouknik/Desktop/brahim_projects/j/j v2/jeunesscar/framework/vendor/laravel/framework/src/Illuminate/Session/Middleware/StartSession.php(121): Illuminate\\Pipeline\\Pipeline->Illuminate\\Pipeline\\{closure}()
#28 /home/ouknik/Desktop/brahim_projects/j/j v2/jeunesscar/framework/vendor/laravel/framework/src/Illuminate/Session/Middleware/StartSession.php(64): Illuminate\\Session\\Middleware\\StartSession->handleStatefulRequest()
#29 /home/ouknik/Desktop/brahim_projects/j/j v2/jeunesscar/framework/vendor/laravel/framework/src/Illuminate/Pipeline/Pipeline.php(183): Illuminate\\Session\\Middleware\\StartSession->handle()
#30 /home/ouknik/Desktop/brahim_projects/j/j v2/jeunesscar/framework/vendor/laravel/framework/src/Illuminate/Cookie/Middleware/AddQueuedCookiesToResponse.php(37): Illuminate\\Pipeline\\Pipeline->Illuminate\\Pipeline\\{closure}()
#31 /home/ouknik/Desktop/brahim_projects/j/j v2/jeunesscar/framework/vendor/laravel/framework/src/Illuminate/Pipeline/Pipeline.php(183): Illuminate\\Cookie\\Middleware\\AddQueuedCookiesToResponse->handle()
#32 /home/ouknik/Desktop/brahim_projects/j/j v2/jeunesscar/framework/vendor/laravel/framework/src/Illuminate/Cookie/Middleware/EncryptCookies.php(67): Illuminate\\Pipeline\\Pipeline->Illuminate\\Pipeline\\{closure}()
#33 /home/ouknik/Desktop/brahim_projects/j/j v2/jeunesscar/framework/vendor/laravel/framework/src/Illuminate/Pipeline/Pipeline.php(183): Illuminate\\Cookie\\Middleware\\EncryptCookies->handle()
#34 /home/ouknik/Desktop/brahim_projects/j/j v2/jeunesscar/framework/vendor/laravel/framework/src/Illuminate/Pipeline/Pipeline.php(119): Illuminate\\Pipeline\\Pipeline->Illuminate\\Pipeline\\{closure}()
#35 /home/ouknik/Desktop/brahim_projects/j/j v2/jeunesscar/framework/vendor/laravel/framework/src/Illuminate/Routing/Router.php(805): Illuminate\\Pipeline\\Pipeline->then()
#36 /home/ouknik/Desktop/brahim_projects/j/j v2/jeunesscar/framework/vendor/laravel/framework/src/Illuminate/Routing/Router.php(784): Illuminate\\Routing\\Router->runRouteWithinStack()
#37 /home/ouknik/Desktop/brahim_projects/j/j v2/jeunesscar/framework/vendor/laravel/framework/src/Illuminate/Routing/Router.php(748): Illuminate\\Routing\\Router->runRoute()
#38 /home/ouknik/Desktop/brahim_projects/j/j v2/jeunesscar/framework/vendor/laravel/framework/src/Illuminate/Routing/Router.php(737): Illuminate\\Routing\\Router->dispatchToRoute()
#39 /home/ouknik/Desktop/brahim_projects/j/j v2/jeunesscar/framework/vendor/laravel/framework/src/Illuminate/Foundation/Http/Kernel.php(200): Illuminate\\Routing\\Router->dispatch()
#40 /home/ouknik/Desktop/brahim_projects/j/j v2/jeunesscar/framework/vendor/laravel/framework/src/Illuminate/Pipeline/Pipeline.php(144): Illuminate\\Foundation\\Http\\Kernel->Illuminate\\Foundation\\Http\\{closure}()
#41 /home/ouknik/Desktop/brahim_projects/j/j v2/jeunesscar/framework/vendor/laravel/framework/src/Illuminate/Foundation/Http/Middleware/TransformsRequest.php(21): Illuminate\\Pipeline\\Pipeline->Illuminate\\Pipeline\\{closure}()
#42 /home/ouknik/Desktop/brahim_projects/j/j v2/jeunesscar/framework/vendor/laravel/framework/src/Illuminate/Foundation/Http/Middleware/ConvertEmptyStringsToNull.php(31): Illuminate\\Foundation\\Http\\Middleware\\TransformsRequest->handle()
#43 /home/ouknik/Desktop/brahim_projects/j/j v2/jeunesscar/framework/vendor/laravel/framework/src/Illuminate/Pipeline/Pipeline.php(183): Illuminate\\Foundation\\Http\\Middleware\\ConvertEmptyStringsToNull->handle()
#44 /home/ouknik/Desktop/brahim_projects/j/j v2/jeunesscar/framework/vendor/laravel/framework/src/Illuminate/Foundation/Http/Middleware/TransformsRequest.php(21): Illuminate\\Pipeline\\Pipeline->Illuminate\\Pipeline\\{closure}()
#45 /home/ouknik/Desktop/brahim_projects/j/j v2/jeunesscar/framework/vendor/laravel/framework/src/Illuminate/Foundation/Http/Middleware/TrimStrings.php(40): Illuminate\\Foundation\\Http\\Middleware\\TransformsRequest->handle()
#46 /home/ouknik/Desktop/brahim_projects/j/j v2/jeunesscar/framework/vendor/laravel/framework/src/Illuminate/Pipeline/Pipeline.php(183): Illuminate\\Foundation\\Http\\Middleware\\TrimStrings->handle()
#47 /home/ouknik/Desktop/brahim_projects/j/j v2/jeunesscar/framework/vendor/laravel/framework/src/Illuminate/Foundation/Http/Middleware/ValidatePostSize.php(27): Illuminate\\Pipeline\\Pipeline->Illuminate\\Pipeline\\{closure}()
#48 /home/ouknik/Desktop/brahim_projects/j/j v2/jeunesscar/framework/vendor/laravel/framework/src/Illuminate/Pipeline/Pipeline.php(183): Illuminate\\Foundation\\Http\\Middleware\\ValidatePostSize->handle()
#49 /home/ouknik/Desktop/brahim_projects/j/j v2/jeunesscar/framework/vendor/laravel/framework/src/Illuminate/Foundation/Http/Middleware/PreventRequestsDuringMaintenance.php(99): Illuminate\\Pipeline\\Pipeline->Illuminate\\Pipeline\\{closure}()
#50 /home/ouknik/Desktop/brahim_projects/j/j v2/jeunesscar/framework/vendor/laravel/framework/src/Illuminate/Pipeline/Pipeline.php(183): Illuminate\\Foundation\\Http\\Middleware\\PreventRequestsDuringMaintenance->handle()
#51 /home/ouknik/Desktop/brahim_projects/j/j v2/jeunesscar/framework/vendor/laravel/framework/src/Illuminate/Pipeline/Pipeline.php(119): Illuminate\\Pipeline\\Pipeline->Illuminate\\Pipeline\\{closure}()
#52 /home/ouknik/Desktop/brahim_projects/j/j v2/jeunesscar/framework/vendor/laravel/framework/src/Illuminate/Foundation/Http/Kernel.php(175): Illuminate\\Pipeline\\Pipeline->then()
#53 /home/ouknik/Desktop/brahim_projects/j/j v2/jeunesscar/framework/vendor/laravel/framework/src/Illuminate/Foundation/Http/Kernel.php(144): Illuminate\\Foundation\\Http\\Kernel->sendRequestThroughRouter()
#54 /home/ouknik/Desktop/brahim_projects/j/j v2/jeunesscar/index.php(13): Illuminate\\Foundation\\Http\\Kernel->handle()
#55 {main}
"} 
[2025-05-17 20:48:14] local.ERROR: Undefined variable $data {"view":{"view":"/home/ouknik/Desktop/brahim_projects/j/j v2/jeunesscar/framework/resources/views/reception/index.blade.php","data":[]},"userId":1,"exception":"[object] (Spatie\\LaravelIgnition\\Exceptions\\ViewException(code: 0): Undefined variable $data at /home/ouknik/Desktop/brahim_projects/j/j v2/jeunesscar/framework/resources/views/reception/index.blade.php:21)
[stacktrace]
#0 /home/ouknik/Desktop/brahim_projects/j/j v2/jeunesscar/framework/vendor/laravel/framework/src/Illuminate/Filesystem/Filesystem.php(123): require('...')
#1 /home/ouknik/Desktop/brahim_projects/j/j v2/jeunesscar/framework/vendor/laravel/framework/src/Illuminate/Filesystem/Filesystem.php(124): Illuminate\\Filesystem\\Filesystem::Illuminate\\Filesystem\\{closure}()
#2 /home/ouknik/Desktop/brahim_projects/j/j v2/jeunesscar/framework/vendor/laravel/framework/src/Illuminate/View/Engines/PhpEngine.php(58): Illuminate\\Filesystem\\Filesystem->getRequire()
#3 /home/ouknik/Desktop/brahim_projects/j/j v2/jeunesscar/framework/vendor/laravel/framework/src/Illuminate/View/Engines/CompilerEngine.php(72): Illuminate\\View\\Engines\\PhpEngine->evaluatePath()
#4 /home/ouknik/Desktop/brahim_projects/j/j v2/jeunesscar/framework/vendor/laravel/framework/src/Illuminate/View/View.php(207): Illuminate\\View\\Engines\\CompilerEngine->get()
#5 /home/ouknik/Desktop/brahim_projects/j/j v2/jeunesscar/framework/vendor/laravel/framework/src/Illuminate/View/View.php(190): Illuminate\\View\\View->getContents()
#6 /home/ouknik/Desktop/brahim_projects/j/j v2/jeunesscar/framework/vendor/laravel/framework/src/Illuminate/View/View.php(159): Illuminate\\View\\View->renderContents()
#7 /home/ouknik/Desktop/brahim_projects/j/j v2/jeunesscar/framework/vendor/laravel/framework/src/Illuminate/Http/Response.php(69): Illuminate\\View\\View->render()
#8 /home/ouknik/Desktop/brahim_projects/j/j v2/jeunesscar/framework/vendor/laravel/framework/src/Illuminate/Http/Response.php(35): Illuminate\\Http\\Response->setContent()
#9 /home/ouknik/Desktop/brahim_projects/j/j v2/jeunesscar/framework/vendor/laravel/framework/src/Illuminate/Routing/Router.php(918): Illuminate\\Http\\Response->__construct()
#10 /home/ouknik/Desktop/brahim_projects/j/j v2/jeunesscar/framework/vendor/laravel/framework/src/Illuminate/Routing/Router.php(885): Illuminate\\Routing\\Router::toResponse()
#11 /home/ouknik/Desktop/brahim_projects/j/j v2/jeunesscar/framework/vendor/laravel/framework/src/Illuminate/Routing/Router.php(805): Illuminate\\Routing\\Router->prepareResponse()
#12 /home/ouknik/Desktop/brahim_projects/j/j v2/jeunesscar/framework/vendor/laravel/framework/src/Illuminate/Pipeline/Pipeline.php(144): Illuminate\\Routing\\Router->Illuminate\\Routing\\{closure}()
#13 /home/ouknik/Desktop/brahim_projects/j/j v2/jeunesscar/framework/vendor/spatie/laravel-permission/src/Middlewares/PermissionMiddleware.php(24): Illuminate\\Pipeline\\Pipeline->Illuminate\\Pipeline\\{closure}()
#14 /home/ouknik/Desktop/brahim_projects/j/j v2/jeunesscar/framework/vendor/laravel/framework/src/Illuminate/Pipeline/Pipeline.php(183): Spatie\\Permission\\Middlewares\\PermissionMiddleware->handle()
#15 /home/ouknik/Desktop/brahim_projects/j/j v2/jeunesscar/framework/app/Http/Middleware/SetLocale.php(37): Illuminate\\Pipeline\\Pipeline->Illuminate\\Pipeline\\{closure}()
#16 /home/ouknik/Desktop/brahim_projects/j/j v2/jeunesscar/framework/vendor/laravel/framework/src/Illuminate/Pipeline/Pipeline.php(183): App\\Http\\Middleware\\SetLocale->handle()
#17 /home/ouknik/Desktop/brahim_projects/j/j v2/jeunesscar/framework/vendor/laravel/framework/src/Illuminate/Routing/Middleware/SubstituteBindings.php(50): Illuminate\\Pipeline\\Pipeline->Illuminate\\Pipeline\\{closure}()
#18 /home/ouknik/Desktop/brahim_projects/j/j v2/jeunesscar/framework/vendor/laravel/framework/src/Illuminate/Pipeline/Pipeline.php(183): Illuminate\\Routing\\Middleware\\SubstituteBindings->handle()
#19 /home/ouknik/Desktop/brahim_projects/j/j v2/jeunesscar/framework/vendor/laravel/framework/src/Illuminate/Auth/Middleware/Authenticate.php(57): Illuminate\\Pipeline\\Pipeline->Illuminate\\Pipeline\\{closure}()
#20 /home/ouknik/Desktop/brahim_projects/j/j v2/jeunesscar/framework/vendor/laravel/framework/src/Illuminate/Pipeline/Pipeline.php(183): Illuminate\\Auth\\Middleware\\Authenticate->handle()
#21 /home/ouknik/Desktop/brahim_projects/j/j v2/jeunesscar/framework/vendor/laravel/framework/src/Illuminate/Foundation/Http/Middleware/VerifyCsrfToken.php(78): Illuminate\\Pipeline\\Pipeline->Illuminate\\Pipeline\\{closure}()
#22 /home/ouknik/Desktop/brahim_projects/j/j v2/jeunesscar/framework/vendor/laravel/framework/src/Illuminate/Pipeline/Pipeline.php(183): Illuminate\\Foundation\\Http\\Middleware\\VerifyCsrfToken->handle()
#23 /home/ouknik/Desktop/brahim_projects/j/j v2/jeunesscar/framework/vendor/laravel/framework/src/Illuminate/View/Middleware/ShareErrorsFromSession.php(49): Illuminate\\Pipeline\\Pipeline->Illuminate\\Pipeline\\{closure}()
#24 /home/ouknik/Desktop/brahim_projects/j/j v2/jeunesscar/framework/vendor/laravel/framework/src/Illuminate/Pipeline/Pipeline.php(183): Illuminate\\View\\Middleware\\ShareErrorsFromSession->handle()
#25 /home/ouknik/Desktop/brahim_projects/j/j v2/jeunesscar/framework/vendor/laravel/framework/src/Illuminate/Session/Middleware/StartSession.php(121): Illuminate\\Pipeline\\Pipeline->Illuminate\\Pipeline\\{closure}()
#26 /home/ouknik/Desktop/brahim_projects/j/j v2/jeunesscar/framework/vendor/laravel/framework/src/Illuminate/Session/Middleware/StartSession.php(64): Illuminate\\Session\\Middleware\\StartSession->handleStatefulRequest()
#27 /home/ouknik/Desktop/brahim_projects/j/j v2/jeunesscar/framework/vendor/laravel/framework/src/Illuminate/Pipeline/Pipeline.php(183): Illuminate\\Session\\Middleware\\StartSession->handle()
#28 /home/ouknik/Desktop/brahim_projects/j/j v2/jeunesscar/framework/vendor/laravel/framework/src/Illuminate/Cookie/Middleware/AddQueuedCookiesToResponse.php(37): Illuminate\\Pipeline\\Pipeline->Illuminate\\Pipeline\\{closure}()
#29 /home/ouknik/Desktop/brahim_projects/j/j v2/jeunesscar/framework/vendor/laravel/framework/src/Illuminate/Pipeline/Pipeline.php(183): Illuminate\\Cookie\\Middleware\\AddQueuedCookiesToResponse->handle()
#30 /home/ouknik/Desktop/brahim_projects/j/j v2/jeunesscar/framework/vendor/laravel/framework/src/Illuminate/Cookie/Middleware/EncryptCookies.php(67): Illuminate\\Pipeline\\Pipeline->Illuminate\\Pipeline\\{closure}()
#31 /home/ouknik/Desktop/brahim_projects/j/j v2/jeunesscar/framework/vendor/laravel/framework/src/Illuminate/Pipeline/Pipeline.php(183): Illuminate\\Cookie\\Middleware\\EncryptCookies->handle()
#32 /home/ouknik/Desktop/brahim_projects/j/j v2/jeunesscar/framework/vendor/laravel/framework/src/Illuminate/Pipeline/Pipeline.php(119): Illuminate\\Pipeline\\Pipeline->Illuminate\\Pipeline\\{closure}()
#33 /home/ouknik/Desktop/brahim_projects/j/j v2/jeunesscar/framework/vendor/laravel/framework/src/Illuminate/Routing/Router.php(805): Illuminate\\Pipeline\\Pipeline->then()
#34 /home/ouknik/Desktop/brahim_projects/j/j v2/jeunesscar/framework/vendor/laravel/framework/src/Illuminate/Routing/Router.php(784): Illuminate\\Routing\\Router->runRouteWithinStack()
#35 /home/ouknik/Desktop/brahim_projects/j/j v2/jeunesscar/framework/vendor/laravel/framework/src/Illuminate/Routing/Router.php(748): Illuminate\\Routing\\Router->runRoute()
#36 /home/ouknik/Desktop/brahim_projects/j/j v2/jeunesscar/framework/vendor/laravel/framework/src/Illuminate/Routing/Router.php(737): Illuminate\\Routing\\Router->dispatchToRoute()
#37 /home/ouknik/Desktop/brahim_projects/j/j v2/jeunesscar/framework/vendor/laravel/framework/src/Illuminate/Foundation/Http/Kernel.php(200): Illuminate\\Routing\\Router->dispatch()
#38 /home/ouknik/Desktop/brahim_projects/j/j v2/jeunesscar/framework/vendor/laravel/framework/src/Illuminate/Pipeline/Pipeline.php(144): Illuminate\\Foundation\\Http\\Kernel->Illuminate\\Foundation\\Http\\{closure}()
#39 /home/ouknik/Desktop/brahim_projects/j/j v2/jeunesscar/framework/vendor/laravel/framework/src/Illuminate/Foundation/Http/Middleware/TransformsRequest.php(21): Illuminate\\Pipeline\\Pipeline->Illuminate\\Pipeline\\{closure}()
#40 /home/ouknik/Desktop/brahim_projects/j/j v2/jeunesscar/framework/vendor/laravel/framework/src/Illuminate/Foundation/Http/Middleware/ConvertEmptyStringsToNull.php(31): Illuminate\\Foundation\\Http\\Middleware\\TransformsRequest->handle()
#41 /home/ouknik/Desktop/brahim_projects/j/j v2/jeunesscar/framework/vendor/laravel/framework/src/Illuminate/Pipeline/Pipeline.php(183): Illuminate\\Foundation\\Http\\Middleware\\ConvertEmptyStringsToNull->handle()
#42 /home/ouknik/Desktop/brahim_projects/j/j v2/jeunesscar/framework/vendor/laravel/framework/src/Illuminate/Foundation/Http/Middleware/TransformsRequest.php(21): Illuminate\\Pipeline\\Pipeline->Illuminate\\Pipeline\\{closure}()
#43 /home/ouknik/Desktop/brahim_projects/j/j v2/jeunesscar/framework/vendor/laravel/framework/src/Illuminate/Foundation/Http/Middleware/TrimStrings.php(40): Illuminate\\Foundation\\Http\\Middleware\\TransformsRequest->handle()
#44 /home/ouknik/Desktop/brahim_projects/j/j v2/jeunesscar/framework/vendor/laravel/framework/src/Illuminate/Pipeline/Pipeline.php(183): Illuminate\\Foundation\\Http\\Middleware\\TrimStrings->handle()
#45 /home/ouknik/Desktop/brahim_projects/j/j v2/jeunesscar/framework/vendor/laravel/framework/src/Illuminate/Foundation/Http/Middleware/ValidatePostSize.php(27): Illuminate\\Pipeline\\Pipeline->Illuminate\\Pipeline\\{closure}()
#46 /home/ouknik/Desktop/brahim_projects/j/j v2/jeunesscar/framework/vendor/laravel/framework/src/Illuminate/Pipeline/Pipeline.php(183): Illuminate\\Foundation\\Http\\Middleware\\ValidatePostSize->handle()
#47 /home/ouknik/Desktop/brahim_projects/j/j v2/jeunesscar/framework/vendor/laravel/framework/src/Illuminate/Foundation/Http/Middleware/PreventRequestsDuringMaintenance.php(99): Illuminate\\Pipeline\\Pipeline->Illuminate\\Pipeline\\{closure}()
#48 /home/ouknik/Desktop/brahim_projects/j/j v2/jeunesscar/framework/vendor/laravel/framework/src/Illuminate/Pipeline/Pipeline.php(183): Illuminate\\Foundation\\Http\\Middleware\\PreventRequestsDuringMaintenance->handle()
#49 /home/ouknik/Desktop/brahim_projects/j/j v2/jeunesscar/framework/vendor/laravel/framework/src/Illuminate/Pipeline/Pipeline.php(119): Illuminate\\Pipeline\\Pipeline->Illuminate\\Pipeline\\{closure}()
#50 /home/ouknik/Desktop/brahim_projects/j/j v2/jeunesscar/framework/vendor/laravel/framework/src/Illuminate/Foundation/Http/Kernel.php(175): Illuminate\\Pipeline\\Pipeline->then()
#51 /home/ouknik/Desktop/brahim_projects/j/j v2/jeunesscar/framework/vendor/laravel/framework/src/Illuminate/Foundation/Http/Kernel.php(144): Illuminate\\Foundation\\Http\\Kernel->sendRequestThroughRouter()
#52 /home/ouknik/Desktop/brahim_projects/j/j v2/jeunesscar/index.php(13): Illuminate\\Foundation\\Http\\Kernel->handle()
#53 {main}

[previous exception] [object] (ErrorException(code: 0): Undefined variable $data at /home/ouknik/Desktop/brahim_projects/j/j v2/jeunesscar/framework/storage/framework/views/5ea7a2139a66afb43a1f1f4d6e4a1c4f.php:19)
[stacktrace]
#0 /home/ouknik/Desktop/brahim_projects/j/j v2/jeunesscar/framework/vendor/laravel/framework/src/Illuminate/Foundation/Bootstrap/HandleExceptions.php(255): Illuminate\\Foundation\\Bootstrap\\HandleExceptions->handleError()
#1 /home/ouknik/Desktop/brahim_projects/j/j v2/jeunesscar/framework/storage/framework/views/5ea7a2139a66afb43a1f1f4d6e4a1c4f.php(19): Illuminate\\Foundation\\Bootstrap\\HandleExceptions->Illuminate\\Foundation\\Bootstrap\\{closure}()
#2 /home/ouknik/Desktop/brahim_projects/j/j v2/jeunesscar/framework/vendor/laravel/framework/src/Illuminate/Filesystem/Filesystem.php(123): require('...')
#3 /home/ouknik/Desktop/brahim_projects/j/j v2/jeunesscar/framework/vendor/laravel/framework/src/Illuminate/Filesystem/Filesystem.php(124): Illuminate\\Filesystem\\Filesystem::Illuminate\\Filesystem\\{closure}()
#4 /home/ouknik/Desktop/brahim_projects/j/j v2/jeunesscar/framework/vendor/laravel/framework/src/Illuminate/View/Engines/PhpEngine.php(58): Illuminate\\Filesystem\\Filesystem->getRequire()
#5 /home/ouknik/Desktop/brahim_projects/j/j v2/jeunesscar/framework/vendor/laravel/framework/src/Illuminate/View/Engines/CompilerEngine.php(72): Illuminate\\View\\Engines\\PhpEngine->evaluatePath()
#6 /home/ouknik/Desktop/brahim_projects/j/j v2/jeunesscar/framework/vendor/laravel/framework/src/Illuminate/View/View.php(207): Illuminate\\View\\Engines\\CompilerEngine->get()
#7 /home/ouknik/Desktop/brahim_projects/j/j v2/jeunesscar/framework/vendor/laravel/framework/src/Illuminate/View/View.php(190): Illuminate\\View\\View->getContents()
#8 /home/ouknik/Desktop/brahim_projects/j/j v2/jeunesscar/framework/vendor/laravel/framework/src/Illuminate/View/View.php(159): Illuminate\\View\\View->renderContents()
#9 /home/ouknik/Desktop/brahim_projects/j/j v2/jeunesscar/framework/vendor/laravel/framework/src/Illuminate/Http/Response.php(69): Illuminate\\View\\View->render()
#10 /home/ouknik/Desktop/brahim_projects/j/j v2/jeunesscar/framework/vendor/laravel/framework/src/Illuminate/Http/Response.php(35): Illuminate\\Http\\Response->setContent()
#11 /home/ouknik/Desktop/brahim_projects/j/j v2/jeunesscar/framework/vendor/laravel/framework/src/Illuminate/Routing/Router.php(918): Illuminate\\Http\\Response->__construct()
#12 /home/ouknik/Desktop/brahim_projects/j/j v2/jeunesscar/framework/vendor/laravel/framework/src/Illuminate/Routing/Router.php(885): Illuminate\\Routing\\Router::toResponse()
#13 /home/ouknik/Desktop/brahim_projects/j/j v2/jeunesscar/framework/vendor/laravel/framework/src/Illuminate/Routing/Router.php(805): Illuminate\\Routing\\Router->prepareResponse()
#14 /home/ouknik/Desktop/brahim_projects/j/j v2/jeunesscar/framework/vendor/laravel/framework/src/Illuminate/Pipeline/Pipeline.php(144): Illuminate\\Routing\\Router->Illuminate\\Routing\\{closure}()
#15 /home/ouknik/Desktop/brahim_projects/j/j v2/jeunesscar/framework/vendor/spatie/laravel-permission/src/Middlewares/PermissionMiddleware.php(24): Illuminate\\Pipeline\\Pipeline->Illuminate\\Pipeline\\{closure}()
#16 /home/ouknik/Desktop/brahim_projects/j/j v2/jeunesscar/framework/vendor/laravel/framework/src/Illuminate/Pipeline/Pipeline.php(183): Spatie\\Permission\\Middlewares\\PermissionMiddleware->handle()
#17 /home/ouknik/Desktop/brahim_projects/j/j v2/jeunesscar/framework/app/Http/Middleware/SetLocale.php(37): Illuminate\\Pipeline\\Pipeline->Illuminate\\Pipeline\\{closure}()
#18 /home/ouknik/Desktop/brahim_projects/j/j v2/jeunesscar/framework/vendor/laravel/framework/src/Illuminate/Pipeline/Pipeline.php(183): App\\Http\\Middleware\\SetLocale->handle()
#19 /home/ouknik/Desktop/brahim_projects/j/j v2/jeunesscar/framework/vendor/laravel/framework/src/Illuminate/Routing/Middleware/SubstituteBindings.php(50): Illuminate\\Pipeline\\Pipeline->Illuminate\\Pipeline\\{closure}()
#20 /home/ouknik/Desktop/brahim_projects/j/j v2/jeunesscar/framework/vendor/laravel/framework/src/Illuminate/Pipeline/Pipeline.php(183): Illuminate\\Routing\\Middleware\\SubstituteBindings->handle()
#21 /home/ouknik/Desktop/brahim_projects/j/j v2/jeunesscar/framework/vendor/laravel/framework/src/Illuminate/Auth/Middleware/Authenticate.php(57): Illuminate\\Pipeline\\Pipeline->Illuminate\\Pipeline\\{closure}()
#22 /home/ouknik/Desktop/brahim_projects/j/j v2/jeunesscar/framework/vendor/laravel/framework/src/Illuminate/Pipeline/Pipeline.php(183): Illuminate\\Auth\\Middleware\\Authenticate->handle()
#23 /home/ouknik/Desktop/brahim_projects/j/j v2/jeunesscar/framework/vendor/laravel/framework/src/Illuminate/Foundation/Http/Middleware/VerifyCsrfToken.php(78): Illuminate\\Pipeline\\Pipeline->Illuminate\\Pipeline\\{closure}()
#24 /home/ouknik/Desktop/brahim_projects/j/j v2/jeunesscar/framework/vendor/laravel/framework/src/Illuminate/Pipeline/Pipeline.php(183): Illuminate\\Foundation\\Http\\Middleware\\VerifyCsrfToken->handle()
#25 /home/ouknik/Desktop/brahim_projects/j/j v2/jeunesscar/framework/vendor/laravel/framework/src/Illuminate/View/Middleware/ShareErrorsFromSession.php(49): Illuminate\\Pipeline\\Pipeline->Illuminate\\Pipeline\\{closure}()
#26 /home/ouknik/Desktop/brahim_projects/j/j v2/jeunesscar/framework/vendor/laravel/framework/src/Illuminate/Pipeline/Pipeline.php(183): Illuminate\\View\\Middleware\\ShareErrorsFromSession->handle()
#27 /home/ouknik/Desktop/brahim_projects/j/j v2/jeunesscar/framework/vendor/laravel/framework/src/Illuminate/Session/Middleware/StartSession.php(121): Illuminate\\Pipeline\\Pipeline->Illuminate\\Pipeline\\{closure}()
#28 /home/ouknik/Desktop/brahim_projects/j/j v2/jeunesscar/framework/vendor/laravel/framework/src/Illuminate/Session/Middleware/StartSession.php(64): Illuminate\\Session\\Middleware\\StartSession->handleStatefulRequest()
#29 /home/ouknik/Desktop/brahim_projects/j/j v2/jeunesscar/framework/vendor/laravel/framework/src/Illuminate/Pipeline/Pipeline.php(183): Illuminate\\Session\\Middleware\\StartSession->handle()
#30 /home/ouknik/Desktop/brahim_projects/j/j v2/jeunesscar/framework/vendor/laravel/framework/src/Illuminate/Cookie/Middleware/AddQueuedCookiesToResponse.php(37): Illuminate\\Pipeline\\Pipeline->Illuminate\\Pipeline\\{closure}()
#31 /home/ouknik/Desktop/brahim_projects/j/j v2/jeunesscar/framework/vendor/laravel/framework/src/Illuminate/Pipeline/Pipeline.php(183): Illuminate\\Cookie\\Middleware\\AddQueuedCookiesToResponse->handle()
#32 /home/ouknik/Desktop/brahim_projects/j/j v2/jeunesscar/framework/vendor/laravel/framework/src/Illuminate/Cookie/Middleware/EncryptCookies.php(67): Illuminate\\Pipeline\\Pipeline->Illuminate\\Pipeline\\{closure}()
#33 /home/ouknik/Desktop/brahim_projects/j/j v2/jeunesscar/framework/vendor/laravel/framework/src/Illuminate/Pipeline/Pipeline.php(183): Illuminate\\Cookie\\Middleware\\EncryptCookies->handle()
#34 /home/ouknik/Desktop/brahim_projects/j/j v2/jeunesscar/framework/vendor/laravel/framework/src/Illuminate/Pipeline/Pipeline.php(119): Illuminate\\Pipeline\\Pipeline->Illuminate\\Pipeline\\{closure}()
#35 /home/ouknik/Desktop/brahim_projects/j/j v2/jeunesscar/framework/vendor/laravel/framework/src/Illuminate/Routing/Router.php(805): Illuminate\\Pipeline\\Pipeline->then()
#36 /home/ouknik/Desktop/brahim_projects/j/j v2/jeunesscar/framework/vendor/laravel/framework/src/Illuminate/Routing/Router.php(784): Illuminate\\Routing\\Router->runRouteWithinStack()
#37 /home/ouknik/Desktop/brahim_projects/j/j v2/jeunesscar/framework/vendor/laravel/framework/src/Illuminate/Routing/Router.php(748): Illuminate\\Routing\\Router->runRoute()
#38 /home/ouknik/Desktop/brahim_projects/j/j v2/jeunesscar/framework/vendor/laravel/framework/src/Illuminate/Routing/Router.php(737): Illuminate\\Routing\\Router->dispatchToRoute()
#39 /home/ouknik/Desktop/brahim_projects/j/j v2/jeunesscar/framework/vendor/laravel/framework/src/Illuminate/Foundation/Http/Kernel.php(200): Illuminate\\Routing\\Router->dispatch()
#40 /home/ouknik/Desktop/brahim_projects/j/j v2/jeunesscar/framework/vendor/laravel/framework/src/Illuminate/Pipeline/Pipeline.php(144): Illuminate\\Foundation\\Http\\Kernel->Illuminate\\Foundation\\Http\\{closure}()
#41 /home/ouknik/Desktop/brahim_projects/j/j v2/jeunesscar/framework/vendor/laravel/framework/src/Illuminate/Foundation/Http/Middleware/TransformsRequest.php(21): Illuminate\\Pipeline\\Pipeline->Illuminate\\Pipeline\\{closure}()
#42 /home/ouknik/Desktop/brahim_projects/j/j v2/jeunesscar/framework/vendor/laravel/framework/src/Illuminate/Foundation/Http/Middleware/ConvertEmptyStringsToNull.php(31): Illuminate\\Foundation\\Http\\Middleware\\TransformsRequest->handle()
#43 /home/ouknik/Desktop/brahim_projects/j/j v2/jeunesscar/framework/vendor/laravel/framework/src/Illuminate/Pipeline/Pipeline.php(183): Illuminate\\Foundation\\Http\\Middleware\\ConvertEmptyStringsToNull->handle()
#44 /home/ouknik/Desktop/brahim_projects/j/j v2/jeunesscar/framework/vendor/laravel/framework/src/Illuminate/Foundation/Http/Middleware/TransformsRequest.php(21): Illuminate\\Pipeline\\Pipeline->Illuminate\\Pipeline\\{closure}()
#45 /home/ouknik/Desktop/brahim_projects/j/j v2/jeunesscar/framework/vendor/laravel/framework/src/Illuminate/Foundation/Http/Middleware/TrimStrings.php(40): Illuminate\\Foundation\\Http\\Middleware\\TransformsRequest->handle()
#46 /home/ouknik/Desktop/brahim_projects/j/j v2/jeunesscar/framework/vendor/laravel/framework/src/Illuminate/Pipeline/Pipeline.php(183): Illuminate\\Foundation\\Http\\Middleware\\TrimStrings->handle()
#47 /home/ouknik/Desktop/brahim_projects/j/j v2/jeunesscar/framework/vendor/laravel/framework/src/Illuminate/Foundation/Http/Middleware/ValidatePostSize.php(27): Illuminate\\Pipeline\\Pipeline->Illuminate\\Pipeline\\{closure}()
#48 /home/ouknik/Desktop/brahim_projects/j/j v2/jeunesscar/framework/vendor/laravel/framework/src/Illuminate/Pipeline/Pipeline.php(183): Illuminate\\Foundation\\Http\\Middleware\\ValidatePostSize->handle()
#49 /home/ouknik/Desktop/brahim_projects/j/j v2/jeunesscar/framework/vendor/laravel/framework/src/Illuminate/Foundation/Http/Middleware/PreventRequestsDuringMaintenance.php(99): Illuminate\\Pipeline\\Pipeline->Illuminate\\Pipeline\\{closure}()
#50 /home/ouknik/Desktop/brahim_projects/j/j v2/jeunesscar/framework/vendor/laravel/framework/src/Illuminate/Pipeline/Pipeline.php(183): Illuminate\\Foundation\\Http\\Middleware\\PreventRequestsDuringMaintenance->handle()
#51 /home/ouknik/Desktop/brahim_projects/j/j v2/jeunesscar/framework/vendor/laravel/framework/src/Illuminate/Pipeline/Pipeline.php(119): Illuminate\\Pipeline\\Pipeline->Illuminate\\Pipeline\\{closure}()
#52 /home/ouknik/Desktop/brahim_projects/j/j v2/jeunesscar/framework/vendor/laravel/framework/src/Illuminate/Foundation/Http/Kernel.php(175): Illuminate\\Pipeline\\Pipeline->then()
#53 /home/ouknik/Desktop/brahim_projects/j/j v2/jeunesscar/framework/vendor/laravel/framework/src/Illuminate/Foundation/Http/Kernel.php(144): Illuminate\\Foundation\\Http\\Kernel->sendRequestThroughRouter()
#54 /home/ouknik/Desktop/brahim_projects/j/j v2/jeunesscar/index.php(13): Illuminate\\Foundation\\Http\\Kernel->handle()
#55 {main}
"} 
[2025-05-17 20:55:21] local.ERROR: Call to undefined method Illuminate\Database\Eloquent\Builder::all() {"userId":1,"exception":"[object] (BadMethodCallException(code: 0): Call to undefined method Illuminate\\Database\\Eloquent\\Builder::all() at /home/ouknik/Desktop/brahim_projects/j/j v2/jeunesscar/framework/vendor/laravel/framework/src/Illuminate/Support/Traits/ForwardsCalls.php:67)
[stacktrace]
#0 /home/ouknik/Desktop/brahim_projects/j/j v2/jeunesscar/framework/vendor/laravel/framework/src/Illuminate/Support/Traits/ForwardsCalls.php(36): Illuminate\\Database\\Eloquent\\Builder::throwBadMethodCallException()
#1 /home/ouknik/Desktop/brahim_projects/j/j v2/jeunesscar/framework/vendor/laravel/framework/src/Illuminate/Database/Eloquent/Builder.php(1985): Illuminate\\Database\\Eloquent\\Builder->forwardCallTo()
#2 /home/ouknik/Desktop/brahim_projects/j/j v2/jeunesscar/framework/app/Http/Controllers/Admin/ReceptionController.php(35): Illuminate\\Database\\Eloquent\\Builder->__call()
#3 /home/ouknik/Desktop/brahim_projects/j/j v2/jeunesscar/framework/vendor/laravel/framework/src/Illuminate/Routing/Controller.php(54): App\\Http\\Controllers\\Admin\\ReceptionController->index()
#4 /home/ouknik/Desktop/brahim_projects/j/j v2/jeunesscar/framework/vendor/laravel/framework/src/Illuminate/Routing/ControllerDispatcher.php(43): Illuminate\\Routing\\Controller->callAction()
#5 /home/ouknik/Desktop/brahim_projects/j/j v2/jeunesscar/framework/vendor/laravel/framework/src/Illuminate/Routing/Route.php(259): Illuminate\\Routing\\ControllerDispatcher->dispatch()
#6 /home/ouknik/Desktop/brahim_projects/j/j v2/jeunesscar/framework/vendor/laravel/framework/src/Illuminate/Routing/Route.php(205): Illuminate\\Routing\\Route->runController()
#7 /home/ouknik/Desktop/brahim_projects/j/j v2/jeunesscar/framework/vendor/laravel/framework/src/Illuminate/Routing/Router.php(806): Illuminate\\Routing\\Route->run()
#8 /home/ouknik/Desktop/brahim_projects/j/j v2/jeunesscar/framework/vendor/laravel/framework/src/Illuminate/Pipeline/Pipeline.php(144): Illuminate\\Routing\\Router->Illuminate\\Routing\\{closure}()
#9 /home/ouknik/Desktop/brahim_projects/j/j v2/jeunesscar/framework/vendor/spatie/laravel-permission/src/Middlewares/PermissionMiddleware.php(24): Illuminate\\Pipeline\\Pipeline->Illuminate\\Pipeline\\{closure}()
#10 /home/ouknik/Desktop/brahim_projects/j/j v2/jeunesscar/framework/vendor/laravel/framework/src/Illuminate/Pipeline/Pipeline.php(183): Spatie\\Permission\\Middlewares\\PermissionMiddleware->handle()
#11 /home/ouknik/Desktop/brahim_projects/j/j v2/jeunesscar/framework/app/Http/Middleware/SetLocale.php(37): Illuminate\\Pipeline\\Pipeline->Illuminate\\Pipeline\\{closure}()
#12 /home/ouknik/Desktop/brahim_projects/j/j v2/jeunesscar/framework/vendor/laravel/framework/src/Illuminate/Pipeline/Pipeline.php(183): App\\Http\\Middleware\\SetLocale->handle()
#13 /home/ouknik/Desktop/brahim_projects/j/j v2/jeunesscar/framework/vendor/laravel/framework/src/Illuminate/Routing/Middleware/SubstituteBindings.php(50): Illuminate\\Pipeline\\Pipeline->Illuminate\\Pipeline\\{closure}()
#14 /home/ouknik/Desktop/brahim_projects/j/j v2/jeunesscar/framework/vendor/laravel/framework/src/Illuminate/Pipeline/Pipeline.php(183): Illuminate\\Routing\\Middleware\\SubstituteBindings->handle()
#15 /home/ouknik/Desktop/brahim_projects/j/j v2/jeunesscar/framework/vendor/laravel/framework/src/Illuminate/Auth/Middleware/Authenticate.php(57): Illuminate\\Pipeline\\Pipeline->Illuminate\\Pipeline\\{closure}()
#16 /home/ouknik/Desktop/brahim_projects/j/j v2/jeunesscar/framework/vendor/laravel/framework/src/Illuminate/Pipeline/Pipeline.php(183): Illuminate\\Auth\\Middleware\\Authenticate->handle()
#17 /home/ouknik/Desktop/brahim_projects/j/j v2/jeunesscar/framework/vendor/laravel/framework/src/Illuminate/Foundation/Http/Middleware/VerifyCsrfToken.php(78): Illuminate\\Pipeline\\Pipeline->Illuminate\\Pipeline\\{closure}()
#18 /home/ouknik/Desktop/brahim_projects/j/j v2/jeunesscar/framework/vendor/laravel/framework/src/Illuminate/Pipeline/Pipeline.php(183): Illuminate\\Foundation\\Http\\Middleware\\VerifyCsrfToken->handle()
#19 /home/ouknik/Desktop/brahim_projects/j/j v2/jeunesscar/framework/vendor/laravel/framework/src/Illuminate/View/Middleware/ShareErrorsFromSession.php(49): Illuminate\\Pipeline\\Pipeline->Illuminate\\Pipeline\\{closure}()
#20 /home/ouknik/Desktop/brahim_projects/j/j v2/jeunesscar/framework/vendor/laravel/framework/src/Illuminate/Pipeline/Pipeline.php(183): Illuminate\\View\\Middleware\\ShareErrorsFromSession->handle()
#21 /home/ouknik/Desktop/brahim_projects/j/j v2/jeunesscar/framework/vendor/laravel/framework/src/Illuminate/Session/Middleware/StartSession.php(121): Illuminate\\Pipeline\\Pipeline->Illuminate\\Pipeline\\{closure}()
#22 /home/ouknik/Desktop/brahim_projects/j/j v2/jeunesscar/framework/vendor/laravel/framework/src/Illuminate/Session/Middleware/StartSession.php(64): Illuminate\\Session\\Middleware\\StartSession->handleStatefulRequest()
#23 /home/ouknik/Desktop/brahim_projects/j/j v2/jeunesscar/framework/vendor/laravel/framework/src/Illuminate/Pipeline/Pipeline.php(183): Illuminate\\Session\\Middleware\\StartSession->handle()
#24 /home/ouknik/Desktop/brahim_projects/j/j v2/jeunesscar/framework/vendor/laravel/framework/src/Illuminate/Cookie/Middleware/AddQueuedCookiesToResponse.php(37): Illuminate\\Pipeline\\Pipeline->Illuminate\\Pipeline\\{closure}()
#25 /home/ouknik/Desktop/brahim_projects/j/j v2/jeunesscar/framework/vendor/laravel/framework/src/Illuminate/Pipeline/Pipeline.php(183): Illuminate\\Cookie\\Middleware\\AddQueuedCookiesToResponse->handle()
#26 /home/ouknik/Desktop/brahim_projects/j/j v2/jeunesscar/framework/vendor/laravel/framework/src/Illuminate/Cookie/Middleware/EncryptCookies.php(67): Illuminate\\Pipeline\\Pipeline->Illuminate\\Pipeline\\{closure}()
#27 /home/ouknik/Desktop/brahim_projects/j/j v2/jeunesscar/framework/vendor/laravel/framework/src/Illuminate/Pipeline/Pipeline.php(183): Illuminate\\Cookie\\Middleware\\EncryptCookies->handle()
#28 /home/ouknik/Desktop/brahim_projects/j/j v2/jeunesscar/framework/vendor/laravel/framework/src/Illuminate/Pipeline/Pipeline.php(119): Illuminate\\Pipeline\\Pipeline->Illuminate\\Pipeline\\{closure}()
#29 /home/ouknik/Desktop/brahim_projects/j/j v2/jeunesscar/framework/vendor/laravel/framework/src/Illuminate/Routing/Router.php(805): Illuminate\\Pipeline\\Pipeline->then()
#30 /home/ouknik/Desktop/brahim_projects/j/j v2/jeunesscar/framework/vendor/laravel/framework/src/Illuminate/Routing/Router.php(784): Illuminate\\Routing\\Router->runRouteWithinStack()
#31 /home/ouknik/Desktop/brahim_projects/j/j v2/jeunesscar/framework/vendor/laravel/framework/src/Illuminate/Routing/Router.php(748): Illuminate\\Routing\\Router->runRoute()
#32 /home/ouknik/Desktop/brahim_projects/j/j v2/jeunesscar/framework/vendor/laravel/framework/src/Illuminate/Routing/Router.php(737): Illuminate\\Routing\\Router->dispatchToRoute()
#33 /home/ouknik/Desktop/brahim_projects/j/j v2/jeunesscar/framework/vendor/laravel/framework/src/Illuminate/Foundation/Http/Kernel.php(200): Illuminate\\Routing\\Router->dispatch()
#34 /home/ouknik/Desktop/brahim_projects/j/j v2/jeunesscar/framework/vendor/laravel/framework/src/Illuminate/Pipeline/Pipeline.php(144): Illuminate\\Foundation\\Http\\Kernel->Illuminate\\Foundation\\Http\\{closure}()
#35 /home/ouknik/Desktop/brahim_projects/j/j v2/jeunesscar/framework/vendor/laravel/framework/src/Illuminate/Foundation/Http/Middleware/TransformsRequest.php(21): Illuminate\\Pipeline\\Pipeline->Illuminate\\Pipeline\\{closure}()
#36 /home/ouknik/Desktop/brahim_projects/j/j v2/jeunesscar/framework/vendor/laravel/framework/src/Illuminate/Foundation/Http/Middleware/ConvertEmptyStringsToNull.php(31): Illuminate\\Foundation\\Http\\Middleware\\TransformsRequest->handle()
#37 /home/ouknik/Desktop/brahim_projects/j/j v2/jeunesscar/framework/vendor/laravel/framework/src/Illuminate/Pipeline/Pipeline.php(183): Illuminate\\Foundation\\Http\\Middleware\\ConvertEmptyStringsToNull->handle()
#38 /home/ouknik/Desktop/brahim_projects/j/j v2/jeunesscar/framework/vendor/laravel/framework/src/Illuminate/Foundation/Http/Middleware/TransformsRequest.php(21): Illuminate\\Pipeline\\Pipeline->Illuminate\\Pipeline\\{closure}()
#39 /home/ouknik/Desktop/brahim_projects/j/j v2/jeunesscar/framework/vendor/laravel/framework/src/Illuminate/Foundation/Http/Middleware/TrimStrings.php(40): Illuminate\\Foundation\\Http\\Middleware\\TransformsRequest->handle()
#40 /home/ouknik/Desktop/brahim_projects/j/j v2/jeunesscar/framework/vendor/laravel/framework/src/Illuminate/Pipeline/Pipeline.php(183): Illuminate\\Foundation\\Http\\Middleware\\TrimStrings->handle()
#41 /home/ouknik/Desktop/brahim_projects/j/j v2/jeunesscar/framework/vendor/laravel/framework/src/Illuminate/Foundation/Http/Middleware/ValidatePostSize.php(27): Illuminate\\Pipeline\\Pipeline->Illuminate\\Pipeline\\{closure}()
#42 /home/ouknik/Desktop/brahim_projects/j/j v2/jeunesscar/framework/vendor/laravel/framework/src/Illuminate/Pipeline/Pipeline.php(183): Illuminate\\Foundation\\Http\\Middleware\\ValidatePostSize->handle()
#43 /home/ouknik/Desktop/brahim_projects/j/j v2/jeunesscar/framework/vendor/laravel/framework/src/Illuminate/Foundation/Http/Middleware/PreventRequestsDuringMaintenance.php(99): Illuminate\\Pipeline\\Pipeline->Illuminate\\Pipeline\\{closure}()
#44 /home/ouknik/Desktop/brahim_projects/j/j v2/jeunesscar/framework/vendor/laravel/framework/src/Illuminate/Pipeline/Pipeline.php(183): Illuminate\\Foundation\\Http\\Middleware\\PreventRequestsDuringMaintenance->handle()
#45 /home/ouknik/Desktop/brahim_projects/j/j v2/jeunesscar/framework/vendor/laravel/framework/src/Illuminate/Pipeline/Pipeline.php(119): Illuminate\\Pipeline\\Pipeline->Illuminate\\Pipeline\\{closure}()
#46 /home/ouknik/Desktop/brahim_projects/j/j v2/jeunesscar/framework/vendor/laravel/framework/src/Illuminate/Foundation/Http/Kernel.php(175): Illuminate\\Pipeline\\Pipeline->then()
#47 /home/ouknik/Desktop/brahim_projects/j/j v2/jeunesscar/framework/vendor/laravel/framework/src/Illuminate/Foundation/Http/Kernel.php(144): Illuminate\\Foundation\\Http\\Kernel->sendRequestThroughRouter()
#48 /home/ouknik/Desktop/brahim_projects/j/j v2/jeunesscar/index.php(13): Illuminate\\Foundation\\Http\\Kernel->handle()
#49 {main}
"} 
[2025-05-17 20:56:20] local.ERROR: Call to undefined method Illuminate\Database\Eloquent\Builder::all() {"userId":1,"exception":"[object] (BadMethodCallException(code: 0): Call to undefined method Illuminate\\Database\\Eloquent\\Builder::all() at /home/ouknik/Desktop/brahim_projects/j/j v2/jeunesscar/framework/vendor/laravel/framework/src/Illuminate/Support/Traits/ForwardsCalls.php:67)
[stacktrace]
#0 /home/ouknik/Desktop/brahim_projects/j/j v2/jeunesscar/framework/vendor/laravel/framework/src/Illuminate/Support/Traits/ForwardsCalls.php(36): Illuminate\\Database\\Eloquent\\Builder::throwBadMethodCallException()
#1 /home/ouknik/Desktop/brahim_projects/j/j v2/jeunesscar/framework/vendor/laravel/framework/src/Illuminate/Database/Eloquent/Builder.php(1985): Illuminate\\Database\\Eloquent\\Builder->forwardCallTo()
#2 /home/ouknik/Desktop/brahim_projects/j/j v2/jeunesscar/framework/app/Http/Controllers/Admin/ReceptionController.php(35): Illuminate\\Database\\Eloquent\\Builder->__call()
#3 /home/ouknik/Desktop/brahim_projects/j/j v2/jeunesscar/framework/vendor/laravel/framework/src/Illuminate/Routing/Controller.php(54): App\\Http\\Controllers\\Admin\\ReceptionController->index()
#4 /home/ouknik/Desktop/brahim_projects/j/j v2/jeunesscar/framework/vendor/laravel/framework/src/Illuminate/Routing/ControllerDispatcher.php(43): Illuminate\\Routing\\Controller->callAction()
#5 /home/ouknik/Desktop/brahim_projects/j/j v2/jeunesscar/framework/vendor/laravel/framework/src/Illuminate/Routing/Route.php(259): Illuminate\\Routing\\ControllerDispatcher->dispatch()
#6 /home/ouknik/Desktop/brahim_projects/j/j v2/jeunesscar/framework/vendor/laravel/framework/src/Illuminate/Routing/Route.php(205): Illuminate\\Routing\\Route->runController()
#7 /home/ouknik/Desktop/brahim_projects/j/j v2/jeunesscar/framework/vendor/laravel/framework/src/Illuminate/Routing/Router.php(806): Illuminate\\Routing\\Route->run()
#8 /home/ouknik/Desktop/brahim_projects/j/j v2/jeunesscar/framework/vendor/laravel/framework/src/Illuminate/Pipeline/Pipeline.php(144): Illuminate\\Routing\\Router->Illuminate\\Routing\\{closure}()
#9 /home/ouknik/Desktop/brahim_projects/j/j v2/jeunesscar/framework/vendor/spatie/laravel-permission/src/Middlewares/PermissionMiddleware.php(24): Illuminate\\Pipeline\\Pipeline->Illuminate\\Pipeline\\{closure}()
#10 /home/ouknik/Desktop/brahim_projects/j/j v2/jeunesscar/framework/vendor/laravel/framework/src/Illuminate/Pipeline/Pipeline.php(183): Spatie\\Permission\\Middlewares\\PermissionMiddleware->handle()
#11 /home/ouknik/Desktop/brahim_projects/j/j v2/jeunesscar/framework/app/Http/Middleware/SetLocale.php(37): Illuminate\\Pipeline\\Pipeline->Illuminate\\Pipeline\\{closure}()
#12 /home/ouknik/Desktop/brahim_projects/j/j v2/jeunesscar/framework/vendor/laravel/framework/src/Illuminate/Pipeline/Pipeline.php(183): App\\Http\\Middleware\\SetLocale->handle()
#13 /home/ouknik/Desktop/brahim_projects/j/j v2/jeunesscar/framework/vendor/laravel/framework/src/Illuminate/Routing/Middleware/SubstituteBindings.php(50): Illuminate\\Pipeline\\Pipeline->Illuminate\\Pipeline\\{closure}()
#14 /home/ouknik/Desktop/brahim_projects/j/j v2/jeunesscar/framework/vendor/laravel/framework/src/Illuminate/Pipeline/Pipeline.php(183): Illuminate\\Routing\\Middleware\\SubstituteBindings->handle()
#15 /home/ouknik/Desktop/brahim_projects/j/j v2/jeunesscar/framework/vendor/laravel/framework/src/Illuminate/Auth/Middleware/Authenticate.php(57): Illuminate\\Pipeline\\Pipeline->Illuminate\\Pipeline\\{closure}()
#16 /home/ouknik/Desktop/brahim_projects/j/j v2/jeunesscar/framework/vendor/laravel/framework/src/Illuminate/Pipeline/Pipeline.php(183): Illuminate\\Auth\\Middleware\\Authenticate->handle()
#17 /home/ouknik/Desktop/brahim_projects/j/j v2/jeunesscar/framework/vendor/laravel/framework/src/Illuminate/Foundation/Http/Middleware/VerifyCsrfToken.php(78): Illuminate\\Pipeline\\Pipeline->Illuminate\\Pipeline\\{closure}()
#18 /home/ouknik/Desktop/brahim_projects/j/j v2/jeunesscar/framework/vendor/laravel/framework/src/Illuminate/Pipeline/Pipeline.php(183): Illuminate\\Foundation\\Http\\Middleware\\VerifyCsrfToken->handle()
#19 /home/ouknik/Desktop/brahim_projects/j/j v2/jeunesscar/framework/vendor/laravel/framework/src/Illuminate/View/Middleware/ShareErrorsFromSession.php(49): Illuminate\\Pipeline\\Pipeline->Illuminate\\Pipeline\\{closure}()
#20 /home/ouknik/Desktop/brahim_projects/j/j v2/jeunesscar/framework/vendor/laravel/framework/src/Illuminate/Pipeline/Pipeline.php(183): Illuminate\\View\\Middleware\\ShareErrorsFromSession->handle()
#21 /home/ouknik/Desktop/brahim_projects/j/j v2/jeunesscar/framework/vendor/laravel/framework/src/Illuminate/Session/Middleware/StartSession.php(121): Illuminate\\Pipeline\\Pipeline->Illuminate\\Pipeline\\{closure}()
#22 /home/ouknik/Desktop/brahim_projects/j/j v2/jeunesscar/framework/vendor/laravel/framework/src/Illuminate/Session/Middleware/StartSession.php(64): Illuminate\\Session\\Middleware\\StartSession->handleStatefulRequest()
#23 /home/ouknik/Desktop/brahim_projects/j/j v2/jeunesscar/framework/vendor/laravel/framework/src/Illuminate/Pipeline/Pipeline.php(183): Illuminate\\Session\\Middleware\\StartSession->handle()
#24 /home/ouknik/Desktop/brahim_projects/j/j v2/jeunesscar/framework/vendor/laravel/framework/src/Illuminate/Cookie/Middleware/AddQueuedCookiesToResponse.php(37): Illuminate\\Pipeline\\Pipeline->Illuminate\\Pipeline\\{closure}()
#25 /home/ouknik/Desktop/brahim_projects/j/j v2/jeunesscar/framework/vendor/laravel/framework/src/Illuminate/Pipeline/Pipeline.php(183): Illuminate\\Cookie\\Middleware\\AddQueuedCookiesToResponse->handle()
#26 /home/ouknik/Desktop/brahim_projects/j/j v2/jeunesscar/framework/vendor/laravel/framework/src/Illuminate/Cookie/Middleware/EncryptCookies.php(67): Illuminate\\Pipeline\\Pipeline->Illuminate\\Pipeline\\{closure}()
#27 /home/ouknik/Desktop/brahim_projects/j/j v2/jeunesscar/framework/vendor/laravel/framework/src/Illuminate/Pipeline/Pipeline.php(183): Illuminate\\Cookie\\Middleware\\EncryptCookies->handle()
#28 /home/ouknik/Desktop/brahim_projects/j/j v2/jeunesscar/framework/vendor/laravel/framework/src/Illuminate/Pipeline/Pipeline.php(119): Illuminate\\Pipeline\\Pipeline->Illuminate\\Pipeline\\{closure}()
#29 /home/ouknik/Desktop/brahim_projects/j/j v2/jeunesscar/framework/vendor/laravel/framework/src/Illuminate/Routing/Router.php(805): Illuminate\\Pipeline\\Pipeline->then()
#30 /home/ouknik/Desktop/brahim_projects/j/j v2/jeunesscar/framework/vendor/laravel/framework/src/Illuminate/Routing/Router.php(784): Illuminate\\Routing\\Router->runRouteWithinStack()
#31 /home/ouknik/Desktop/brahim_projects/j/j v2/jeunesscar/framework/vendor/laravel/framework/src/Illuminate/Routing/Router.php(748): Illuminate\\Routing\\Router->runRoute()
#32 /home/ouknik/Desktop/brahim_projects/j/j v2/jeunesscar/framework/vendor/laravel/framework/src/Illuminate/Routing/Router.php(737): Illuminate\\Routing\\Router->dispatchToRoute()
#33 /home/ouknik/Desktop/brahim_projects/j/j v2/jeunesscar/framework/vendor/laravel/framework/src/Illuminate/Foundation/Http/Kernel.php(200): Illuminate\\Routing\\Router->dispatch()
#34 /home/ouknik/Desktop/brahim_projects/j/j v2/jeunesscar/framework/vendor/laravel/framework/src/Illuminate/Pipeline/Pipeline.php(144): Illuminate\\Foundation\\Http\\Kernel->Illuminate\\Foundation\\Http\\{closure}()
#35 /home/ouknik/Desktop/brahim_projects/j/j v2/jeunesscar/framework/vendor/laravel/framework/src/Illuminate/Foundation/Http/Middleware/TransformsRequest.php(21): Illuminate\\Pipeline\\Pipeline->Illuminate\\Pipeline\\{closure}()
#36 /home/ouknik/Desktop/brahim_projects/j/j v2/jeunesscar/framework/vendor/laravel/framework/src/Illuminate/Foundation/Http/Middleware/ConvertEmptyStringsToNull.php(31): Illuminate\\Foundation\\Http\\Middleware\\TransformsRequest->handle()
#37 /home/ouknik/Desktop/brahim_projects/j/j v2/jeunesscar/framework/vendor/laravel/framework/src/Illuminate/Pipeline/Pipeline.php(183): Illuminate\\Foundation\\Http\\Middleware\\ConvertEmptyStringsToNull->handle()
#38 /home/ouknik/Desktop/brahim_projects/j/j v2/jeunesscar/framework/vendor/laravel/framework/src/Illuminate/Foundation/Http/Middleware/TransformsRequest.php(21): Illuminate\\Pipeline\\Pipeline->Illuminate\\Pipeline\\{closure}()
#39 /home/ouknik/Desktop/brahim_projects/j/j v2/jeunesscar/framework/vendor/laravel/framework/src/Illuminate/Foundation/Http/Middleware/TrimStrings.php(40): Illuminate\\Foundation\\Http\\Middleware\\TransformsRequest->handle()
#40 /home/ouknik/Desktop/brahim_projects/j/j v2/jeunesscar/framework/vendor/laravel/framework/src/Illuminate/Pipeline/Pipeline.php(183): Illuminate\\Foundation\\Http\\Middleware\\TrimStrings->handle()
#41 /home/ouknik/Desktop/brahim_projects/j/j v2/jeunesscar/framework/vendor/laravel/framework/src/Illuminate/Foundation/Http/Middleware/ValidatePostSize.php(27): Illuminate\\Pipeline\\Pipeline->Illuminate\\Pipeline\\{closure}()
#42 /home/ouknik/Desktop/brahim_projects/j/j v2/jeunesscar/framework/vendor/laravel/framework/src/Illuminate/Pipeline/Pipeline.php(183): Illuminate\\Foundation\\Http\\Middleware\\ValidatePostSize->handle()
#43 /home/ouknik/Desktop/brahim_projects/j/j v2/jeunesscar/framework/vendor/laravel/framework/src/Illuminate/Foundation/Http/Middleware/PreventRequestsDuringMaintenance.php(99): Illuminate\\Pipeline\\Pipeline->Illuminate\\Pipeline\\{closure}()
#44 /home/ouknik/Desktop/brahim_projects/j/j v2/jeunesscar/framework/vendor/laravel/framework/src/Illuminate/Pipeline/Pipeline.php(183): Illuminate\\Foundation\\Http\\Middleware\\PreventRequestsDuringMaintenance->handle()
#45 /home/ouknik/Desktop/brahim_projects/j/j v2/jeunesscar/framework/vendor/laravel/framework/src/Illuminate/Pipeline/Pipeline.php(119): Illuminate\\Pipeline\\Pipeline->Illuminate\\Pipeline\\{closure}()
#46 /home/ouknik/Desktop/brahim_projects/j/j v2/jeunesscar/framework/vendor/laravel/framework/src/Illuminate/Foundation/Http/Kernel.php(175): Illuminate\\Pipeline\\Pipeline->then()
#47 /home/ouknik/Desktop/brahim_projects/j/j v2/jeunesscar/framework/vendor/laravel/framework/src/Illuminate/Foundation/Http/Kernel.php(144): Illuminate\\Foundation\\Http\\Kernel->sendRequestThroughRouter()
#48 /home/ouknik/Desktop/brahim_projects/j/j v2/jeunesscar/index.php(13): Illuminate\\Foundation\\Http\\Kernel->handle()
#49 {main}
"} 
[2025-05-17 20:56:21] local.ERROR: Call to undefined method Illuminate\Database\Eloquent\Builder::all() {"userId":1,"exception":"[object] (BadMethodCallException(code: 0): Call to undefined method Illuminate\\Database\\Eloquent\\Builder::all() at /home/ouknik/Desktop/brahim_projects/j/j v2/jeunesscar/framework/vendor/laravel/framework/src/Illuminate/Support/Traits/ForwardsCalls.php:67)
[stacktrace]
#0 /home/ouknik/Desktop/brahim_projects/j/j v2/jeunesscar/framework/vendor/laravel/framework/src/Illuminate/Support/Traits/ForwardsCalls.php(36): Illuminate\\Database\\Eloquent\\Builder::throwBadMethodCallException()
#1 /home/ouknik/Desktop/brahim_projects/j/j v2/jeunesscar/framework/vendor/laravel/framework/src/Illuminate/Database/Eloquent/Builder.php(1985): Illuminate\\Database\\Eloquent\\Builder->forwardCallTo()
#2 /home/ouknik/Desktop/brahim_projects/j/j v2/jeunesscar/framework/app/Http/Controllers/Admin/ReceptionController.php(35): Illuminate\\Database\\Eloquent\\Builder->__call()
#3 /home/ouknik/Desktop/brahim_projects/j/j v2/jeunesscar/framework/vendor/laravel/framework/src/Illuminate/Routing/Controller.php(54): App\\Http\\Controllers\\Admin\\ReceptionController->index()
#4 /home/ouknik/Desktop/brahim_projects/j/j v2/jeunesscar/framework/vendor/laravel/framework/src/Illuminate/Routing/ControllerDispatcher.php(43): Illuminate\\Routing\\Controller->callAction()
#5 /home/ouknik/Desktop/brahim_projects/j/j v2/jeunesscar/framework/vendor/laravel/framework/src/Illuminate/Routing/Route.php(259): Illuminate\\Routing\\ControllerDispatcher->dispatch()
#6 /home/ouknik/Desktop/brahim_projects/j/j v2/jeunesscar/framework/vendor/laravel/framework/src/Illuminate/Routing/Route.php(205): Illuminate\\Routing\\Route->runController()
#7 /home/ouknik/Desktop/brahim_projects/j/j v2/jeunesscar/framework/vendor/laravel/framework/src/Illuminate/Routing/Router.php(806): Illuminate\\Routing\\Route->run()
#8 /home/ouknik/Desktop/brahim_projects/j/j v2/jeunesscar/framework/vendor/laravel/framework/src/Illuminate/Pipeline/Pipeline.php(144): Illuminate\\Routing\\Router->Illuminate\\Routing\\{closure}()
#9 /home/ouknik/Desktop/brahim_projects/j/j v2/jeunesscar/framework/vendor/spatie/laravel-permission/src/Middlewares/PermissionMiddleware.php(24): Illuminate\\Pipeline\\Pipeline->Illuminate\\Pipeline\\{closure}()
#10 /home/ouknik/Desktop/brahim_projects/j/j v2/jeunesscar/framework/vendor/laravel/framework/src/Illuminate/Pipeline/Pipeline.php(183): Spatie\\Permission\\Middlewares\\PermissionMiddleware->handle()
#11 /home/ouknik/Desktop/brahim_projects/j/j v2/jeunesscar/framework/app/Http/Middleware/SetLocale.php(37): Illuminate\\Pipeline\\Pipeline->Illuminate\\Pipeline\\{closure}()
#12 /home/ouknik/Desktop/brahim_projects/j/j v2/jeunesscar/framework/vendor/laravel/framework/src/Illuminate/Pipeline/Pipeline.php(183): App\\Http\\Middleware\\SetLocale->handle()
#13 /home/ouknik/Desktop/brahim_projects/j/j v2/jeunesscar/framework/vendor/laravel/framework/src/Illuminate/Routing/Middleware/SubstituteBindings.php(50): Illuminate\\Pipeline\\Pipeline->Illuminate\\Pipeline\\{closure}()
#14 /home/ouknik/Desktop/brahim_projects/j/j v2/jeunesscar/framework/vendor/laravel/framework/src/Illuminate/Pipeline/Pipeline.php(183): Illuminate\\Routing\\Middleware\\SubstituteBindings->handle()
#15 /home/ouknik/Desktop/brahim_projects/j/j v2/jeunesscar/framework/vendor/laravel/framework/src/Illuminate/Auth/Middleware/Authenticate.php(57): Illuminate\\Pipeline\\Pipeline->Illuminate\\Pipeline\\{closure}()
#16 /home/ouknik/Desktop/brahim_projects/j/j v2/jeunesscar/framework/vendor/laravel/framework/src/Illuminate/Pipeline/Pipeline.php(183): Illuminate\\Auth\\Middleware\\Authenticate->handle()
#17 /home/ouknik/Desktop/brahim_projects/j/j v2/jeunesscar/framework/vendor/laravel/framework/src/Illuminate/Foundation/Http/Middleware/VerifyCsrfToken.php(78): Illuminate\\Pipeline\\Pipeline->Illuminate\\Pipeline\\{closure}()
#18 /home/ouknik/Desktop/brahim_projects/j/j v2/jeunesscar/framework/vendor/laravel/framework/src/Illuminate/Pipeline/Pipeline.php(183): Illuminate\\Foundation\\Http\\Middleware\\VerifyCsrfToken->handle()
#19 /home/ouknik/Desktop/brahim_projects/j/j v2/jeunesscar/framework/vendor/laravel/framework/src/Illuminate/View/Middleware/ShareErrorsFromSession.php(49): Illuminate\\Pipeline\\Pipeline->Illuminate\\Pipeline\\{closure}()
#20 /home/ouknik/Desktop/brahim_projects/j/j v2/jeunesscar/framework/vendor/laravel/framework/src/Illuminate/Pipeline/Pipeline.php(183): Illuminate\\View\\Middleware\\ShareErrorsFromSession->handle()
#21 /home/ouknik/Desktop/brahim_projects/j/j v2/jeunesscar/framework/vendor/laravel/framework/src/Illuminate/Session/Middleware/StartSession.php(121): Illuminate\\Pipeline\\Pipeline->Illuminate\\Pipeline\\{closure}()
#22 /home/ouknik/Desktop/brahim_projects/j/j v2/jeunesscar/framework/vendor/laravel/framework/src/Illuminate/Session/Middleware/StartSession.php(64): Illuminate\\Session\\Middleware\\StartSession->handleStatefulRequest()
#23 /home/ouknik/Desktop/brahim_projects/j/j v2/jeunesscar/framework/vendor/laravel/framework/src/Illuminate/Pipeline/Pipeline.php(183): Illuminate\\Session\\Middleware\\StartSession->handle()
#24 /home/ouknik/Desktop/brahim_projects/j/j v2/jeunesscar/framework/vendor/laravel/framework/src/Illuminate/Cookie/Middleware/AddQueuedCookiesToResponse.php(37): Illuminate\\Pipeline\\Pipeline->Illuminate\\Pipeline\\{closure}()
#25 /home/ouknik/Desktop/brahim_projects/j/j v2/jeunesscar/framework/vendor/laravel/framework/src/Illuminate/Pipeline/Pipeline.php(183): Illuminate\\Cookie\\Middleware\\AddQueuedCookiesToResponse->handle()
#26 /home/ouknik/Desktop/brahim_projects/j/j v2/jeunesscar/framework/vendor/laravel/framework/src/Illuminate/Cookie/Middleware/EncryptCookies.php(67): Illuminate\\Pipeline\\Pipeline->Illuminate\\Pipeline\\{closure}()
#27 /home/ouknik/Desktop/brahim_projects/j/j v2/jeunesscar/framework/vendor/laravel/framework/src/Illuminate/Pipeline/Pipeline.php(183): Illuminate\\Cookie\\Middleware\\EncryptCookies->handle()
#28 /home/ouknik/Desktop/brahim_projects/j/j v2/jeunesscar/framework/vendor/laravel/framework/src/Illuminate/Pipeline/Pipeline.php(119): Illuminate\\Pipeline\\Pipeline->Illuminate\\Pipeline\\{closure}()
#29 /home/ouknik/Desktop/brahim_projects/j/j v2/jeunesscar/framework/vendor/laravel/framework/src/Illuminate/Routing/Router.php(805): Illuminate\\Pipeline\\Pipeline->then()
#30 /home/ouknik/Desktop/brahim_projects/j/j v2/jeunesscar/framework/vendor/laravel/framework/src/Illuminate/Routing/Router.php(784): Illuminate\\Routing\\Router->runRouteWithinStack()
#31 /home/ouknik/Desktop/brahim_projects/j/j v2/jeunesscar/framework/vendor/laravel/framework/src/Illuminate/Routing/Router.php(748): Illuminate\\Routing\\Router->runRoute()
#32 /home/ouknik/Desktop/brahim_projects/j/j v2/jeunesscar/framework/vendor/laravel/framework/src/Illuminate/Routing/Router.php(737): Illuminate\\Routing\\Router->dispatchToRoute()
#33 /home/ouknik/Desktop/brahim_projects/j/j v2/jeunesscar/framework/vendor/laravel/framework/src/Illuminate/Foundation/Http/Kernel.php(200): Illuminate\\Routing\\Router->dispatch()
#34 /home/ouknik/Desktop/brahim_projects/j/j v2/jeunesscar/framework/vendor/laravel/framework/src/Illuminate/Pipeline/Pipeline.php(144): Illuminate\\Foundation\\Http\\Kernel->Illuminate\\Foundation\\Http\\{closure}()
#35 /home/ouknik/Desktop/brahim_projects/j/j v2/jeunesscar/framework/vendor/laravel/framework/src/Illuminate/Foundation/Http/Middleware/TransformsRequest.php(21): Illuminate\\Pipeline\\Pipeline->Illuminate\\Pipeline\\{closure}()
#36 /home/ouknik/Desktop/brahim_projects/j/j v2/jeunesscar/framework/vendor/laravel/framework/src/Illuminate/Foundation/Http/Middleware/ConvertEmptyStringsToNull.php(31): Illuminate\\Foundation\\Http\\Middleware\\TransformsRequest->handle()
#37 /home/ouknik/Desktop/brahim_projects/j/j v2/jeunesscar/framework/vendor/laravel/framework/src/Illuminate/Pipeline/Pipeline.php(183): Illuminate\\Foundation\\Http\\Middleware\\ConvertEmptyStringsToNull->handle()
#38 /home/ouknik/Desktop/brahim_projects/j/j v2/jeunesscar/framework/vendor/laravel/framework/src/Illuminate/Foundation/Http/Middleware/TransformsRequest.php(21): Illuminate\\Pipeline\\Pipeline->Illuminate\\Pipeline\\{closure}()
#39 /home/ouknik/Desktop/brahim_projects/j/j v2/jeunesscar/framework/vendor/laravel/framework/src/Illuminate/Foundation/Http/Middleware/TrimStrings.php(40): Illuminate\\Foundation\\Http\\Middleware\\TransformsRequest->handle()
#40 /home/ouknik/Desktop/brahim_projects/j/j v2/jeunesscar/framework/vendor/laravel/framework/src/Illuminate/Pipeline/Pipeline.php(183): Illuminate\\Foundation\\Http\\Middleware\\TrimStrings->handle()
#41 /home/ouknik/Desktop/brahim_projects/j/j v2/jeunesscar/framework/vendor/laravel/framework/src/Illuminate/Foundation/Http/Middleware/ValidatePostSize.php(27): Illuminate\\Pipeline\\Pipeline->Illuminate\\Pipeline\\{closure}()
#42 /home/ouknik/Desktop/brahim_projects/j/j v2/jeunesscar/framework/vendor/laravel/framework/src/Illuminate/Pipeline/Pipeline.php(183): Illuminate\\Foundation\\Http\\Middleware\\ValidatePostSize->handle()
#43 /home/ouknik/Desktop/brahim_projects/j/j v2/jeunesscar/framework/vendor/laravel/framework/src/Illuminate/Foundation/Http/Middleware/PreventRequestsDuringMaintenance.php(99): Illuminate\\Pipeline\\Pipeline->Illuminate\\Pipeline\\{closure}()
#44 /home/ouknik/Desktop/brahim_projects/j/j v2/jeunesscar/framework/vendor/laravel/framework/src/Illuminate/Pipeline/Pipeline.php(183): Illuminate\\Foundation\\Http\\Middleware\\PreventRequestsDuringMaintenance->handle()
#45 /home/ouknik/Desktop/brahim_projects/j/j v2/jeunesscar/framework/vendor/laravel/framework/src/Illuminate/Pipeline/Pipeline.php(119): Illuminate\\Pipeline\\Pipeline->Illuminate\\Pipeline\\{closure}()
#46 /home/ouknik/Desktop/brahim_projects/j/j v2/jeunesscar/framework/vendor/laravel/framework/src/Illuminate/Foundation/Http/Kernel.php(175): Illuminate\\Pipeline\\Pipeline->then()
#47 /home/ouknik/Desktop/brahim_projects/j/j v2/jeunesscar/framework/vendor/laravel/framework/src/Illuminate/Foundation/Http/Kernel.php(144): Illuminate\\Foundation\\Http\\Kernel->sendRequestThroughRouter()
#48 /home/ouknik/Desktop/brahim_projects/j/j v2/jeunesscar/index.php(13): Illuminate\\Foundation\\Http\\Kernel->handle()
#49 {main}
"} 
[2025-05-17 20:56:43] local.ERROR: Call to undefined method Illuminate\Database\Eloquent\Builder::all() {"userId":1,"exception":"[object] (BadMethodCallException(code: 0): Call to undefined method Illuminate\\Database\\Eloquent\\Builder::all() at /home/ouknik/Desktop/brahim_projects/j/j v2/jeunesscar/framework/vendor/laravel/framework/src/Illuminate/Support/Traits/ForwardsCalls.php:67)
[stacktrace]
#0 /home/ouknik/Desktop/brahim_projects/j/j v2/jeunesscar/framework/vendor/laravel/framework/src/Illuminate/Support/Traits/ForwardsCalls.php(36): Illuminate\\Database\\Eloquent\\Builder::throwBadMethodCallException()
#1 /home/ouknik/Desktop/brahim_projects/j/j v2/jeunesscar/framework/vendor/laravel/framework/src/Illuminate/Database/Eloquent/Builder.php(1985): Illuminate\\Database\\Eloquent\\Builder->forwardCallTo()
#2 /home/ouknik/Desktop/brahim_projects/j/j v2/jeunesscar/framework/app/Http/Controllers/Admin/ReceptionController.php(35): Illuminate\\Database\\Eloquent\\Builder->__call()
#3 /home/ouknik/Desktop/brahim_projects/j/j v2/jeunesscar/framework/vendor/laravel/framework/src/Illuminate/Routing/Controller.php(54): App\\Http\\Controllers\\Admin\\ReceptionController->index()
#4 /home/ouknik/Desktop/brahim_projects/j/j v2/jeunesscar/framework/vendor/laravel/framework/src/Illuminate/Routing/ControllerDispatcher.php(43): Illuminate\\Routing\\Controller->callAction()
#5 /home/ouknik/Desktop/brahim_projects/j/j v2/jeunesscar/framework/vendor/laravel/framework/src/Illuminate/Routing/Route.php(259): Illuminate\\Routing\\ControllerDispatcher->dispatch()
#6 /home/ouknik/Desktop/brahim_projects/j/j v2/jeunesscar/framework/vendor/laravel/framework/src/Illuminate/Routing/Route.php(205): Illuminate\\Routing\\Route->runController()
#7 /home/ouknik/Desktop/brahim_projects/j/j v2/jeunesscar/framework/vendor/laravel/framework/src/Illuminate/Routing/Router.php(806): Illuminate\\Routing\\Route->run()
#8 /home/ouknik/Desktop/brahim_projects/j/j v2/jeunesscar/framework/vendor/laravel/framework/src/Illuminate/Pipeline/Pipeline.php(144): Illuminate\\Routing\\Router->Illuminate\\Routing\\{closure}()
#9 /home/ouknik/Desktop/brahim_projects/j/j v2/jeunesscar/framework/vendor/spatie/laravel-permission/src/Middlewares/PermissionMiddleware.php(24): Illuminate\\Pipeline\\Pipeline->Illuminate\\Pipeline\\{closure}()
#10 /home/ouknik/Desktop/brahim_projects/j/j v2/jeunesscar/framework/vendor/laravel/framework/src/Illuminate/Pipeline/Pipeline.php(183): Spatie\\Permission\\Middlewares\\PermissionMiddleware->handle()
#11 /home/ouknik/Desktop/brahim_projects/j/j v2/jeunesscar/framework/app/Http/Middleware/SetLocale.php(37): Illuminate\\Pipeline\\Pipeline->Illuminate\\Pipeline\\{closure}()
#12 /home/ouknik/Desktop/brahim_projects/j/j v2/jeunesscar/framework/vendor/laravel/framework/src/Illuminate/Pipeline/Pipeline.php(183): App\\Http\\Middleware\\SetLocale->handle()
#13 /home/ouknik/Desktop/brahim_projects/j/j v2/jeunesscar/framework/vendor/laravel/framework/src/Illuminate/Routing/Middleware/SubstituteBindings.php(50): Illuminate\\Pipeline\\Pipeline->Illuminate\\Pipeline\\{closure}()
#14 /home/ouknik/Desktop/brahim_projects/j/j v2/jeunesscar/framework/vendor/laravel/framework/src/Illuminate/Pipeline/Pipeline.php(183): Illuminate\\Routing\\Middleware\\SubstituteBindings->handle()
#15 /home/ouknik/Desktop/brahim_projects/j/j v2/jeunesscar/framework/vendor/laravel/framework/src/Illuminate/Auth/Middleware/Authenticate.php(57): Illuminate\\Pipeline\\Pipeline->Illuminate\\Pipeline\\{closure}()
#16 /home/ouknik/Desktop/brahim_projects/j/j v2/jeunesscar/framework/vendor/laravel/framework/src/Illuminate/Pipeline/Pipeline.php(183): Illuminate\\Auth\\Middleware\\Authenticate->handle()
#17 /home/ouknik/Desktop/brahim_projects/j/j v2/jeunesscar/framework/vendor/laravel/framework/src/Illuminate/Foundation/Http/Middleware/VerifyCsrfToken.php(78): Illuminate\\Pipeline\\Pipeline->Illuminate\\Pipeline\\{closure}()
#18 /home/ouknik/Desktop/brahim_projects/j/j v2/jeunesscar/framework/vendor/laravel/framework/src/Illuminate/Pipeline/Pipeline.php(183): Illuminate\\Foundation\\Http\\Middleware\\VerifyCsrfToken->handle()
#19 /home/ouknik/Desktop/brahim_projects/j/j v2/jeunesscar/framework/vendor/laravel/framework/src/Illuminate/View/Middleware/ShareErrorsFromSession.php(49): Illuminate\\Pipeline\\Pipeline->Illuminate\\Pipeline\\{closure}()
#20 /home/ouknik/Desktop/brahim_projects/j/j v2/jeunesscar/framework/vendor/laravel/framework/src/Illuminate/Pipeline/Pipeline.php(183): Illuminate\\View\\Middleware\\ShareErrorsFromSession->handle()
#21 /home/ouknik/Desktop/brahim_projects/j/j v2/jeunesscar/framework/vendor/laravel/framework/src/Illuminate/Session/Middleware/StartSession.php(121): Illuminate\\Pipeline\\Pipeline->Illuminate\\Pipeline\\{closure}()
#22 /home/ouknik/Desktop/brahim_projects/j/j v2/jeunesscar/framework/vendor/laravel/framework/src/Illuminate/Session/Middleware/StartSession.php(64): Illuminate\\Session\\Middleware\\StartSession->handleStatefulRequest()
#23 /home/ouknik/Desktop/brahim_projects/j/j v2/jeunesscar/framework/vendor/laravel/framework/src/Illuminate/Pipeline/Pipeline.php(183): Illuminate\\Session\\Middleware\\StartSession->handle()
#24 /home/ouknik/Desktop/brahim_projects/j/j v2/jeunesscar/framework/vendor/laravel/framework/src/Illuminate/Cookie/Middleware/AddQueuedCookiesToResponse.php(37): Illuminate\\Pipeline\\Pipeline->Illuminate\\Pipeline\\{closure}()
#25 /home/ouknik/Desktop/brahim_projects/j/j v2/jeunesscar/framework/vendor/laravel/framework/src/Illuminate/Pipeline/Pipeline.php(183): Illuminate\\Cookie\\Middleware\\AddQueuedCookiesToResponse->handle()
#26 /home/ouknik/Desktop/brahim_projects/j/j v2/jeunesscar/framework/vendor/laravel/framework/src/Illuminate/Cookie/Middleware/EncryptCookies.php(67): Illuminate\\Pipeline\\Pipeline->Illuminate\\Pipeline\\{closure}()
#27 /home/ouknik/Desktop/brahim_projects/j/j v2/jeunesscar/framework/vendor/laravel/framework/src/Illuminate/Pipeline/Pipeline.php(183): Illuminate\\Cookie\\Middleware\\EncryptCookies->handle()
#28 /home/ouknik/Desktop/brahim_projects/j/j v2/jeunesscar/framework/vendor/laravel/framework/src/Illuminate/Pipeline/Pipeline.php(119): Illuminate\\Pipeline\\Pipeline->Illuminate\\Pipeline\\{closure}()
#29 /home/ouknik/Desktop/brahim_projects/j/j v2/jeunesscar/framework/vendor/laravel/framework/src/Illuminate/Routing/Router.php(805): Illuminate\\Pipeline\\Pipeline->then()
#30 /home/ouknik/Desktop/brahim_projects/j/j v2/jeunesscar/framework/vendor/laravel/framework/src/Illuminate/Routing/Router.php(784): Illuminate\\Routing\\Router->runRouteWithinStack()
#31 /home/ouknik/Desktop/brahim_projects/j/j v2/jeunesscar/framework/vendor/laravel/framework/src/Illuminate/Routing/Router.php(748): Illuminate\\Routing\\Router->runRoute()
#32 /home/ouknik/Desktop/brahim_projects/j/j v2/jeunesscar/framework/vendor/laravel/framework/src/Illuminate/Routing/Router.php(737): Illuminate\\Routing\\Router->dispatchToRoute()
#33 /home/ouknik/Desktop/brahim_projects/j/j v2/jeunesscar/framework/vendor/laravel/framework/src/Illuminate/Foundation/Http/Kernel.php(200): Illuminate\\Routing\\Router->dispatch()
#34 /home/ouknik/Desktop/brahim_projects/j/j v2/jeunesscar/framework/vendor/laravel/framework/src/Illuminate/Pipeline/Pipeline.php(144): Illuminate\\Foundation\\Http\\Kernel->Illuminate\\Foundation\\Http\\{closure}()
#35 /home/ouknik/Desktop/brahim_projects/j/j v2/jeunesscar/framework/vendor/laravel/framework/src/Illuminate/Foundation/Http/Middleware/TransformsRequest.php(21): Illuminate\\Pipeline\\Pipeline->Illuminate\\Pipeline\\{closure}()
#36 /home/ouknik/Desktop/brahim_projects/j/j v2/jeunesscar/framework/vendor/laravel/framework/src/Illuminate/Foundation/Http/Middleware/ConvertEmptyStringsToNull.php(31): Illuminate\\Foundation\\Http\\Middleware\\TransformsRequest->handle()
#37 /home/ouknik/Desktop/brahim_projects/j/j v2/jeunesscar/framework/vendor/laravel/framework/src/Illuminate/Pipeline/Pipeline.php(183): Illuminate\\Foundation\\Http\\Middleware\\ConvertEmptyStringsToNull->handle()
#38 /home/ouknik/Desktop/brahim_projects/j/j v2/jeunesscar/framework/vendor/laravel/framework/src/Illuminate/Foundation/Http/Middleware/TransformsRequest.php(21): Illuminate\\Pipeline\\Pipeline->Illuminate\\Pipeline\\{closure}()
#39 /home/ouknik/Desktop/brahim_projects/j/j v2/jeunesscar/framework/vendor/laravel/framework/src/Illuminate/Foundation/Http/Middleware/TrimStrings.php(40): Illuminate\\Foundation\\Http\\Middleware\\TransformsRequest->handle()
#40 /home/ouknik/Desktop/brahim_projects/j/j v2/jeunesscar/framework/vendor/laravel/framework/src/Illuminate/Pipeline/Pipeline.php(183): Illuminate\\Foundation\\Http\\Middleware\\TrimStrings->handle()
#41 /home/ouknik/Desktop/brahim_projects/j/j v2/jeunesscar/framework/vendor/laravel/framework/src/Illuminate/Foundation/Http/Middleware/ValidatePostSize.php(27): Illuminate\\Pipeline\\Pipeline->Illuminate\\Pipeline\\{closure}()
#42 /home/ouknik/Desktop/brahim_projects/j/j v2/jeunesscar/framework/vendor/laravel/framework/src/Illuminate/Pipeline/Pipeline.php(183): Illuminate\\Foundation\\Http\\Middleware\\ValidatePostSize->handle()
#43 /home/ouknik/Desktop/brahim_projects/j/j v2/jeunesscar/framework/vendor/laravel/framework/src/Illuminate/Foundation/Http/Middleware/PreventRequestsDuringMaintenance.php(99): Illuminate\\Pipeline\\Pipeline->Illuminate\\Pipeline\\{closure}()
#44 /home/ouknik/Desktop/brahim_projects/j/j v2/jeunesscar/framework/vendor/laravel/framework/src/Illuminate/Pipeline/Pipeline.php(183): Illuminate\\Foundation\\Http\\Middleware\\PreventRequestsDuringMaintenance->handle()
#45 /home/ouknik/Desktop/brahim_projects/j/j v2/jeunesscar/framework/vendor/laravel/framework/src/Illuminate/Pipeline/Pipeline.php(119): Illuminate\\Pipeline\\Pipeline->Illuminate\\Pipeline\\{closure}()
#46 /home/ouknik/Desktop/brahim_projects/j/j v2/jeunesscar/framework/vendor/laravel/framework/src/Illuminate/Foundation/Http/Kernel.php(175): Illuminate\\Pipeline\\Pipeline->then()
#47 /home/ouknik/Desktop/brahim_projects/j/j v2/jeunesscar/framework/vendor/laravel/framework/src/Illuminate/Foundation/Http/Kernel.php(144): Illuminate\\Foundation\\Http\\Kernel->sendRequestThroughRouter()
#48 /home/ouknik/Desktop/brahim_projects/j/j v2/jeunesscar/index.php(13): Illuminate\\Foundation\\Http\\Kernel->handle()
#49 {main}
"} 
[2025-05-17 21:08:54] local.ERROR: SQLSTATE[42S22]: Column not found: 1054 Unknown column 'updated_at' in 'field list' (Connection: mysql, SQL: insert into `reception_media` (`reception_id`, `file_path`, `file_type`, `updated_at`, `created_at`) values (10, reception_media/29acb4ce-d81d-4eb0-93ad-c13b8e807f6a.png, image, 2025-05-17 21:08:54, 2025-05-17 21:08:54)) {"userId":1,"exception":"[object] (Illuminate\\Database\\QueryException(code: 42S22): SQLSTATE[42S22]: Column not found: 1054 Unknown column 'updated_at' in 'field list' (Connection: mysql, SQL: insert into `reception_media` (`reception_id`, `file_path`, `file_type`, `updated_at`, `created_at`) values (10, reception_media/29acb4ce-d81d-4eb0-93ad-c13b8e807f6a.png, image, 2025-05-17 21:08:54, 2025-05-17 21:08:54)) at /home/ouknik/Desktop/brahim_projects/j/j v2/jeunesscar/framework/vendor/laravel/framework/src/Illuminate/Database/Connection.php:829)
[stacktrace]
#0 /home/ouknik/Desktop/brahim_projects/j/j v2/jeunesscar/framework/vendor/laravel/framework/src/Illuminate/Database/Connection.php(783): Illuminate\\Database\\Connection->runQueryCallback()
#1 /home/ouknik/Desktop/brahim_projects/j/j v2/jeunesscar/framework/vendor/laravel/framework/src/Illuminate/Database/MySqlConnection.php(34): Illuminate\\Database\\Connection->run()
#2 /home/ouknik/Desktop/brahim_projects/j/j v2/jeunesscar/framework/vendor/laravel/framework/src/Illuminate/Database/Query/Processors/MySqlProcessor.php(35): Illuminate\\Database\\MySqlConnection->insert()
#3 /home/ouknik/Desktop/brahim_projects/j/j v2/jeunesscar/framework/vendor/laravel/framework/src/Illuminate/Database/Query/Builder.php(3549): Illuminate\\Database\\Query\\Processors\\MySqlProcessor->processInsertGetId()
#4 /home/ouknik/Desktop/brahim_projects/j/j v2/jeunesscar/framework/vendor/laravel/framework/src/Illuminate/Database/Eloquent/Builder.php(1982): Illuminate\\Database\\Query\\Builder->insertGetId()
#5 /home/ouknik/Desktop/brahim_projects/j/j v2/jeunesscar/framework/vendor/laravel/framework/src/Illuminate/Database/Eloquent/Model.php(1334): Illuminate\\Database\\Eloquent\\Builder->__call()
#6 /home/ouknik/Desktop/brahim_projects/j/j v2/jeunesscar/framework/vendor/laravel/framework/src/Illuminate/Database/Eloquent/Model.php(1299): Illuminate\\Database\\Eloquent\\Model->insertAndSetId()
#7 /home/ouknik/Desktop/brahim_projects/j/j v2/jeunesscar/framework/vendor/laravel/framework/src/Illuminate/Database/Eloquent/Model.php(1138): Illuminate\\Database\\Eloquent\\Model->performInsert()
#8 /home/ouknik/Desktop/brahim_projects/j/j v2/jeunesscar/framework/vendor/laravel/framework/src/Illuminate/Database/Eloquent/Builder.php(1025): Illuminate\\Database\\Eloquent\\Model->save()
#9 /home/ouknik/Desktop/brahim_projects/j/j v2/jeunesscar/framework/vendor/laravel/framework/src/Illuminate/Support/helpers.php(320): Illuminate\\Database\\Eloquent\\Builder->Illuminate\\Database\\Eloquent\\{closure}()
#10 /home/ouknik/Desktop/brahim_projects/j/j v2/jeunesscar/framework/vendor/laravel/framework/src/Illuminate/Database/Eloquent/Builder.php(1024): tap()
#11 /home/ouknik/Desktop/brahim_projects/j/j v2/jeunesscar/framework/vendor/laravel/framework/src/Illuminate/Support/Traits/ForwardsCalls.php(23): Illuminate\\Database\\Eloquent\\Builder->create()
#12 /home/ouknik/Desktop/brahim_projects/j/j v2/jeunesscar/framework/vendor/laravel/framework/src/Illuminate/Database/Eloquent/Model.php(2335): Illuminate\\Database\\Eloquent\\Model->forwardCallTo()
#13 /home/ouknik/Desktop/brahim_projects/j/j v2/jeunesscar/framework/vendor/laravel/framework/src/Illuminate/Database/Eloquent/Model.php(2347): Illuminate\\Database\\Eloquent\\Model->__call()
#14 /home/ouknik/Desktop/brahim_projects/j/j v2/jeunesscar/framework/app/Http/Controllers/Admin/ReceptionController.php(183): Illuminate\\Database\\Eloquent\\Model::__callStatic()
#15 /home/ouknik/Desktop/brahim_projects/j/j v2/jeunesscar/framework/vendor/laravel/framework/src/Illuminate/Routing/Controller.php(54): App\\Http\\Controllers\\Admin\\ReceptionController->store()
#16 /home/ouknik/Desktop/brahim_projects/j/j v2/jeunesscar/framework/vendor/laravel/framework/src/Illuminate/Routing/ControllerDispatcher.php(43): Illuminate\\Routing\\Controller->callAction()
#17 /home/ouknik/Desktop/brahim_projects/j/j v2/jeunesscar/framework/vendor/laravel/framework/src/Illuminate/Routing/Route.php(259): Illuminate\\Routing\\ControllerDispatcher->dispatch()
#18 /home/ouknik/Desktop/brahim_projects/j/j v2/jeunesscar/framework/vendor/laravel/framework/src/Illuminate/Routing/Route.php(205): Illuminate\\Routing\\Route->runController()
#19 /home/ouknik/Desktop/brahim_projects/j/j v2/jeunesscar/framework/vendor/laravel/framework/src/Illuminate/Routing/Router.php(806): Illuminate\\Routing\\Route->run()
#20 /home/ouknik/Desktop/brahim_projects/j/j v2/jeunesscar/framework/vendor/laravel/framework/src/Illuminate/Pipeline/Pipeline.php(144): Illuminate\\Routing\\Router->Illuminate\\Routing\\{closure}()
#21 /home/ouknik/Desktop/brahim_projects/j/j v2/jeunesscar/framework/vendor/spatie/laravel-permission/src/Middlewares/PermissionMiddleware.php(24): Illuminate\\Pipeline\\Pipeline->Illuminate\\Pipeline\\{closure}()
#22 /home/ouknik/Desktop/brahim_projects/j/j v2/jeunesscar/framework/vendor/laravel/framework/src/Illuminate/Pipeline/Pipeline.php(183): Spatie\\Permission\\Middlewares\\PermissionMiddleware->handle()
#23 /home/ouknik/Desktop/brahim_projects/j/j v2/jeunesscar/framework/app/Http/Middleware/SetLocale.php(37): Illuminate\\Pipeline\\Pipeline->Illuminate\\Pipeline\\{closure}()
#24 /home/ouknik/Desktop/brahim_projects/j/j v2/jeunesscar/framework/vendor/laravel/framework/src/Illuminate/Pipeline/Pipeline.php(183): App\\Http\\Middleware\\SetLocale->handle()
#25 /home/ouknik/Desktop/brahim_projects/j/j v2/jeunesscar/framework/vendor/laravel/framework/src/Illuminate/Routing/Middleware/SubstituteBindings.php(50): Illuminate\\Pipeline\\Pipeline->Illuminate\\Pipeline\\{closure}()
#26 /home/ouknik/Desktop/brahim_projects/j/j v2/jeunesscar/framework/vendor/laravel/framework/src/Illuminate/Pipeline/Pipeline.php(183): Illuminate\\Routing\\Middleware\\SubstituteBindings->handle()
#27 /home/ouknik/Desktop/brahim_projects/j/j v2/jeunesscar/framework/vendor/laravel/framework/src/Illuminate/Auth/Middleware/Authenticate.php(57): Illuminate\\Pipeline\\Pipeline->Illuminate\\Pipeline\\{closure}()
#28 /home/ouknik/Desktop/brahim_projects/j/j v2/jeunesscar/framework/vendor/laravel/framework/src/Illuminate/Pipeline/Pipeline.php(183): Illuminate\\Auth\\Middleware\\Authenticate->handle()
#29 /home/ouknik/Desktop/brahim_projects/j/j v2/jeunesscar/framework/vendor/laravel/framework/src/Illuminate/Foundation/Http/Middleware/VerifyCsrfToken.php(78): Illuminate\\Pipeline\\Pipeline->Illuminate\\Pipeline\\{closure}()
#30 /home/ouknik/Desktop/brahim_projects/j/j v2/jeunesscar/framework/vendor/laravel/framework/src/Illuminate/Pipeline/Pipeline.php(183): Illuminate\\Foundation\\Http\\Middleware\\VerifyCsrfToken->handle()
#31 /home/ouknik/Desktop/brahim_projects/j/j v2/jeunesscar/framework/vendor/laravel/framework/src/Illuminate/View/Middleware/ShareErrorsFromSession.php(49): Illuminate\\Pipeline\\Pipeline->Illuminate\\Pipeline\\{closure}()
#32 /home/ouknik/Desktop/brahim_projects/j/j v2/jeunesscar/framework/vendor/laravel/framework/src/Illuminate/Pipeline/Pipeline.php(183): Illuminate\\View\\Middleware\\ShareErrorsFromSession->handle()
#33 /home/ouknik/Desktop/brahim_projects/j/j v2/jeunesscar/framework/vendor/laravel/framework/src/Illuminate/Session/Middleware/StartSession.php(121): Illuminate\\Pipeline\\Pipeline->Illuminate\\Pipeline\\{closure}()
#34 /home/ouknik/Desktop/brahim_projects/j/j v2/jeunesscar/framework/vendor/laravel/framework/src/Illuminate/Session/Middleware/StartSession.php(64): Illuminate\\Session\\Middleware\\StartSession->handleStatefulRequest()
#35 /home/ouknik/Desktop/brahim_projects/j/j v2/jeunesscar/framework/vendor/laravel/framework/src/Illuminate/Pipeline/Pipeline.php(183): Illuminate\\Session\\Middleware\\StartSession->handle()
#36 /home/ouknik/Desktop/brahim_projects/j/j v2/jeunesscar/framework/vendor/laravel/framework/src/Illuminate/Cookie/Middleware/AddQueuedCookiesToResponse.php(37): Illuminate\\Pipeline\\Pipeline->Illuminate\\Pipeline\\{closure}()
#37 /home/ouknik/Desktop/brahim_projects/j/j v2/jeunesscar/framework/vendor/laravel/framework/src/Illuminate/Pipeline/Pipeline.php(183): Illuminate\\Cookie\\Middleware\\AddQueuedCookiesToResponse->handle()
#38 /home/ouknik/Desktop/brahim_projects/j/j v2/jeunesscar/framework/vendor/laravel/framework/src/Illuminate/Cookie/Middleware/EncryptCookies.php(67): Illuminate\\Pipeline\\Pipeline->Illuminate\\Pipeline\\{closure}()
#39 /home/ouknik/Desktop/brahim_projects/j/j v2/jeunesscar/framework/vendor/laravel/framework/src/Illuminate/Pipeline/Pipeline.php(183): Illuminate\\Cookie\\Middleware\\EncryptCookies->handle()
#40 /home/ouknik/Desktop/brahim_projects/j/j v2/jeunesscar/framework/vendor/laravel/framework/src/Illuminate/Pipeline/Pipeline.php(119): Illuminate\\Pipeline\\Pipeline->Illuminate\\Pipeline\\{closure}()
#41 /home/ouknik/Desktop/brahim_projects/j/j v2/jeunesscar/framework/vendor/laravel/framework/src/Illuminate/Routing/Router.php(805): Illuminate\\Pipeline\\Pipeline->then()
#42 /home/ouknik/Desktop/brahim_projects/j/j v2/jeunesscar/framework/vendor/laravel/framework/src/Illuminate/Routing/Router.php(784): Illuminate\\Routing\\Router->runRouteWithinStack()
#43 /home/ouknik/Desktop/brahim_projects/j/j v2/jeunesscar/framework/vendor/laravel/framework/src/Illuminate/Routing/Router.php(748): Illuminate\\Routing\\Router->runRoute()
#44 /home/ouknik/Desktop/brahim_projects/j/j v2/jeunesscar/framework/vendor/laravel/framework/src/Illuminate/Routing/Router.php(737): Illuminate\\Routing\\Router->dispatchToRoute()
#45 /home/ouknik/Desktop/brahim_projects/j/j v2/jeunesscar/framework/vendor/laravel/framework/src/Illuminate/Foundation/Http/Kernel.php(200): Illuminate\\Routing\\Router->dispatch()
#46 /home/ouknik/Desktop/brahim_projects/j/j v2/jeunesscar/framework/vendor/laravel/framework/src/Illuminate/Pipeline/Pipeline.php(144): Illuminate\\Foundation\\Http\\Kernel->Illuminate\\Foundation\\Http\\{closure}()
#47 /home/ouknik/Desktop/brahim_projects/j/j v2/jeunesscar/framework/vendor/laravel/framework/src/Illuminate/Foundation/Http/Middleware/TransformsRequest.php(21): Illuminate\\Pipeline\\Pipeline->Illuminate\\Pipeline\\{closure}()
#48 /home/ouknik/Desktop/brahim_projects/j/j v2/jeunesscar/framework/vendor/laravel/framework/src/Illuminate/Foundation/Http/Middleware/ConvertEmptyStringsToNull.php(31): Illuminate\\Foundation\\Http\\Middleware\\TransformsRequest->handle()
#49 /home/ouknik/Desktop/brahim_projects/j/j v2/jeunesscar/framework/vendor/laravel/framework/src/Illuminate/Pipeline/Pipeline.php(183): Illuminate\\Foundation\\Http\\Middleware\\ConvertEmptyStringsToNull->handle()
#50 /home/ouknik/Desktop/brahim_projects/j/j v2/jeunesscar/framework/vendor/laravel/framework/src/Illuminate/Foundation/Http/Middleware/TransformsRequest.php(21): Illuminate\\Pipeline\\Pipeline->Illuminate\\Pipeline\\{closure}()
#51 /home/ouknik/Desktop/brahim_projects/j/j v2/jeunesscar/framework/vendor/laravel/framework/src/Illuminate/Foundation/Http/Middleware/TrimStrings.php(40): Illuminate\\Foundation\\Http\\Middleware\\TransformsRequest->handle()
#52 /home/ouknik/Desktop/brahim_projects/j/j v2/jeunesscar/framework/vendor/laravel/framework/src/Illuminate/Pipeline/Pipeline.php(183): Illuminate\\Foundation\\Http\\Middleware\\TrimStrings->handle()
#53 /home/ouknik/Desktop/brahim_projects/j/j v2/jeunesscar/framework/vendor/laravel/framework/src/Illuminate/Foundation/Http/Middleware/ValidatePostSize.php(27): Illuminate\\Pipeline\\Pipeline->Illuminate\\Pipeline\\{closure}()
#54 /home/ouknik/Desktop/brahim_projects/j/j v2/jeunesscar/framework/vendor/laravel/framework/src/Illuminate/Pipeline/Pipeline.php(183): Illuminate\\Foundation\\Http\\Middleware\\ValidatePostSize->handle()
#55 /home/ouknik/Desktop/brahim_projects/j/j v2/jeunesscar/framework/vendor/laravel/framework/src/Illuminate/Foundation/Http/Middleware/PreventRequestsDuringMaintenance.php(99): Illuminate\\Pipeline\\Pipeline->Illuminate\\Pipeline\\{closure}()
#56 /home/ouknik/Desktop/brahim_projects/j/j v2/jeunesscar/framework/vendor/laravel/framework/src/Illuminate/Pipeline/Pipeline.php(183): Illuminate\\Foundation\\Http\\Middleware\\PreventRequestsDuringMaintenance->handle()
#57 /home/ouknik/Desktop/brahim_projects/j/j v2/jeunesscar/framework/vendor/laravel/framework/src/Illuminate/Pipeline/Pipeline.php(119): Illuminate\\Pipeline\\Pipeline->Illuminate\\Pipeline\\{closure}()
#58 /home/ouknik/Desktop/brahim_projects/j/j v2/jeunesscar/framework/vendor/laravel/framework/src/Illuminate/Foundation/Http/Kernel.php(175): Illuminate\\Pipeline\\Pipeline->then()
#59 /home/ouknik/Desktop/brahim_projects/j/j v2/jeunesscar/framework/vendor/laravel/framework/src/Illuminate/Foundation/Http/Kernel.php(144): Illuminate\\Foundation\\Http\\Kernel->sendRequestThroughRouter()
#60 /home/ouknik/Desktop/brahim_projects/j/j v2/jeunesscar/index.php(13): Illuminate\\Foundation\\Http\\Kernel->handle()
#61 {main}

[previous exception] [object] (PDOException(code: 42S22): SQLSTATE[42S22]: Column not found: 1054 Unknown column 'updated_at' in 'field list' at /home/ouknik/Desktop/brahim_projects/j/j v2/jeunesscar/framework/vendor/laravel/framework/src/Illuminate/Database/MySqlConnection.php:39)
[stacktrace]
#0 /home/ouknik/Desktop/brahim_projects/j/j v2/jeunesscar/framework/vendor/laravel/framework/src/Illuminate/Database/MySqlConnection.php(39): PDO->prepare()
#1 /home/ouknik/Desktop/brahim_projects/j/j v2/jeunesscar/framework/vendor/laravel/framework/src/Illuminate/Database/Connection.php(816): Illuminate\\Database\\MySqlConnection->Illuminate\\Database\\{closure}()
#2 /home/ouknik/Desktop/brahim_projects/j/j v2/jeunesscar/framework/vendor/laravel/framework/src/Illuminate/Database/Connection.php(783): Illuminate\\Database\\Connection->runQueryCallback()
#3 /home/ouknik/Desktop/brahim_projects/j/j v2/jeunesscar/framework/vendor/laravel/framework/src/Illuminate/Database/MySqlConnection.php(34): Illuminate\\Database\\Connection->run()
#4 /home/ouknik/Desktop/brahim_projects/j/j v2/jeunesscar/framework/vendor/laravel/framework/src/Illuminate/Database/Query/Processors/MySqlProcessor.php(35): Illuminate\\Database\\MySqlConnection->insert()
#5 /home/ouknik/Desktop/brahim_projects/j/j v2/jeunesscar/framework/vendor/laravel/framework/src/Illuminate/Database/Query/Builder.php(3549): Illuminate\\Database\\Query\\Processors\\MySqlProcessor->processInsertGetId()
#6 /home/ouknik/Desktop/brahim_projects/j/j v2/jeunesscar/framework/vendor/laravel/framework/src/Illuminate/Database/Eloquent/Builder.php(1982): Illuminate\\Database\\Query\\Builder->insertGetId()
#7 /home/ouknik/Desktop/brahim_projects/j/j v2/jeunesscar/framework/vendor/laravel/framework/src/Illuminate/Database/Eloquent/Model.php(1334): Illuminate\\Database\\Eloquent\\Builder->__call()
#8 /home/ouknik/Desktop/brahim_projects/j/j v2/jeunesscar/framework/vendor/laravel/framework/src/Illuminate/Database/Eloquent/Model.php(1299): Illuminate\\Database\\Eloquent\\Model->insertAndSetId()
#9 /home/ouknik/Desktop/brahim_projects/j/j v2/jeunesscar/framework/vendor/laravel/framework/src/Illuminate/Database/Eloquent/Model.php(1138): Illuminate\\Database\\Eloquent\\Model->performInsert()
#10 /home/ouknik/Desktop/brahim_projects/j/j v2/jeunesscar/framework/vendor/laravel/framework/src/Illuminate/Database/Eloquent/Builder.php(1025): Illuminate\\Database\\Eloquent\\Model->save()
#11 /home/ouknik/Desktop/brahim_projects/j/j v2/jeunesscar/framework/vendor/laravel/framework/src/Illuminate/Support/helpers.php(320): Illuminate\\Database\\Eloquent\\Builder->Illuminate\\Database\\Eloquent\\{closure}()
#12 /home/ouknik/Desktop/brahim_projects/j/j v2/jeunesscar/framework/vendor/laravel/framework/src/Illuminate/Database/Eloquent/Builder.php(1024): tap()
#13 /home/ouknik/Desktop/brahim_projects/j/j v2/jeunesscar/framework/vendor/laravel/framework/src/Illuminate/Support/Traits/ForwardsCalls.php(23): Illuminate\\Database\\Eloquent\\Builder->create()
#14 /home/ouknik/Desktop/brahim_projects/j/j v2/jeunesscar/framework/vendor/laravel/framework/src/Illuminate/Database/Eloquent/Model.php(2335): Illuminate\\Database\\Eloquent\\Model->forwardCallTo()
#15 /home/ouknik/Desktop/brahim_projects/j/j v2/jeunesscar/framework/vendor/laravel/framework/src/Illuminate/Database/Eloquent/Model.php(2347): Illuminate\\Database\\Eloquent\\Model->__call()
#16 /home/ouknik/Desktop/brahim_projects/j/j v2/jeunesscar/framework/app/Http/Controllers/Admin/ReceptionController.php(183): Illuminate\\Database\\Eloquent\\Model::__callStatic()
#17 /home/ouknik/Desktop/brahim_projects/j/j v2/jeunesscar/framework/vendor/laravel/framework/src/Illuminate/Routing/Controller.php(54): App\\Http\\Controllers\\Admin\\ReceptionController->store()
#18 /home/ouknik/Desktop/brahim_projects/j/j v2/jeunesscar/framework/vendor/laravel/framework/src/Illuminate/Routing/ControllerDispatcher.php(43): Illuminate\\Routing\\Controller->callAction()
#19 /home/ouknik/Desktop/brahim_projects/j/j v2/jeunesscar/framework/vendor/laravel/framework/src/Illuminate/Routing/Route.php(259): Illuminate\\Routing\\ControllerDispatcher->dispatch()
#20 /home/ouknik/Desktop/brahim_projects/j/j v2/jeunesscar/framework/vendor/laravel/framework/src/Illuminate/Routing/Route.php(205): Illuminate\\Routing\\Route->runController()
#21 /home/ouknik/Desktop/brahim_projects/j/j v2/jeunesscar/framework/vendor/laravel/framework/src/Illuminate/Routing/Router.php(806): Illuminate\\Routing\\Route->run()
#22 /home/ouknik/Desktop/brahim_projects/j/j v2/jeunesscar/framework/vendor/laravel/framework/src/Illuminate/Pipeline/Pipeline.php(144): Illuminate\\Routing\\Router->Illuminate\\Routing\\{closure}()
#23 /home/ouknik/Desktop/brahim_projects/j/j v2/jeunesscar/framework/vendor/spatie/laravel-permission/src/Middlewares/PermissionMiddleware.php(24): Illuminate\\Pipeline\\Pipeline->Illuminate\\Pipeline\\{closure}()
#24 /home/ouknik/Desktop/brahim_projects/j/j v2/jeunesscar/framework/vendor/laravel/framework/src/Illuminate/Pipeline/Pipeline.php(183): Spatie\\Permission\\Middlewares\\PermissionMiddleware->handle()
#25 /home/ouknik/Desktop/brahim_projects/j/j v2/jeunesscar/framework/app/Http/Middleware/SetLocale.php(37): Illuminate\\Pipeline\\Pipeline->Illuminate\\Pipeline\\{closure}()
#26 /home/ouknik/Desktop/brahim_projects/j/j v2/jeunesscar/framework/vendor/laravel/framework/src/Illuminate/Pipeline/Pipeline.php(183): App\\Http\\Middleware\\SetLocale->handle()
#27 /home/ouknik/Desktop/brahim_projects/j/j v2/jeunesscar/framework/vendor/laravel/framework/src/Illuminate/Routing/Middleware/SubstituteBindings.php(50): Illuminate\\Pipeline\\Pipeline->Illuminate\\Pipeline\\{closure}()
#28 /home/ouknik/Desktop/brahim_projects/j/j v2/jeunesscar/framework/vendor/laravel/framework/src/Illuminate/Pipeline/Pipeline.php(183): Illuminate\\Routing\\Middleware\\SubstituteBindings->handle()
#29 /home/ouknik/Desktop/brahim_projects/j/j v2/jeunesscar/framework/vendor/laravel/framework/src/Illuminate/Auth/Middleware/Authenticate.php(57): Illuminate\\Pipeline\\Pipeline->Illuminate\\Pipeline\\{closure}()
#30 /home/ouknik/Desktop/brahim_projects/j/j v2/jeunesscar/framework/vendor/laravel/framework/src/Illuminate/Pipeline/Pipeline.php(183): Illuminate\\Auth\\Middleware\\Authenticate->handle()
#31 /home/ouknik/Desktop/brahim_projects/j/j v2/jeunesscar/framework/vendor/laravel/framework/src/Illuminate/Foundation/Http/Middleware/VerifyCsrfToken.php(78): Illuminate\\Pipeline\\Pipeline->Illuminate\\Pipeline\\{closure}()
#32 /home/ouknik/Desktop/brahim_projects/j/j v2/jeunesscar/framework/vendor/laravel/framework/src/Illuminate/Pipeline/Pipeline.php(183): Illuminate\\Foundation\\Http\\Middleware\\VerifyCsrfToken->handle()
#33 /home/ouknik/Desktop/brahim_projects/j/j v2/jeunesscar/framework/vendor/laravel/framework/src/Illuminate/View/Middleware/ShareErrorsFromSession.php(49): Illuminate\\Pipeline\\Pipeline->Illuminate\\Pipeline\\{closure}()
#34 /home/ouknik/Desktop/brahim_projects/j/j v2/jeunesscar/framework/vendor/laravel/framework/src/Illuminate/Pipeline/Pipeline.php(183): Illuminate\\View\\Middleware\\ShareErrorsFromSession->handle()
#35 /home/ouknik/Desktop/brahim_projects/j/j v2/jeunesscar/framework/vendor/laravel/framework/src/Illuminate/Session/Middleware/StartSession.php(121): Illuminate\\Pipeline\\Pipeline->Illuminate\\Pipeline\\{closure}()
#36 /home/ouknik/Desktop/brahim_projects/j/j v2/jeunesscar/framework/vendor/laravel/framework/src/Illuminate/Session/Middleware/StartSession.php(64): Illuminate\\Session\\Middleware\\StartSession->handleStatefulRequest()
#37 /home/ouknik/Desktop/brahim_projects/j/j v2/jeunesscar/framework/vendor/laravel/framework/src/Illuminate/Pipeline/Pipeline.php(183): Illuminate\\Session\\Middleware\\StartSession->handle()
#38 /home/ouknik/Desktop/brahim_projects/j/j v2/jeunesscar/framework/vendor/laravel/framework/src/Illuminate/Cookie/Middleware/AddQueuedCookiesToResponse.php(37): Illuminate\\Pipeline\\Pipeline->Illuminate\\Pipeline\\{closure}()
#39 /home/ouknik/Desktop/brahim_projects/j/j v2/jeunesscar/framework/vendor/laravel/framework/src/Illuminate/Pipeline/Pipeline.php(183): Illuminate\\Cookie\\Middleware\\AddQueuedCookiesToResponse->handle()
#40 /home/ouknik/Desktop/brahim_projects/j/j v2/jeunesscar/framework/vendor/laravel/framework/src/Illuminate/Cookie/Middleware/EncryptCookies.php(67): Illuminate\\Pipeline\\Pipeline->Illuminate\\Pipeline\\{closure}()
#41 /home/ouknik/Desktop/brahim_projects/j/j v2/jeunesscar/framework/vendor/laravel/framework/src/Illuminate/Pipeline/Pipeline.php(183): Illuminate\\Cookie\\Middleware\\EncryptCookies->handle()
#42 /home/ouknik/Desktop/brahim_projects/j/j v2/jeunesscar/framework/vendor/laravel/framework/src/Illuminate/Pipeline/Pipeline.php(119): Illuminate\\Pipeline\\Pipeline->Illuminate\\Pipeline\\{closure}()
#43 /home/ouknik/Desktop/brahim_projects/j/j v2/jeunesscar/framework/vendor/laravel/framework/src/Illuminate/Routing/Router.php(805): Illuminate\\Pipeline\\Pipeline->then()
#44 /home/ouknik/Desktop/brahim_projects/j/j v2/jeunesscar/framework/vendor/laravel/framework/src/Illuminate/Routing/Router.php(784): Illuminate\\Routing\\Router->runRouteWithinStack()
#45 /home/ouknik/Desktop/brahim_projects/j/j v2/jeunesscar/framework/vendor/laravel/framework/src/Illuminate/Routing/Router.php(748): Illuminate\\Routing\\Router->runRoute()
#46 /home/ouknik/Desktop/brahim_projects/j/j v2/jeunesscar/framework/vendor/laravel/framework/src/Illuminate/Routing/Router.php(737): Illuminate\\Routing\\Router->dispatchToRoute()
#47 /home/ouknik/Desktop/brahim_projects/j/j v2/jeunesscar/framework/vendor/laravel/framework/src/Illuminate/Foundation/Http/Kernel.php(200): Illuminate\\Routing\\Router->dispatch()
#48 /home/ouknik/Desktop/brahim_projects/j/j v2/jeunesscar/framework/vendor/laravel/framework/src/Illuminate/Pipeline/Pipeline.php(144): Illuminate\\Foundation\\Http\\Kernel->Illuminate\\Foundation\\Http\\{closure}()
#49 /home/ouknik/Desktop/brahim_projects/j/j v2/jeunesscar/framework/vendor/laravel/framework/src/Illuminate/Foundation/Http/Middleware/TransformsRequest.php(21): Illuminate\\Pipeline\\Pipeline->Illuminate\\Pipeline\\{closure}()
#50 /home/ouknik/Desktop/brahim_projects/j/j v2/jeunesscar/framework/vendor/laravel/framework/src/Illuminate/Foundation/Http/Middleware/ConvertEmptyStringsToNull.php(31): Illuminate\\Foundation\\Http\\Middleware\\TransformsRequest->handle()
#51 /home/ouknik/Desktop/brahim_projects/j/j v2/jeunesscar/framework/vendor/laravel/framework/src/Illuminate/Pipeline/Pipeline.php(183): Illuminate\\Foundation\\Http\\Middleware\\ConvertEmptyStringsToNull->handle()
#52 /home/ouknik/Desktop/brahim_projects/j/j v2/jeunesscar/framework/vendor/laravel/framework/src/Illuminate/Foundation/Http/Middleware/TransformsRequest.php(21): Illuminate\\Pipeline\\Pipeline->Illuminate\\Pipeline\\{closure}()
#53 /home/ouknik/Desktop/brahim_projects/j/j v2/jeunesscar/framework/vendor/laravel/framework/src/Illuminate/Foundation/Http/Middleware/TrimStrings.php(40): Illuminate\\Foundation\\Http\\Middleware\\TransformsRequest->handle()
#54 /home/ouknik/Desktop/brahim_projects/j/j v2/jeunesscar/framework/vendor/laravel/framework/src/Illuminate/Pipeline/Pipeline.php(183): Illuminate\\Foundation\\Http\\Middleware\\TrimStrings->handle()
#55 /home/ouknik/Desktop/brahim_projects/j/j v2/jeunesscar/framework/vendor/laravel/framework/src/Illuminate/Foundation/Http/Middleware/ValidatePostSize.php(27): Illuminate\\Pipeline\\Pipeline->Illuminate\\Pipeline\\{closure}()
#56 /home/ouknik/Desktop/brahim_projects/j/j v2/jeunesscar/framework/vendor/laravel/framework/src/Illuminate/Pipeline/Pipeline.php(183): Illuminate\\Foundation\\Http\\Middleware\\ValidatePostSize->handle()
#57 /home/ouknik/Desktop/brahim_projects/j/j v2/jeunesscar/framework/vendor/laravel/framework/src/Illuminate/Foundation/Http/Middleware/PreventRequestsDuringMaintenance.php(99): Illuminate\\Pipeline\\Pipeline->Illuminate\\Pipeline\\{closure}()
#58 /home/ouknik/Desktop/brahim_projects/j/j v2/jeunesscar/framework/vendor/laravel/framework/src/Illuminate/Pipeline/Pipeline.php(183): Illuminate\\Foundation\\Http\\Middleware\\PreventRequestsDuringMaintenance->handle()
#59 /home/ouknik/Desktop/brahim_projects/j/j v2/jeunesscar/framework/vendor/laravel/framework/src/Illuminate/Pipeline/Pipeline.php(119): Illuminate\\Pipeline\\Pipeline->Illuminate\\Pipeline\\{closure}()
#60 /home/ouknik/Desktop/brahim_projects/j/j v2/jeunesscar/framework/vendor/laravel/framework/src/Illuminate/Foundation/Http/Kernel.php(175): Illuminate\\Pipeline\\Pipeline->then()
#61 /home/ouknik/Desktop/brahim_projects/j/j v2/jeunesscar/framework/vendor/laravel/framework/src/Illuminate/Foundation/Http/Kernel.php(144): Illuminate\\Foundation\\Http\\Kernel->sendRequestThroughRouter()
#62 /home/ouknik/Desktop/brahim_projects/j/j v2/jeunesscar/index.php(13): Illuminate\\Foundation\\Http\\Kernel->handle()
#63 {main}
"} 
[2025-05-17 22:24:50] local.ERROR: Undefined variable $data {"view":{"view":"/home/ouknik/Desktop/brahim_projects/j/j v2/jeunesscar/framework/resources/views/reception/index.blade.php","data":[]},"userId":1,"exception":"[object] (Spatie\\LaravelIgnition\\Exceptions\\ViewException(code: 0): Undefined variable $data at /home/ouknik/Desktop/brahim_projects/j/j v2/jeunesscar/framework/resources/views/reception/index.blade.php:36)
[stacktrace]
#0 /home/ouknik/Desktop/brahim_projects/j/j v2/jeunesscar/framework/vendor/laravel/framework/src/Illuminate/Filesystem/Filesystem.php(123): require('...')
#1 /home/ouknik/Desktop/brahim_projects/j/j v2/jeunesscar/framework/vendor/laravel/framework/src/Illuminate/Filesystem/Filesystem.php(124): Illuminate\\Filesystem\\Filesystem::Illuminate\\Filesystem\\{closure}()
#2 /home/ouknik/Desktop/brahim_projects/j/j v2/jeunesscar/framework/vendor/laravel/framework/src/Illuminate/View/Engines/PhpEngine.php(58): Illuminate\\Filesystem\\Filesystem->getRequire()
#3 /home/ouknik/Desktop/brahim_projects/j/j v2/jeunesscar/framework/vendor/laravel/framework/src/Illuminate/View/Engines/CompilerEngine.php(72): Illuminate\\View\\Engines\\PhpEngine->evaluatePath()
#4 /home/ouknik/Desktop/brahim_projects/j/j v2/jeunesscar/framework/vendor/laravel/framework/src/Illuminate/View/View.php(207): Illuminate\\View\\Engines\\CompilerEngine->get()
#5 /home/ouknik/Desktop/brahim_projects/j/j v2/jeunesscar/framework/vendor/laravel/framework/src/Illuminate/View/View.php(190): Illuminate\\View\\View->getContents()
#6 /home/ouknik/Desktop/brahim_projects/j/j v2/jeunesscar/framework/vendor/laravel/framework/src/Illuminate/View/View.php(159): Illuminate\\View\\View->renderContents()
#7 /home/ouknik/Desktop/brahim_projects/j/j v2/jeunesscar/framework/vendor/laravel/framework/src/Illuminate/Http/Response.php(69): Illuminate\\View\\View->render()
#8 /home/ouknik/Desktop/brahim_projects/j/j v2/jeunesscar/framework/vendor/laravel/framework/src/Illuminate/Http/Response.php(35): Illuminate\\Http\\Response->setContent()
#9 /home/ouknik/Desktop/brahim_projects/j/j v2/jeunesscar/framework/vendor/laravel/framework/src/Illuminate/Routing/Router.php(918): Illuminate\\Http\\Response->__construct()
#10 /home/ouknik/Desktop/brahim_projects/j/j v2/jeunesscar/framework/vendor/laravel/framework/src/Illuminate/Routing/Router.php(885): Illuminate\\Routing\\Router::toResponse()
#11 /home/ouknik/Desktop/brahim_projects/j/j v2/jeunesscar/framework/vendor/laravel/framework/src/Illuminate/Routing/Router.php(805): Illuminate\\Routing\\Router->prepareResponse()
#12 /home/ouknik/Desktop/brahim_projects/j/j v2/jeunesscar/framework/vendor/laravel/framework/src/Illuminate/Pipeline/Pipeline.php(144): Illuminate\\Routing\\Router->Illuminate\\Routing\\{closure}()
#13 /home/ouknik/Desktop/brahim_projects/j/j v2/jeunesscar/framework/vendor/spatie/laravel-permission/src/Middlewares/PermissionMiddleware.php(24): Illuminate\\Pipeline\\Pipeline->Illuminate\\Pipeline\\{closure}()
#14 /home/ouknik/Desktop/brahim_projects/j/j v2/jeunesscar/framework/vendor/laravel/framework/src/Illuminate/Pipeline/Pipeline.php(183): Spatie\\Permission\\Middlewares\\PermissionMiddleware->handle()
#15 /home/ouknik/Desktop/brahim_projects/j/j v2/jeunesscar/framework/app/Http/Middleware/SetLocale.php(37): Illuminate\\Pipeline\\Pipeline->Illuminate\\Pipeline\\{closure}()
#16 /home/ouknik/Desktop/brahim_projects/j/j v2/jeunesscar/framework/vendor/laravel/framework/src/Illuminate/Pipeline/Pipeline.php(183): App\\Http\\Middleware\\SetLocale->handle()
#17 /home/ouknik/Desktop/brahim_projects/j/j v2/jeunesscar/framework/vendor/laravel/framework/src/Illuminate/Routing/Middleware/SubstituteBindings.php(50): Illuminate\\Pipeline\\Pipeline->Illuminate\\Pipeline\\{closure}()
#18 /home/ouknik/Desktop/brahim_projects/j/j v2/jeunesscar/framework/vendor/laravel/framework/src/Illuminate/Pipeline/Pipeline.php(183): Illuminate\\Routing\\Middleware\\SubstituteBindings->handle()
#19 /home/ouknik/Desktop/brahim_projects/j/j v2/jeunesscar/framework/vendor/laravel/framework/src/Illuminate/Auth/Middleware/Authenticate.php(57): Illuminate\\Pipeline\\Pipeline->Illuminate\\Pipeline\\{closure}()
#20 /home/ouknik/Desktop/brahim_projects/j/j v2/jeunesscar/framework/vendor/laravel/framework/src/Illuminate/Pipeline/Pipeline.php(183): Illuminate\\Auth\\Middleware\\Authenticate->handle()
#21 /home/ouknik/Desktop/brahim_projects/j/j v2/jeunesscar/framework/vendor/laravel/framework/src/Illuminate/Foundation/Http/Middleware/VerifyCsrfToken.php(78): Illuminate\\Pipeline\\Pipeline->Illuminate\\Pipeline\\{closure}()
#22 /home/ouknik/Desktop/brahim_projects/j/j v2/jeunesscar/framework/vendor/laravel/framework/src/Illuminate/Pipeline/Pipeline.php(183): Illuminate\\Foundation\\Http\\Middleware\\VerifyCsrfToken->handle()
#23 /home/ouknik/Desktop/brahim_projects/j/j v2/jeunesscar/framework/vendor/laravel/framework/src/Illuminate/View/Middleware/ShareErrorsFromSession.php(49): Illuminate\\Pipeline\\Pipeline->Illuminate\\Pipeline\\{closure}()
#24 /home/ouknik/Desktop/brahim_projects/j/j v2/jeunesscar/framework/vendor/laravel/framework/src/Illuminate/Pipeline/Pipeline.php(183): Illuminate\\View\\Middleware\\ShareErrorsFromSession->handle()
#25 /home/ouknik/Desktop/brahim_projects/j/j v2/jeunesscar/framework/vendor/laravel/framework/src/Illuminate/Session/Middleware/StartSession.php(121): Illuminate\\Pipeline\\Pipeline->Illuminate\\Pipeline\\{closure}()
#26 /home/ouknik/Desktop/brahim_projects/j/j v2/jeunesscar/framework/vendor/laravel/framework/src/Illuminate/Session/Middleware/StartSession.php(64): Illuminate\\Session\\Middleware\\StartSession->handleStatefulRequest()
#27 /home/ouknik/Desktop/brahim_projects/j/j v2/jeunesscar/framework/vendor/laravel/framework/src/Illuminate/Pipeline/Pipeline.php(183): Illuminate\\Session\\Middleware\\StartSession->handle()
#28 /home/ouknik/Desktop/brahim_projects/j/j v2/jeunesscar/framework/vendor/laravel/framework/src/Illuminate/Cookie/Middleware/AddQueuedCookiesToResponse.php(37): Illuminate\\Pipeline\\Pipeline->Illuminate\\Pipeline\\{closure}()
#29 /home/ouknik/Desktop/brahim_projects/j/j v2/jeunesscar/framework/vendor/laravel/framework/src/Illuminate/Pipeline/Pipeline.php(183): Illuminate\\Cookie\\Middleware\\AddQueuedCookiesToResponse->handle()
#30 /home/ouknik/Desktop/brahim_projects/j/j v2/jeunesscar/framework/vendor/laravel/framework/src/Illuminate/Cookie/Middleware/EncryptCookies.php(67): Illuminate\\Pipeline\\Pipeline->Illuminate\\Pipeline\\{closure}()
#31 /home/ouknik/Desktop/brahim_projects/j/j v2/jeunesscar/framework/vendor/laravel/framework/src/Illuminate/Pipeline/Pipeline.php(183): Illuminate\\Cookie\\Middleware\\EncryptCookies->handle()
#32 /home/ouknik/Desktop/brahim_projects/j/j v2/jeunesscar/framework/vendor/laravel/framework/src/Illuminate/Pipeline/Pipeline.php(119): Illuminate\\Pipeline\\Pipeline->Illuminate\\Pipeline\\{closure}()
#33 /home/ouknik/Desktop/brahim_projects/j/j v2/jeunesscar/framework/vendor/laravel/framework/src/Illuminate/Routing/Router.php(805): Illuminate\\Pipeline\\Pipeline->then()
#34 /home/ouknik/Desktop/brahim_projects/j/j v2/jeunesscar/framework/vendor/laravel/framework/src/Illuminate/Routing/Router.php(784): Illuminate\\Routing\\Router->runRouteWithinStack()
#35 /home/ouknik/Desktop/brahim_projects/j/j v2/jeunesscar/framework/vendor/laravel/framework/src/Illuminate/Routing/Router.php(748): Illuminate\\Routing\\Router->runRoute()
#36 /home/ouknik/Desktop/brahim_projects/j/j v2/jeunesscar/framework/vendor/laravel/framework/src/Illuminate/Routing/Router.php(737): Illuminate\\Routing\\Router->dispatchToRoute()
#37 /home/ouknik/Desktop/brahim_projects/j/j v2/jeunesscar/framework/vendor/laravel/framework/src/Illuminate/Foundation/Http/Kernel.php(200): Illuminate\\Routing\\Router->dispatch()
#38 /home/ouknik/Desktop/brahim_projects/j/j v2/jeunesscar/framework/vendor/laravel/framework/src/Illuminate/Pipeline/Pipeline.php(144): Illuminate\\Foundation\\Http\\Kernel->Illuminate\\Foundation\\Http\\{closure}()
#39 /home/ouknik/Desktop/brahim_projects/j/j v2/jeunesscar/framework/vendor/laravel/framework/src/Illuminate/Foundation/Http/Middleware/TransformsRequest.php(21): Illuminate\\Pipeline\\Pipeline->Illuminate\\Pipeline\\{closure}()
#40 /home/ouknik/Desktop/brahim_projects/j/j v2/jeunesscar/framework/vendor/laravel/framework/src/Illuminate/Foundation/Http/Middleware/ConvertEmptyStringsToNull.php(31): Illuminate\\Foundation\\Http\\Middleware\\TransformsRequest->handle()
#41 /home/ouknik/Desktop/brahim_projects/j/j v2/jeunesscar/framework/vendor/laravel/framework/src/Illuminate/Pipeline/Pipeline.php(183): Illuminate\\Foundation\\Http\\Middleware\\ConvertEmptyStringsToNull->handle()
#42 /home/ouknik/Desktop/brahim_projects/j/j v2/jeunesscar/framework/vendor/laravel/framework/src/Illuminate/Foundation/Http/Middleware/TransformsRequest.php(21): Illuminate\\Pipeline\\Pipeline->Illuminate\\Pipeline\\{closure}()
#43 /home/ouknik/Desktop/brahim_projects/j/j v2/jeunesscar/framework/vendor/laravel/framework/src/Illuminate/Foundation/Http/Middleware/TrimStrings.php(40): Illuminate\\Foundation\\Http\\Middleware\\TransformsRequest->handle()
#44 /home/ouknik/Desktop/brahim_projects/j/j v2/jeunesscar/framework/vendor/laravel/framework/src/Illuminate/Pipeline/Pipeline.php(183): Illuminate\\Foundation\\Http\\Middleware\\TrimStrings->handle()
#45 /home/ouknik/Desktop/brahim_projects/j/j v2/jeunesscar/framework/vendor/laravel/framework/src/Illuminate/Foundation/Http/Middleware/ValidatePostSize.php(27): Illuminate\\Pipeline\\Pipeline->Illuminate\\Pipeline\\{closure}()
#46 /home/ouknik/Desktop/brahim_projects/j/j v2/jeunesscar/framework/vendor/laravel/framework/src/Illuminate/Pipeline/Pipeline.php(183): Illuminate\\Foundation\\Http\\Middleware\\ValidatePostSize->handle()
#47 /home/ouknik/Desktop/brahim_projects/j/j v2/jeunesscar/framework/vendor/laravel/framework/src/Illuminate/Foundation/Http/Middleware/PreventRequestsDuringMaintenance.php(99): Illuminate\\Pipeline\\Pipeline->Illuminate\\Pipeline\\{closure}()
#48 /home/ouknik/Desktop/brahim_projects/j/j v2/jeunesscar/framework/vendor/laravel/framework/src/Illuminate/Pipeline/Pipeline.php(183): Illuminate\\Foundation\\Http\\Middleware\\PreventRequestsDuringMaintenance->handle()
#49 /home/ouknik/Desktop/brahim_projects/j/j v2/jeunesscar/framework/vendor/laravel/framework/src/Illuminate/Pipeline/Pipeline.php(119): Illuminate\\Pipeline\\Pipeline->Illuminate\\Pipeline\\{closure}()
#50 /home/ouknik/Desktop/brahim_projects/j/j v2/jeunesscar/framework/vendor/laravel/framework/src/Illuminate/Foundation/Http/Kernel.php(175): Illuminate\\Pipeline\\Pipeline->then()
#51 /home/ouknik/Desktop/brahim_projects/j/j v2/jeunesscar/framework/vendor/laravel/framework/src/Illuminate/Foundation/Http/Kernel.php(144): Illuminate\\Foundation\\Http\\Kernel->sendRequestThroughRouter()
#52 /home/ouknik/Desktop/brahim_projects/j/j v2/jeunesscar/index.php(13): Illuminate\\Foundation\\Http\\Kernel->handle()
#53 {main}

[previous exception] [object] (ErrorException(code: 0): Undefined variable $data at /home/ouknik/Desktop/brahim_projects/j/j v2/jeunesscar/framework/storage/framework/views/5ea7a2139a66afb43a1f1f4d6e4a1c4f.php:34)
[stacktrace]
#0 /home/ouknik/Desktop/brahim_projects/j/j v2/jeunesscar/framework/vendor/laravel/framework/src/Illuminate/Foundation/Bootstrap/HandleExceptions.php(255): Illuminate\\Foundation\\Bootstrap\\HandleExceptions->handleError()
#1 /home/ouknik/Desktop/brahim_projects/j/j v2/jeunesscar/framework/storage/framework/views/5ea7a2139a66afb43a1f1f4d6e4a1c4f.php(34): Illuminate\\Foundation\\Bootstrap\\HandleExceptions->Illuminate\\Foundation\\Bootstrap\\{closure}()
#2 /home/ouknik/Desktop/brahim_projects/j/j v2/jeunesscar/framework/vendor/laravel/framework/src/Illuminate/Filesystem/Filesystem.php(123): require('...')
#3 /home/ouknik/Desktop/brahim_projects/j/j v2/jeunesscar/framework/vendor/laravel/framework/src/Illuminate/Filesystem/Filesystem.php(124): Illuminate\\Filesystem\\Filesystem::Illuminate\\Filesystem\\{closure}()
#4 /home/ouknik/Desktop/brahim_projects/j/j v2/jeunesscar/framework/vendor/laravel/framework/src/Illuminate/View/Engines/PhpEngine.php(58): Illuminate\\Filesystem\\Filesystem->getRequire()
#5 /home/ouknik/Desktop/brahim_projects/j/j v2/jeunesscar/framework/vendor/laravel/framework/src/Illuminate/View/Engines/CompilerEngine.php(72): Illuminate\\View\\Engines\\PhpEngine->evaluatePath()
#6 /home/ouknik/Desktop/brahim_projects/j/j v2/jeunesscar/framework/vendor/laravel/framework/src/Illuminate/View/View.php(207): Illuminate\\View\\Engines\\CompilerEngine->get()
#7 /home/ouknik/Desktop/brahim_projects/j/j v2/jeunesscar/framework/vendor/laravel/framework/src/Illuminate/View/View.php(190): Illuminate\\View\\View->getContents()
#8 /home/ouknik/Desktop/brahim_projects/j/j v2/jeunesscar/framework/vendor/laravel/framework/src/Illuminate/View/View.php(159): Illuminate\\View\\View->renderContents()
#9 /home/ouknik/Desktop/brahim_projects/j/j v2/jeunesscar/framework/vendor/laravel/framework/src/Illuminate/Http/Response.php(69): Illuminate\\View\\View->render()
#10 /home/ouknik/Desktop/brahim_projects/j/j v2/jeunesscar/framework/vendor/laravel/framework/src/Illuminate/Http/Response.php(35): Illuminate\\Http\\Response->setContent()
#11 /home/ouknik/Desktop/brahim_projects/j/j v2/jeunesscar/framework/vendor/laravel/framework/src/Illuminate/Routing/Router.php(918): Illuminate\\Http\\Response->__construct()
#12 /home/ouknik/Desktop/brahim_projects/j/j v2/jeunesscar/framework/vendor/laravel/framework/src/Illuminate/Routing/Router.php(885): Illuminate\\Routing\\Router::toResponse()
#13 /home/ouknik/Desktop/brahim_projects/j/j v2/jeunesscar/framework/vendor/laravel/framework/src/Illuminate/Routing/Router.php(805): Illuminate\\Routing\\Router->prepareResponse()
#14 /home/ouknik/Desktop/brahim_projects/j/j v2/jeunesscar/framework/vendor/laravel/framework/src/Illuminate/Pipeline/Pipeline.php(144): Illuminate\\Routing\\Router->Illuminate\\Routing\\{closure}()
#15 /home/ouknik/Desktop/brahim_projects/j/j v2/jeunesscar/framework/vendor/spatie/laravel-permission/src/Middlewares/PermissionMiddleware.php(24): Illuminate\\Pipeline\\Pipeline->Illuminate\\Pipeline\\{closure}()
#16 /home/ouknik/Desktop/brahim_projects/j/j v2/jeunesscar/framework/vendor/laravel/framework/src/Illuminate/Pipeline/Pipeline.php(183): Spatie\\Permission\\Middlewares\\PermissionMiddleware->handle()
#17 /home/ouknik/Desktop/brahim_projects/j/j v2/jeunesscar/framework/app/Http/Middleware/SetLocale.php(37): Illuminate\\Pipeline\\Pipeline->Illuminate\\Pipeline\\{closure}()
#18 /home/ouknik/Desktop/brahim_projects/j/j v2/jeunesscar/framework/vendor/laravel/framework/src/Illuminate/Pipeline/Pipeline.php(183): App\\Http\\Middleware\\SetLocale->handle()
#19 /home/ouknik/Desktop/brahim_projects/j/j v2/jeunesscar/framework/vendor/laravel/framework/src/Illuminate/Routing/Middleware/SubstituteBindings.php(50): Illuminate\\Pipeline\\Pipeline->Illuminate\\Pipeline\\{closure}()
#20 /home/ouknik/Desktop/brahim_projects/j/j v2/jeunesscar/framework/vendor/laravel/framework/src/Illuminate/Pipeline/Pipeline.php(183): Illuminate\\Routing\\Middleware\\SubstituteBindings->handle()
#21 /home/ouknik/Desktop/brahim_projects/j/j v2/jeunesscar/framework/vendor/laravel/framework/src/Illuminate/Auth/Middleware/Authenticate.php(57): Illuminate\\Pipeline\\Pipeline->Illuminate\\Pipeline\\{closure}()
#22 /home/ouknik/Desktop/brahim_projects/j/j v2/jeunesscar/framework/vendor/laravel/framework/src/Illuminate/Pipeline/Pipeline.php(183): Illuminate\\Auth\\Middleware\\Authenticate->handle()
#23 /home/ouknik/Desktop/brahim_projects/j/j v2/jeunesscar/framework/vendor/laravel/framework/src/Illuminate/Foundation/Http/Middleware/VerifyCsrfToken.php(78): Illuminate\\Pipeline\\Pipeline->Illuminate\\Pipeline\\{closure}()
#24 /home/ouknik/Desktop/brahim_projects/j/j v2/jeunesscar/framework/vendor/laravel/framework/src/Illuminate/Pipeline/Pipeline.php(183): Illuminate\\Foundation\\Http\\Middleware\\VerifyCsrfToken->handle()
#25 /home/ouknik/Desktop/brahim_projects/j/j v2/jeunesscar/framework/vendor/laravel/framework/src/Illuminate/View/Middleware/ShareErrorsFromSession.php(49): Illuminate\\Pipeline\\Pipeline->Illuminate\\Pipeline\\{closure}()
#26 /home/ouknik/Desktop/brahim_projects/j/j v2/jeunesscar/framework/vendor/laravel/framework/src/Illuminate/Pipeline/Pipeline.php(183): Illuminate\\View\\Middleware\\ShareErrorsFromSession->handle()
#27 /home/ouknik/Desktop/brahim_projects/j/j v2/jeunesscar/framework/vendor/laravel/framework/src/Illuminate/Session/Middleware/StartSession.php(121): Illuminate\\Pipeline\\Pipeline->Illuminate\\Pipeline\\{closure}()
#28 /home/ouknik/Desktop/brahim_projects/j/j v2/jeunesscar/framework/vendor/laravel/framework/src/Illuminate/Session/Middleware/StartSession.php(64): Illuminate\\Session\\Middleware\\StartSession->handleStatefulRequest()
#29 /home/ouknik/Desktop/brahim_projects/j/j v2/jeunesscar/framework/vendor/laravel/framework/src/Illuminate/Pipeline/Pipeline.php(183): Illuminate\\Session\\Middleware\\StartSession->handle()
#30 /home/ouknik/Desktop/brahim_projects/j/j v2/jeunesscar/framework/vendor/laravel/framework/src/Illuminate/Cookie/Middleware/AddQueuedCookiesToResponse.php(37): Illuminate\\Pipeline\\Pipeline->Illuminate\\Pipeline\\{closure}()
#31 /home/ouknik/Desktop/brahim_projects/j/j v2/jeunesscar/framework/vendor/laravel/framework/src/Illuminate/Pipeline/Pipeline.php(183): Illuminate\\Cookie\\Middleware\\AddQueuedCookiesToResponse->handle()
#32 /home/ouknik/Desktop/brahim_projects/j/j v2/jeunesscar/framework/vendor/laravel/framework/src/Illuminate/Cookie/Middleware/EncryptCookies.php(67): Illuminate\\Pipeline\\Pipeline->Illuminate\\Pipeline\\{closure}()
#33 /home/ouknik/Desktop/brahim_projects/j/j v2/jeunesscar/framework/vendor/laravel/framework/src/Illuminate/Pipeline/Pipeline.php(183): Illuminate\\Cookie\\Middleware\\EncryptCookies->handle()
#34 /home/ouknik/Desktop/brahim_projects/j/j v2/jeunesscar/framework/vendor/laravel/framework/src/Illuminate/Pipeline/Pipeline.php(119): Illuminate\\Pipeline\\Pipeline->Illuminate\\Pipeline\\{closure}()
#35 /home/ouknik/Desktop/brahim_projects/j/j v2/jeunesscar/framework/vendor/laravel/framework/src/Illuminate/Routing/Router.php(805): Illuminate\\Pipeline\\Pipeline->then()
#36 /home/ouknik/Desktop/brahim_projects/j/j v2/jeunesscar/framework/vendor/laravel/framework/src/Illuminate/Routing/Router.php(784): Illuminate\\Routing\\Router->runRouteWithinStack()
#37 /home/ouknik/Desktop/brahim_projects/j/j v2/jeunesscar/framework/vendor/laravel/framework/src/Illuminate/Routing/Router.php(748): Illuminate\\Routing\\Router->runRoute()
#38 /home/ouknik/Desktop/brahim_projects/j/j v2/jeunesscar/framework/vendor/laravel/framework/src/Illuminate/Routing/Router.php(737): Illuminate\\Routing\\Router->dispatchToRoute()
#39 /home/ouknik/Desktop/brahim_projects/j/j v2/jeunesscar/framework/vendor/laravel/framework/src/Illuminate/Foundation/Http/Kernel.php(200): Illuminate\\Routing\\Router->dispatch()
#40 /home/ouknik/Desktop/brahim_projects/j/j v2/jeunesscar/framework/vendor/laravel/framework/src/Illuminate/Pipeline/Pipeline.php(144): Illuminate\\Foundation\\Http\\Kernel->Illuminate\\Foundation\\Http\\{closure}()
#41 /home/ouknik/Desktop/brahim_projects/j/j v2/jeunesscar/framework/vendor/laravel/framework/src/Illuminate/Foundation/Http/Middleware/TransformsRequest.php(21): Illuminate\\Pipeline\\Pipeline->Illuminate\\Pipeline\\{closure}()
#42 /home/ouknik/Desktop/brahim_projects/j/j v2/jeunesscar/framework/vendor/laravel/framework/src/Illuminate/Foundation/Http/Middleware/ConvertEmptyStringsToNull.php(31): Illuminate\\Foundation\\Http\\Middleware\\TransformsRequest->handle()
#43 /home/ouknik/Desktop/brahim_projects/j/j v2/jeunesscar/framework/vendor/laravel/framework/src/Illuminate/Pipeline/Pipeline.php(183): Illuminate\\Foundation\\Http\\Middleware\\ConvertEmptyStringsToNull->handle()
#44 /home/ouknik/Desktop/brahim_projects/j/j v2/jeunesscar/framework/vendor/laravel/framework/src/Illuminate/Foundation/Http/Middleware/TransformsRequest.php(21): Illuminate\\Pipeline\\Pipeline->Illuminate\\Pipeline\\{closure}()
#45 /home/ouknik/Desktop/brahim_projects/j/j v2/jeunesscar/framework/vendor/laravel/framework/src/Illuminate/Foundation/Http/Middleware/TrimStrings.php(40): Illuminate\\Foundation\\Http\\Middleware\\TransformsRequest->handle()
#46 /home/ouknik/Desktop/brahim_projects/j/j v2/jeunesscar/framework/vendor/laravel/framework/src/Illuminate/Pipeline/Pipeline.php(183): Illuminate\\Foundation\\Http\\Middleware\\TrimStrings->handle()
#47 /home/ouknik/Desktop/brahim_projects/j/j v2/jeunesscar/framework/vendor/laravel/framework/src/Illuminate/Foundation/Http/Middleware/ValidatePostSize.php(27): Illuminate\\Pipeline\\Pipeline->Illuminate\\Pipeline\\{closure}()
#48 /home/ouknik/Desktop/brahim_projects/j/j v2/jeunesscar/framework/vendor/laravel/framework/src/Illuminate/Pipeline/Pipeline.php(183): Illuminate\\Foundation\\Http\\Middleware\\ValidatePostSize->handle()
#49 /home/ouknik/Desktop/brahim_projects/j/j v2/jeunesscar/framework/vendor/laravel/framework/src/Illuminate/Foundation/Http/Middleware/PreventRequestsDuringMaintenance.php(99): Illuminate\\Pipeline\\Pipeline->Illuminate\\Pipeline\\{closure}()
#50 /home/ouknik/Desktop/brahim_projects/j/j v2/jeunesscar/framework/vendor/laravel/framework/src/Illuminate/Pipeline/Pipeline.php(183): Illuminate\\Foundation\\Http\\Middleware\\PreventRequestsDuringMaintenance->handle()
#51 /home/ouknik/Desktop/brahim_projects/j/j v2/jeunesscar/framework/vendor/laravel/framework/src/Illuminate/Pipeline/Pipeline.php(119): Illuminate\\Pipeline\\Pipeline->Illuminate\\Pipeline\\{closure}()
#52 /home/ouknik/Desktop/brahim_projects/j/j v2/jeunesscar/framework/vendor/laravel/framework/src/Illuminate/Foundation/Http/Kernel.php(175): Illuminate\\Pipeline\\Pipeline->then()
#53 /home/ouknik/Desktop/brahim_projects/j/j v2/jeunesscar/framework/vendor/laravel/framework/src/Illuminate/Foundation/Http/Kernel.php(144): Illuminate\\Foundation\\Http\\Kernel->sendRequestThroughRouter()
#54 /home/ouknik/Desktop/brahim_projects/j/j v2/jeunesscar/index.php(13): Illuminate\\Foundation\\Http\\Kernel->handle()
#55 {main}
"} 
[2025-05-17 22:51:29] local.ERROR: Call to undefined relationship [vesame error hicle] on model [App\Model\ReceptionModel]. {"userId":1,"exception":"[object] (Illuminate\\Database\\Eloquent\\RelationNotFoundException(code: 0): Call to undefined relationship [vesame error hicle] on model [App\\Model\\ReceptionModel]. at /home/ouknik/Desktop/brahim_projects/j/j v2/jeunesscar/framework/vendor/laravel/framework/src/Illuminate/Database/Eloquent/RelationNotFoundException.php:35)
[stacktrace]
#0 /home/ouknik/Desktop/brahim_projects/j/j v2/jeunesscar/framework/vendor/laravel/framework/src/Illuminate/Database/Eloquent/Builder.php(806): Illuminate\\Database\\Eloquent\\RelationNotFoundException::make()
#1 /home/ouknik/Desktop/brahim_projects/j/j v2/jeunesscar/framework/vendor/laravel/framework/src/Illuminate/Database/Eloquent/Relations/Relation.php(110): Illuminate\\Database\\Eloquent\\Builder->Illuminate\\Database\\Eloquent\\{closure}()
#2 /home/ouknik/Desktop/brahim_projects/j/j v2/jeunesscar/framework/vendor/laravel/framework/src/Illuminate/Database/Eloquent/Builder.php(802): Illuminate\\Database\\Eloquent\\Relations\\Relation::noConstraints()
#3 /home/ouknik/Desktop/brahim_projects/j/j v2/jeunesscar/framework/vendor/laravel/framework/src/Illuminate/Database/Eloquent/Builder.php(776): Illuminate\\Database\\Eloquent\\Builder->getRelation()
#4 /home/ouknik/Desktop/brahim_projects/j/j v2/jeunesscar/framework/vendor/laravel/framework/src/Illuminate/Database/Eloquent/Builder.php(756): Illuminate\\Database\\Eloquent\\Builder->eagerLoadRelation()
#5 /home/ouknik/Desktop/brahim_projects/j/j v2/jeunesscar/framework/vendor/laravel/framework/src/Illuminate/Database/Eloquent/Builder.php(724): Illuminate\\Database\\Eloquent\\Builder->eagerLoadRelations()
#6 /home/ouknik/Desktop/brahim_projects/j/j v2/jeunesscar/framework/app/Http/Controllers/Admin/ReceptionController.php(35): Illuminate\\Database\\Eloquent\\Builder->get()
#7 /home/ouknik/Desktop/brahim_projects/j/j v2/jeunesscar/framework/vendor/laravel/framework/src/Illuminate/Routing/Controller.php(54): App\\Http\\Controllers\\Admin\\ReceptionController->index()
#8 /home/ouknik/Desktop/brahim_projects/j/j v2/jeunesscar/framework/vendor/laravel/framework/src/Illuminate/Routing/ControllerDispatcher.php(43): Illuminate\\Routing\\Controller->callAction()
#9 /home/ouknik/Desktop/brahim_projects/j/j v2/jeunesscar/framework/vendor/laravel/framework/src/Illuminate/Routing/Route.php(259): Illuminate\\Routing\\ControllerDispatcher->dispatch()
#10 /home/ouknik/Desktop/brahim_projects/j/j v2/jeunesscar/framework/vendor/laravel/framework/src/Illuminate/Routing/Route.php(205): Illuminate\\Routing\\Route->runController()
#11 /home/ouknik/Desktop/brahim_projects/j/j v2/jeunesscar/framework/vendor/laravel/framework/src/Illuminate/Routing/Router.php(806): Illuminate\\Routing\\Route->run()
#12 /home/ouknik/Desktop/brahim_projects/j/j v2/jeunesscar/framework/vendor/laravel/framework/src/Illuminate/Pipeline/Pipeline.php(144): Illuminate\\Routing\\Router->Illuminate\\Routing\\{closure}()
#13 /home/ouknik/Desktop/brahim_projects/j/j v2/jeunesscar/framework/vendor/spatie/laravel-permission/src/Middlewares/PermissionMiddleware.php(24): Illuminate\\Pipeline\\Pipeline->Illuminate\\Pipeline\\{closure}()
#14 /home/ouknik/Desktop/brahim_projects/j/j v2/jeunesscar/framework/vendor/laravel/framework/src/Illuminate/Pipeline/Pipeline.php(183): Spatie\\Permission\\Middlewares\\PermissionMiddleware->handle()
#15 /home/ouknik/Desktop/brahim_projects/j/j v2/jeunesscar/framework/app/Http/Middleware/SetLocale.php(37): Illuminate\\Pipeline\\Pipeline->Illuminate\\Pipeline\\{closure}()
#16 /home/ouknik/Desktop/brahim_projects/j/j v2/jeunesscar/framework/vendor/laravel/framework/src/Illuminate/Pipeline/Pipeline.php(183): App\\Http\\Middleware\\SetLocale->handle()
#17 /home/ouknik/Desktop/brahim_projects/j/j v2/jeunesscar/framework/vendor/laravel/framework/src/Illuminate/Routing/Middleware/SubstituteBindings.php(50): Illuminate\\Pipeline\\Pipeline->Illuminate\\Pipeline\\{closure}()
#18 /home/ouknik/Desktop/brahim_projects/j/j v2/jeunesscar/framework/vendor/laravel/framework/src/Illuminate/Pipeline/Pipeline.php(183): Illuminate\\Routing\\Middleware\\SubstituteBindings->handle()
#19 /home/ouknik/Desktop/brahim_projects/j/j v2/jeunesscar/framework/vendor/laravel/framework/src/Illuminate/Auth/Middleware/Authenticate.php(57): Illuminate\\Pipeline\\Pipeline->Illuminate\\Pipeline\\{closure}()
#20 /home/ouknik/Desktop/brahim_projects/j/j v2/jeunesscar/framework/vendor/laravel/framework/src/Illuminate/Pipeline/Pipeline.php(183): Illuminate\\Auth\\Middleware\\Authenticate->handle()
#21 /home/ouknik/Desktop/brahim_projects/j/j v2/jeunesscar/framework/vendor/laravel/framework/src/Illuminate/Foundation/Http/Middleware/VerifyCsrfToken.php(78): Illuminate\\Pipeline\\Pipeline->Illuminate\\Pipeline\\{closure}()
#22 /home/ouknik/Desktop/brahim_projects/j/j v2/jeunesscar/framework/vendor/laravel/framework/src/Illuminate/Pipeline/Pipeline.php(183): Illuminate\\Foundation\\Http\\Middleware\\VerifyCsrfToken->handle()
#23 /home/ouknik/Desktop/brahim_projects/j/j v2/jeunesscar/framework/vendor/laravel/framework/src/Illuminate/View/Middleware/ShareErrorsFromSession.php(49): Illuminate\\Pipeline\\Pipeline->Illuminate\\Pipeline\\{closure}()
#24 /home/ouknik/Desktop/brahim_projects/j/j v2/jeunesscar/framework/vendor/laravel/framework/src/Illuminate/Pipeline/Pipeline.php(183): Illuminate\\View\\Middleware\\ShareErrorsFromSession->handle()
#25 /home/ouknik/Desktop/brahim_projects/j/j v2/jeunesscar/framework/vendor/laravel/framework/src/Illuminate/Session/Middleware/StartSession.php(121): Illuminate\\Pipeline\\Pipeline->Illuminate\\Pipeline\\{closure}()
#26 /home/ouknik/Desktop/brahim_projects/j/j v2/jeunesscar/framework/vendor/laravel/framework/src/Illuminate/Session/Middleware/StartSession.php(64): Illuminate\\Session\\Middleware\\StartSession->handleStatefulRequest()
#27 /home/ouknik/Desktop/brahim_projects/j/j v2/jeunesscar/framework/vendor/laravel/framework/src/Illuminate/Pipeline/Pipeline.php(183): Illuminate\\Session\\Middleware\\StartSession->handle()
#28 /home/ouknik/Desktop/brahim_projects/j/j v2/jeunesscar/framework/vendor/laravel/framework/src/Illuminate/Cookie/Middleware/AddQueuedCookiesToResponse.php(37): Illuminate\\Pipeline\\Pipeline->Illuminate\\Pipeline\\{closure}()
#29 /home/ouknik/Desktop/brahim_projects/j/j v2/jeunesscar/framework/vendor/laravel/framework/src/Illuminate/Pipeline/Pipeline.php(183): Illuminate\\Cookie\\Middleware\\AddQueuedCookiesToResponse->handle()
#30 /home/ouknik/Desktop/brahim_projects/j/j v2/jeunesscar/framework/vendor/laravel/framework/src/Illuminate/Cookie/Middleware/EncryptCookies.php(67): Illuminate\\Pipeline\\Pipeline->Illuminate\\Pipeline\\{closure}()
#31 /home/ouknik/Desktop/brahim_projects/j/j v2/jeunesscar/framework/vendor/laravel/framework/src/Illuminate/Pipeline/Pipeline.php(183): Illuminate\\Cookie\\Middleware\\EncryptCookies->handle()
#32 /home/ouknik/Desktop/brahim_projects/j/j v2/jeunesscar/framework/vendor/laravel/framework/src/Illuminate/Pipeline/Pipeline.php(119): Illuminate\\Pipeline\\Pipeline->Illuminate\\Pipeline\\{closure}()
#33 /home/ouknik/Desktop/brahim_projects/j/j v2/jeunesscar/framework/vendor/laravel/framework/src/Illuminate/Routing/Router.php(805): Illuminate\\Pipeline\\Pipeline->then()
#34 /home/ouknik/Desktop/brahim_projects/j/j v2/jeunesscar/framework/vendor/laravel/framework/src/Illuminate/Routing/Router.php(784): Illuminate\\Routing\\Router->runRouteWithinStack()
#35 /home/ouknik/Desktop/brahim_projects/j/j v2/jeunesscar/framework/vendor/laravel/framework/src/Illuminate/Routing/Router.php(748): Illuminate\\Routing\\Router->runRoute()
#36 /home/ouknik/Desktop/brahim_projects/j/j v2/jeunesscar/framework/vendor/laravel/framework/src/Illuminate/Routing/Router.php(737): Illuminate\\Routing\\Router->dispatchToRoute()
#37 /home/ouknik/Desktop/brahim_projects/j/j v2/jeunesscar/framework/vendor/laravel/framework/src/Illuminate/Foundation/Http/Kernel.php(200): Illuminate\\Routing\\Router->dispatch()
#38 /home/ouknik/Desktop/brahim_projects/j/j v2/jeunesscar/framework/vendor/laravel/framework/src/Illuminate/Pipeline/Pipeline.php(144): Illuminate\\Foundation\\Http\\Kernel->Illuminate\\Foundation\\Http\\{closure}()
#39 /home/ouknik/Desktop/brahim_projects/j/j v2/jeunesscar/framework/vendor/laravel/framework/src/Illuminate/Foundation/Http/Middleware/TransformsRequest.php(21): Illuminate\\Pipeline\\Pipeline->Illuminate\\Pipeline\\{closure}()
#40 /home/ouknik/Desktop/brahim_projects/j/j v2/jeunesscar/framework/vendor/laravel/framework/src/Illuminate/Foundation/Http/Middleware/ConvertEmptyStringsToNull.php(31): Illuminate\\Foundation\\Http\\Middleware\\TransformsRequest->handle()
#41 /home/ouknik/Desktop/brahim_projects/j/j v2/jeunesscar/framework/vendor/laravel/framework/src/Illuminate/Pipeline/Pipeline.php(183): Illuminate\\Foundation\\Http\\Middleware\\ConvertEmptyStringsToNull->handle()
#42 /home/ouknik/Desktop/brahim_projects/j/j v2/jeunesscar/framework/vendor/laravel/framework/src/Illuminate/Foundation/Http/Middleware/TransformsRequest.php(21): Illuminate\\Pipeline\\Pipeline->Illuminate\\Pipeline\\{closure}()
#43 /home/ouknik/Desktop/brahim_projects/j/j v2/jeunesscar/framework/vendor/laravel/framework/src/Illuminate/Foundation/Http/Middleware/TrimStrings.php(40): Illuminate\\Foundation\\Http\\Middleware\\TransformsRequest->handle()
#44 /home/ouknik/Desktop/brahim_projects/j/j v2/jeunesscar/framework/vendor/laravel/framework/src/Illuminate/Pipeline/Pipeline.php(183): Illuminate\\Foundation\\Http\\Middleware\\TrimStrings->handle()
#45 /home/ouknik/Desktop/brahim_projects/j/j v2/jeunesscar/framework/vendor/laravel/framework/src/Illuminate/Foundation/Http/Middleware/ValidatePostSize.php(27): Illuminate\\Pipeline\\Pipeline->Illuminate\\Pipeline\\{closure}()
#46 /home/ouknik/Desktop/brahim_projects/j/j v2/jeunesscar/framework/vendor/laravel/framework/src/Illuminate/Pipeline/Pipeline.php(183): Illuminate\\Foundation\\Http\\Middleware\\ValidatePostSize->handle()
#47 /home/ouknik/Desktop/brahim_projects/j/j v2/jeunesscar/framework/vendor/laravel/framework/src/Illuminate/Foundation/Http/Middleware/PreventRequestsDuringMaintenance.php(99): Illuminate\\Pipeline\\Pipeline->Illuminate\\Pipeline\\{closure}()
#48 /home/ouknik/Desktop/brahim_projects/j/j v2/jeunesscar/framework/vendor/laravel/framework/src/Illuminate/Pipeline/Pipeline.php(183): Illuminate\\Foundation\\Http\\Middleware\\PreventRequestsDuringMaintenance->handle()
#49 /home/ouknik/Desktop/brahim_projects/j/j v2/jeunesscar/framework/vendor/laravel/framework/src/Illuminate/Pipeline/Pipeline.php(119): Illuminate\\Pipeline\\Pipeline->Illuminate\\Pipeline\\{closure}()
#50 /home/ouknik/Desktop/brahim_projects/j/j v2/jeunesscar/framework/vendor/laravel/framework/src/Illuminate/Foundation/Http/Kernel.php(175): Illuminate\\Pipeline\\Pipeline->then()
#51 /home/ouknik/Desktop/brahim_projects/j/j v2/jeunesscar/framework/vendor/laravel/framework/src/Illuminate/Foundation/Http/Kernel.php(144): Illuminate\\Foundation\\Http\\Kernel->sendRequestThroughRouter()
#52 /home/ouknik/Desktop/brahim_projects/j/j v2/jeunesscar/index.php(13): Illuminate\\Foundation\\Http\\Kernel->handle()
#53 {main}
"} 
[2025-05-17 22:54:03] local.ERROR: Call to undefined method Illuminate\Database\Eloquent\Builder::all() {"userId":1,"exception":"[object] (BadMethodCallException(code: 0): Call to undefined method Illuminate\\Database\\Eloquent\\Builder::all() at /home/ouknik/Desktop/brahim_projects/j/j v2/jeunesscar/framework/vendor/laravel/framework/src/Illuminate/Support/Traits/ForwardsCalls.php:67)
[stacktrace]
#0 /home/ouknik/Desktop/brahim_projects/j/j v2/jeunesscar/framework/vendor/laravel/framework/src/Illuminate/Support/Traits/ForwardsCalls.php(36): Illuminate\\Database\\Eloquent\\Builder::throwBadMethodCallException()
#1 /home/ouknik/Desktop/brahim_projects/j/j v2/jeunesscar/framework/vendor/laravel/framework/src/Illuminate/Database/Eloquent/Builder.php(1985): Illuminate\\Database\\Eloquent\\Builder->forwardCallTo()
#2 /home/ouknik/Desktop/brahim_projects/j/j v2/jeunesscar/framework/app/Http/Controllers/Admin/ReceptionController.php(35): Illuminate\\Database\\Eloquent\\Builder->__call()
#3 /home/ouknik/Desktop/brahim_projects/j/j v2/jeunesscar/framework/vendor/laravel/framework/src/Illuminate/Routing/Controller.php(54): App\\Http\\Controllers\\Admin\\ReceptionController->index()
#4 /home/ouknik/Desktop/brahim_projects/j/j v2/jeunesscar/framework/vendor/laravel/framework/src/Illuminate/Routing/ControllerDispatcher.php(43): Illuminate\\Routing\\Controller->callAction()
#5 /home/ouknik/Desktop/brahim_projects/j/j v2/jeunesscar/framework/vendor/laravel/framework/src/Illuminate/Routing/Route.php(259): Illuminate\\Routing\\ControllerDispatcher->dispatch()
#6 /home/ouknik/Desktop/brahim_projects/j/j v2/jeunesscar/framework/vendor/laravel/framework/src/Illuminate/Routing/Route.php(205): Illuminate\\Routing\\Route->runController()
#7 /home/ouknik/Desktop/brahim_projects/j/j v2/jeunesscar/framework/vendor/laravel/framework/src/Illuminate/Routing/Router.php(806): Illuminate\\Routing\\Route->run()
#8 /home/ouknik/Desktop/brahim_projects/j/j v2/jeunesscar/framework/vendor/laravel/framework/src/Illuminate/Pipeline/Pipeline.php(144): Illuminate\\Routing\\Router->Illuminate\\Routing\\{closure}()
#9 /home/ouknik/Desktop/brahim_projects/j/j v2/jeunesscar/framework/vendor/spatie/laravel-permission/src/Middlewares/PermissionMiddleware.php(24): Illuminate\\Pipeline\\Pipeline->Illuminate\\Pipeline\\{closure}()
#10 /home/ouknik/Desktop/brahim_projects/j/j v2/jeunesscar/framework/vendor/laravel/framework/src/Illuminate/Pipeline/Pipeline.php(183): Spatie\\Permission\\Middlewares\\PermissionMiddleware->handle()
#11 /home/ouknik/Desktop/brahim_projects/j/j v2/jeunesscar/framework/app/Http/Middleware/SetLocale.php(37): Illuminate\\Pipeline\\Pipeline->Illuminate\\Pipeline\\{closure}()
#12 /home/ouknik/Desktop/brahim_projects/j/j v2/jeunesscar/framework/vendor/laravel/framework/src/Illuminate/Pipeline/Pipeline.php(183): App\\Http\\Middleware\\SetLocale->handle()
#13 /home/ouknik/Desktop/brahim_projects/j/j v2/jeunesscar/framework/vendor/laravel/framework/src/Illuminate/Routing/Middleware/SubstituteBindings.php(50): Illuminate\\Pipeline\\Pipeline->Illuminate\\Pipeline\\{closure}()
#14 /home/ouknik/Desktop/brahim_projects/j/j v2/jeunesscar/framework/vendor/laravel/framework/src/Illuminate/Pipeline/Pipeline.php(183): Illuminate\\Routing\\Middleware\\SubstituteBindings->handle()
#15 /home/ouknik/Desktop/brahim_projects/j/j v2/jeunesscar/framework/vendor/laravel/framework/src/Illuminate/Auth/Middleware/Authenticate.php(57): Illuminate\\Pipeline\\Pipeline->Illuminate\\Pipeline\\{closure}()
#16 /home/ouknik/Desktop/brahim_projects/j/j v2/jeunesscar/framework/vendor/laravel/framework/src/Illuminate/Pipeline/Pipeline.php(183): Illuminate\\Auth\\Middleware\\Authenticate->handle()
#17 /home/ouknik/Desktop/brahim_projects/j/j v2/jeunesscar/framework/vendor/laravel/framework/src/Illuminate/Foundation/Http/Middleware/VerifyCsrfToken.php(78): Illuminate\\Pipeline\\Pipeline->Illuminate\\Pipeline\\{closure}()
#18 /home/ouknik/Desktop/brahim_projects/j/j v2/jeunesscar/framework/vendor/laravel/framework/src/Illuminate/Pipeline/Pipeline.php(183): Illuminate\\Foundation\\Http\\Middleware\\VerifyCsrfToken->handle()
#19 /home/ouknik/Desktop/brahim_projects/j/j v2/jeunesscar/framework/vendor/laravel/framework/src/Illuminate/View/Middleware/ShareErrorsFromSession.php(49): Illuminate\\Pipeline\\Pipeline->Illuminate\\Pipeline\\{closure}()
#20 /home/ouknik/Desktop/brahim_projects/j/j v2/jeunesscar/framework/vendor/laravel/framework/src/Illuminate/Pipeline/Pipeline.php(183): Illuminate\\View\\Middleware\\ShareErrorsFromSession->handle()
#21 /home/ouknik/Desktop/brahim_projects/j/j v2/jeunesscar/framework/vendor/laravel/framework/src/Illuminate/Session/Middleware/StartSession.php(121): Illuminate\\Pipeline\\Pipeline->Illuminate\\Pipeline\\{closure}()
#22 /home/ouknik/Desktop/brahim_projects/j/j v2/jeunesscar/framework/vendor/laravel/framework/src/Illuminate/Session/Middleware/StartSession.php(64): Illuminate\\Session\\Middleware\\StartSession->handleStatefulRequest()
#23 /home/ouknik/Desktop/brahim_projects/j/j v2/jeunesscar/framework/vendor/laravel/framework/src/Illuminate/Pipeline/Pipeline.php(183): Illuminate\\Session\\Middleware\\StartSession->handle()
#24 /home/ouknik/Desktop/brahim_projects/j/j v2/jeunesscar/framework/vendor/laravel/framework/src/Illuminate/Cookie/Middleware/AddQueuedCookiesToResponse.php(37): Illuminate\\Pipeline\\Pipeline->Illuminate\\Pipeline\\{closure}()
#25 /home/ouknik/Desktop/brahim_projects/j/j v2/jeunesscar/framework/vendor/laravel/framework/src/Illuminate/Pipeline/Pipeline.php(183): Illuminate\\Cookie\\Middleware\\AddQueuedCookiesToResponse->handle()
#26 /home/ouknik/Desktop/brahim_projects/j/j v2/jeunesscar/framework/vendor/laravel/framework/src/Illuminate/Cookie/Middleware/EncryptCookies.php(67): Illuminate\\Pipeline\\Pipeline->Illuminate\\Pipeline\\{closure}()
#27 /home/ouknik/Desktop/brahim_projects/j/j v2/jeunesscar/framework/vendor/laravel/framework/src/Illuminate/Pipeline/Pipeline.php(183): Illuminate\\Cookie\\Middleware\\EncryptCookies->handle()
#28 /home/ouknik/Desktop/brahim_projects/j/j v2/jeunesscar/framework/vendor/laravel/framework/src/Illuminate/Pipeline/Pipeline.php(119): Illuminate\\Pipeline\\Pipeline->Illuminate\\Pipeline\\{closure}()
#29 /home/ouknik/Desktop/brahim_projects/j/j v2/jeunesscar/framework/vendor/laravel/framework/src/Illuminate/Routing/Router.php(805): Illuminate\\Pipeline\\Pipeline->then()
#30 /home/ouknik/Desktop/brahim_projects/j/j v2/jeunesscar/framework/vendor/laravel/framework/src/Illuminate/Routing/Router.php(784): Illuminate\\Routing\\Router->runRouteWithinStack()
#31 /home/ouknik/Desktop/brahim_projects/j/j v2/jeunesscar/framework/vendor/laravel/framework/src/Illuminate/Routing/Router.php(748): Illuminate\\Routing\\Router->runRoute()
#32 /home/ouknik/Desktop/brahim_projects/j/j v2/jeunesscar/framework/vendor/laravel/framework/src/Illuminate/Routing/Router.php(737): Illuminate\\Routing\\Router->dispatchToRoute()
#33 /home/ouknik/Desktop/brahim_projects/j/j v2/jeunesscar/framework/vendor/laravel/framework/src/Illuminate/Foundation/Http/Kernel.php(200): Illuminate\\Routing\\Router->dispatch()
#34 /home/ouknik/Desktop/brahim_projects/j/j v2/jeunesscar/framework/vendor/laravel/framework/src/Illuminate/Pipeline/Pipeline.php(144): Illuminate\\Foundation\\Http\\Kernel->Illuminate\\Foundation\\Http\\{closure}()
#35 /home/ouknik/Desktop/brahim_projects/j/j v2/jeunesscar/framework/vendor/laravel/framework/src/Illuminate/Foundation/Http/Middleware/TransformsRequest.php(21): Illuminate\\Pipeline\\Pipeline->Illuminate\\Pipeline\\{closure}()
#36 /home/ouknik/Desktop/brahim_projects/j/j v2/jeunesscar/framework/vendor/laravel/framework/src/Illuminate/Foundation/Http/Middleware/ConvertEmptyStringsToNull.php(31): Illuminate\\Foundation\\Http\\Middleware\\TransformsRequest->handle()
#37 /home/ouknik/Desktop/brahim_projects/j/j v2/jeunesscar/framework/vendor/laravel/framework/src/Illuminate/Pipeline/Pipeline.php(183): Illuminate\\Foundation\\Http\\Middleware\\ConvertEmptyStringsToNull->handle()
#38 /home/ouknik/Desktop/brahim_projects/j/j v2/jeunesscar/framework/vendor/laravel/framework/src/Illuminate/Foundation/Http/Middleware/TransformsRequest.php(21): Illuminate\\Pipeline\\Pipeline->Illuminate\\Pipeline\\{closure}()
#39 /home/ouknik/Desktop/brahim_projects/j/j v2/jeunesscar/framework/vendor/laravel/framework/src/Illuminate/Foundation/Http/Middleware/TrimStrings.php(40): Illuminate\\Foundation\\Http\\Middleware\\TransformsRequest->handle()
#40 /home/ouknik/Desktop/brahim_projects/j/j v2/jeunesscar/framework/vendor/laravel/framework/src/Illuminate/Pipeline/Pipeline.php(183): Illuminate\\Foundation\\Http\\Middleware\\TrimStrings->handle()
#41 /home/ouknik/Desktop/brahim_projects/j/j v2/jeunesscar/framework/vendor/laravel/framework/src/Illuminate/Foundation/Http/Middleware/ValidatePostSize.php(27): Illuminate\\Pipeline\\Pipeline->Illuminate\\Pipeline\\{closure}()
#42 /home/ouknik/Desktop/brahim_projects/j/j v2/jeunesscar/framework/vendor/laravel/framework/src/Illuminate/Pipeline/Pipeline.php(183): Illuminate\\Foundation\\Http\\Middleware\\ValidatePostSize->handle()
#43 /home/ouknik/Desktop/brahim_projects/j/j v2/jeunesscar/framework/vendor/laravel/framework/src/Illuminate/Foundation/Http/Middleware/PreventRequestsDuringMaintenance.php(99): Illuminate\\Pipeline\\Pipeline->Illuminate\\Pipeline\\{closure}()
#44 /home/ouknik/Desktop/brahim_projects/j/j v2/jeunesscar/framework/vendor/laravel/framework/src/Illuminate/Pipeline/Pipeline.php(183): Illuminate\\Foundation\\Http\\Middleware\\PreventRequestsDuringMaintenance->handle()
#45 /home/ouknik/Desktop/brahim_projects/j/j v2/jeunesscar/framework/vendor/laravel/framework/src/Illuminate/Pipeline/Pipeline.php(119): Illuminate\\Pipeline\\Pipeline->Illuminate\\Pipeline\\{closure}()
#46 /home/ouknik/Desktop/brahim_projects/j/j v2/jeunesscar/framework/vendor/laravel/framework/src/Illuminate/Foundation/Http/Kernel.php(175): Illuminate\\Pipeline\\Pipeline->then()
#47 /home/ouknik/Desktop/brahim_projects/j/j v2/jeunesscar/framework/vendor/laravel/framework/src/Illuminate/Foundation/Http/Kernel.php(144): Illuminate\\Foundation\\Http\\Kernel->sendRequestThroughRouter()
#48 /home/ouknik/Desktop/brahim_projects/j/j v2/jeunesscar/index.php(13): Illuminate\\Foundation\\Http\\Kernel->handle()
#49 {main}
"} 
