[2025-05-15 21:09:07] local.ERROR: SQLSTATE[HY000] [2002] Connection refused (Connection: mysql, SQL: select * from `users` where `id` = 1 and `users`.`deleted_at` is null limit 1) {"exception":"[object] (Illuminate\\Database\\QueryException(code: 2002): SQLSTATE[HY000] [2002] Connection refused (Connection: mysql, SQL: select * from `users` where `id` = 1 and `users`.`deleted_at` is null limit 1) at /home/ouknik/Desktop/brahim_projects/j/j v2/jeunesscar/framework/vendor/laravel/framework/src/Illuminate/Database/Connection.php:829)
[stacktrace]
#0 /home/ouknik/Desktop/brahim_projects/j/j v2/jeunesscar/framework/vendor/laravel/framework/src/Illuminate/Database/Connection.php(983): Illuminate\\Database\\Connection->runQueryCallback()
#1 /home/ouknik/Desktop/brahim_projects/j/j v2/jeunesscar/framework/vendor/laravel/framework/src/Illuminate/Database/Connection.php(962): Illuminate\\Database\\Connection->tryAgainIfCausedByLostConnection()
#2 /home/ouknik/Desktop/brahim_projects/j/j v2/jeunesscar/framework/vendor/laravel/framework/src/Illuminate/Database/Connection.php(785): Illuminate\\Database\\Connection->handleQueryException()
#3 /home/ouknik/Desktop/brahim_projects/j/j v2/jeunesscar/framework/vendor/laravel/framework/src/Illuminate/Database/Connection.php(414): Illuminate\\Database\\Connection->run()
#4 /home/ouknik/Desktop/brahim_projects/j/j v2/jeunesscar/framework/vendor/laravel/framework/src/Illuminate/Database/Query/Builder.php(2913): Illuminate\\Database\\Connection->select()
#5 /home/ouknik/Desktop/brahim_projects/j/j v2/jeunesscar/framework/vendor/laravel/framework/src/Illuminate/Database/Query/Builder.php(2902): Illuminate\\Database\\Query\\Builder->runSelect()
#6 /home/ouknik/Desktop/brahim_projects/j/j v2/jeunesscar/framework/vendor/laravel/framework/src/Illuminate/Database/Query/Builder.php(3456): Illuminate\\Database\\Query\\Builder->Illuminate\\Database\\Query\\{closure}()
#7 /home/ouknik/Desktop/brahim_projects/j/j v2/jeunesscar/framework/vendor/laravel/framework/src/Illuminate/Database/Query/Builder.php(2901): Illuminate\\Database\\Query\\Builder->onceWithColumns()
#8 /home/ouknik/Desktop/brahim_projects/j/j v2/jeunesscar/framework/vendor/laravel/framework/src/Illuminate/Database/Eloquent/Builder.php(739): Illuminate\\Database\\Query\\Builder->get()
#9 /home/ouknik/Desktop/brahim_projects/j/j v2/jeunesscar/framework/vendor/laravel/framework/src/Illuminate/Database/Eloquent/Builder.php(723): Illuminate\\Database\\Eloquent\\Builder->getModels()
#10 /home/ouknik/Desktop/brahim_projects/j/j v2/jeunesscar/framework/vendor/laravel/framework/src/Illuminate/Database/Concerns/BuildsQueries.php(333): Illuminate\\Database\\Eloquent\\Builder->get()
#11 /home/ouknik/Desktop/brahim_projects/j/j v2/jeunesscar/framework/vendor/laravel/framework/src/Illuminate/Auth/EloquentUserProvider.php(75): Illuminate\\Database\\Eloquent\\Builder->first()
#12 /home/ouknik/Desktop/brahim_projects/j/j v2/jeunesscar/framework/vendor/laravel/framework/src/Illuminate/Auth/SessionGuard.php(196): Illuminate\\Auth\\EloquentUserProvider->retrieveByToken()
#13 /home/ouknik/Desktop/brahim_projects/j/j v2/jeunesscar/framework/vendor/laravel/framework/src/Illuminate/Auth/SessionGuard.php(167): Illuminate\\Auth\\SessionGuard->userFromRecaller()
#14 /home/ouknik/Desktop/brahim_projects/j/j v2/jeunesscar/framework/vendor/laravel/framework/src/Illuminate/Auth/GuardHelpers.php(56): Illuminate\\Auth\\SessionGuard->user()
#15 /home/ouknik/Desktop/brahim_projects/j/j v2/jeunesscar/framework/vendor/laravel/framework/src/Illuminate/Auth/Middleware/Authenticate.php(76): Illuminate\\Auth\\SessionGuard->check()
#16 /home/ouknik/Desktop/brahim_projects/j/j v2/jeunesscar/framework/vendor/laravel/framework/src/Illuminate/Auth/Middleware/Authenticate.php(55): Illuminate\\Auth\\Middleware\\Authenticate->authenticate()
#17 /home/ouknik/Desktop/brahim_projects/j/j v2/jeunesscar/framework/vendor/laravel/framework/src/Illuminate/Pipeline/Pipeline.php(183): Illuminate\\Auth\\Middleware\\Authenticate->handle()
#18 /home/ouknik/Desktop/brahim_projects/j/j v2/jeunesscar/framework/vendor/laravel/framework/src/Illuminate/Foundation/Http/Middleware/VerifyCsrfToken.php(78): Illuminate\\Pipeline\\Pipeline->Illuminate\\Pipeline\\{closure}()
#19 /home/ouknik/Desktop/brahim_projects/j/j v2/jeunesscar/framework/vendor/laravel/framework/src/Illuminate/Pipeline/Pipeline.php(183): Illuminate\\Foundation\\Http\\Middleware\\VerifyCsrfToken->handle()
#20 /home/ouknik/Desktop/brahim_projects/j/j v2/jeunesscar/framework/vendor/laravel/framework/src/Illuminate/View/Middleware/ShareErrorsFromSession.php(49): Illuminate\\Pipeline\\Pipeline->Illuminate\\Pipeline\\{closure}()
#21 /home/ouknik/Desktop/brahim_projects/j/j v2/jeunesscar/framework/vendor/laravel/framework/src/Illuminate/Pipeline/Pipeline.php(183): Illuminate\\View\\Middleware\\ShareErrorsFromSession->handle()
#22 /home/ouknik/Desktop/brahim_projects/j/j v2/jeunesscar/framework/vendor/laravel/framework/src/Illuminate/Session/Middleware/StartSession.php(121): Illuminate\\Pipeline\\Pipeline->Illuminate\\Pipeline\\{closure}()
#23 /home/ouknik/Desktop/brahim_projects/j/j v2/jeunesscar/framework/vendor/laravel/framework/src/Illuminate/Session/Middleware/StartSession.php(64): Illuminate\\Session\\Middleware\\StartSession->handleStatefulRequest()
#24 /home/ouknik/Desktop/brahim_projects/j/j v2/jeunesscar/framework/vendor/laravel/framework/src/Illuminate/Pipeline/Pipeline.php(183): Illuminate\\Session\\Middleware\\StartSession->handle()
#25 /home/ouknik/Desktop/brahim_projects/j/j v2/jeunesscar/framework/vendor/laravel/framework/src/Illuminate/Cookie/Middleware/AddQueuedCookiesToResponse.php(37): Illuminate\\Pipeline\\Pipeline->Illuminate\\Pipeline\\{closure}()
#26 /home/ouknik/Desktop/brahim_projects/j/j v2/jeunesscar/framework/vendor/laravel/framework/src/Illuminate/Pipeline/Pipeline.php(183): Illuminate\\Cookie\\Middleware\\AddQueuedCookiesToResponse->handle()
#27 /home/ouknik/Desktop/brahim_projects/j/j v2/jeunesscar/framework/vendor/laravel/framework/src/Illuminate/Cookie/Middleware/EncryptCookies.php(67): Illuminate\\Pipeline\\Pipeline->Illuminate\\Pipeline\\{closure}()
#28 /home/ouknik/Desktop/brahim_projects/j/j v2/jeunesscar/framework/vendor/laravel/framework/src/Illuminate/Pipeline/Pipeline.php(183): Illuminate\\Cookie\\Middleware\\EncryptCookies->handle()
#29 /home/ouknik/Desktop/brahim_projects/j/j v2/jeunesscar/framework/vendor/laravel/framework/src/Illuminate/Pipeline/Pipeline.php(119): Illuminate\\Pipeline\\Pipeline->Illuminate\\Pipeline\\{closure}()
#30 /home/ouknik/Desktop/brahim_projects/j/j v2/jeunesscar/framework/vendor/laravel/framework/src/Illuminate/Routing/Router.php(805): Illuminate\\Pipeline\\Pipeline->then()
#31 /home/ouknik/Desktop/brahim_projects/j/j v2/jeunesscar/framework/vendor/laravel/framework/src/Illuminate/Routing/Router.php(784): Illuminate\\Routing\\Router->runRouteWithinStack()
#32 /home/ouknik/Desktop/brahim_projects/j/j v2/jeunesscar/framework/vendor/laravel/framework/src/Illuminate/Routing/Router.php(748): Illuminate\\Routing\\Router->runRoute()
#33 /home/ouknik/Desktop/brahim_projects/j/j v2/jeunesscar/framework/vendor/laravel/framework/src/Illuminate/Routing/Router.php(737): Illuminate\\Routing\\Router->dispatchToRoute()
#34 /home/ouknik/Desktop/brahim_projects/j/j v2/jeunesscar/framework/vendor/laravel/framework/src/Illuminate/Foundation/Http/Kernel.php(200): Illuminate\\Routing\\Router->dispatch()
#35 /home/ouknik/Desktop/brahim_projects/j/j v2/jeunesscar/framework/vendor/laravel/framework/src/Illuminate/Pipeline/Pipeline.php(144): Illuminate\\Foundation\\Http\\Kernel->Illuminate\\Foundation\\Http\\{closure}()
#36 /home/ouknik/Desktop/brahim_projects/j/j v2/jeunesscar/framework/vendor/laravel/framework/src/Illuminate/Foundation/Http/Middleware/TransformsRequest.php(21): Illuminate\\Pipeline\\Pipeline->Illuminate\\Pipeline\\{closure}()
#37 /home/ouknik/Desktop/brahim_projects/j/j v2/jeunesscar/framework/vendor/laravel/framework/src/Illuminate/Foundation/Http/Middleware/ConvertEmptyStringsToNull.php(31): Illuminate\\Foundation\\Http\\Middleware\\TransformsRequest->handle()
#38 /home/ouknik/Desktop/brahim_projects/j/j v2/jeunesscar/framework/vendor/laravel/framework/src/Illuminate/Pipeline/Pipeline.php(183): Illuminate\\Foundation\\Http\\Middleware\\ConvertEmptyStringsToNull->handle()
#39 /home/ouknik/Desktop/brahim_projects/j/j v2/jeunesscar/framework/vendor/laravel/framework/src/Illuminate/Foundation/Http/Middleware/TransformsRequest.php(21): Illuminate\\Pipeline\\Pipeline->Illuminate\\Pipeline\\{closure}()
#40 /home/ouknik/Desktop/brahim_projects/j/j v2/jeunesscar/framework/vendor/laravel/framework/src/Illuminate/Foundation/Http/Middleware/TrimStrings.php(40): Illuminate\\Foundation\\Http\\Middleware\\TransformsRequest->handle()
#41 /home/ouknik/Desktop/brahim_projects/j/j v2/jeunesscar/framework/vendor/laravel/framework/src/Illuminate/Pipeline/Pipeline.php(183): Illuminate\\Foundation\\Http\\Middleware\\TrimStrings->handle()
#42 /home/ouknik/Desktop/brahim_projects/j/j v2/jeunesscar/framework/vendor/laravel/framework/src/Illuminate/Foundation/Http/Middleware/ValidatePostSize.php(27): Illuminate\\Pipeline\\Pipeline->Illuminate\\Pipeline\\{closure}()
#43 /home/ouknik/Desktop/brahim_projects/j/j v2/jeunesscar/framework/vendor/laravel/framework/src/Illuminate/Pipeline/Pipeline.php(183): Illuminate\\Foundation\\Http\\Middleware\\ValidatePostSize->handle()
#44 /home/ouknik/Desktop/brahim_projects/j/j v2/jeunesscar/framework/vendor/laravel/framework/src/Illuminate/Foundation/Http/Middleware/PreventRequestsDuringMaintenance.php(99): Illuminate\\Pipeline\\Pipeline->Illuminate\\Pipeline\\{closure}()
#45 /home/ouknik/Desktop/brahim_projects/j/j v2/jeunesscar/framework/vendor/laravel/framework/src/Illuminate/Pipeline/Pipeline.php(183): Illuminate\\Foundation\\Http\\Middleware\\PreventRequestsDuringMaintenance->handle()
#46 /home/ouknik/Desktop/brahim_projects/j/j v2/jeunesscar/framework/vendor/laravel/framework/src/Illuminate/Pipeline/Pipeline.php(119): Illuminate\\Pipeline\\Pipeline->Illuminate\\Pipeline\\{closure}()
#47 /home/ouknik/Desktop/brahim_projects/j/j v2/jeunesscar/framework/vendor/laravel/framework/src/Illuminate/Foundation/Http/Kernel.php(175): Illuminate\\Pipeline\\Pipeline->then()
#48 /home/ouknik/Desktop/brahim_projects/j/j v2/jeunesscar/framework/vendor/laravel/framework/src/Illuminate/Foundation/Http/Kernel.php(144): Illuminate\\Foundation\\Http\\Kernel->sendRequestThroughRouter()
#49 /home/ouknik/Desktop/brahim_projects/j/j v2/jeunesscar/index.php(13): Illuminate\\Foundation\\Http\\Kernel->handle()
#50 {main}

[previous exception] [object] (PDOException(code: 2002): SQLSTATE[HY000] [2002] Connection refused at /home/ouknik/Desktop/brahim_projects/j/j v2/jeunesscar/framework/vendor/laravel/framework/src/Illuminate/Database/Connectors/Connector.php:65)
[stacktrace]
#0 /home/ouknik/Desktop/brahim_projects/j/j v2/jeunesscar/framework/vendor/laravel/framework/src/Illuminate/Database/Connectors/Connector.php(65): PDO->__construct()
#1 /home/ouknik/Desktop/brahim_projects/j/j v2/jeunesscar/framework/vendor/laravel/framework/src/Illuminate/Database/Connectors/Connector.php(83): Illuminate\\Database\\Connectors\\Connector->createPdoConnection()
#2 /home/ouknik/Desktop/brahim_projects/j/j v2/jeunesscar/framework/vendor/laravel/framework/src/Illuminate/Database/Connectors/Connector.php(48): Illuminate\\Database\\Connectors\\Connector->tryAgainIfCausedByLostConnection()
#3 /home/ouknik/Desktop/brahim_projects/j/j v2/jeunesscar/framework/vendor/laravel/framework/src/Illuminate/Database/Connectors/MySqlConnector.php(24): Illuminate\\Database\\Connectors\\Connector->createConnection()
#4 /home/ouknik/Desktop/brahim_projects/j/j v2/jeunesscar/framework/vendor/laravel/framework/src/Illuminate/Database/Connectors/ConnectionFactory.php(184): Illuminate\\Database\\Connectors\\MySqlConnector->connect()
#5 [internal function]: Illuminate\\Database\\Connectors\\ConnectionFactory->Illuminate\\Database\\Connectors\\{closure}()
#6 /home/ouknik/Desktop/brahim_projects/j/j v2/jeunesscar/framework/vendor/laravel/framework/src/Illuminate/Database/Connection.php(1339): call_user_func()
#7 /home/ouknik/Desktop/brahim_projects/j/j v2/jeunesscar/framework/vendor/laravel/framework/src/Illuminate/Database/Connection.php(1375): Illuminate\\Database\\Connection->getPdo()
#8 /home/ouknik/Desktop/brahim_projects/j/j v2/jeunesscar/framework/vendor/laravel/framework/src/Illuminate/Database/Connection.php(528): Illuminate\\Database\\Connection->getReadPdo()
#9 /home/ouknik/Desktop/brahim_projects/j/j v2/jeunesscar/framework/vendor/laravel/framework/src/Illuminate/Database/Connection.php(423): Illuminate\\Database\\Connection->getPdoForSelect()
#10 /home/ouknik/Desktop/brahim_projects/j/j v2/jeunesscar/framework/vendor/laravel/framework/src/Illuminate/Database/Connection.php(816): Illuminate\\Database\\Connection->Illuminate\\Database\\{closure}()
#11 /home/ouknik/Desktop/brahim_projects/j/j v2/jeunesscar/framework/vendor/laravel/framework/src/Illuminate/Database/Connection.php(983): Illuminate\\Database\\Connection->runQueryCallback()
#12 /home/ouknik/Desktop/brahim_projects/j/j v2/jeunesscar/framework/vendor/laravel/framework/src/Illuminate/Database/Connection.php(962): Illuminate\\Database\\Connection->tryAgainIfCausedByLostConnection()
#13 /home/ouknik/Desktop/brahim_projects/j/j v2/jeunesscar/framework/vendor/laravel/framework/src/Illuminate/Database/Connection.php(785): Illuminate\\Database\\Connection->handleQueryException()
#14 /home/ouknik/Desktop/brahim_projects/j/j v2/jeunesscar/framework/vendor/laravel/framework/src/Illuminate/Database/Connection.php(414): Illuminate\\Database\\Connection->run()
#15 /home/ouknik/Desktop/brahim_projects/j/j v2/jeunesscar/framework/vendor/laravel/framework/src/Illuminate/Database/Query/Builder.php(2913): Illuminate\\Database\\Connection->select()
#16 /home/ouknik/Desktop/brahim_projects/j/j v2/jeunesscar/framework/vendor/laravel/framework/src/Illuminate/Database/Query/Builder.php(2902): Illuminate\\Database\\Query\\Builder->runSelect()
#17 /home/ouknik/Desktop/brahim_projects/j/j v2/jeunesscar/framework/vendor/laravel/framework/src/Illuminate/Database/Query/Builder.php(3456): Illuminate\\Database\\Query\\Builder->Illuminate\\Database\\Query\\{closure}()
#18 /home/ouknik/Desktop/brahim_projects/j/j v2/jeunesscar/framework/vendor/laravel/framework/src/Illuminate/Database/Query/Builder.php(2901): Illuminate\\Database\\Query\\Builder->onceWithColumns()
#19 /home/ouknik/Desktop/brahim_projects/j/j v2/jeunesscar/framework/vendor/laravel/framework/src/Illuminate/Database/Eloquent/Builder.php(739): Illuminate\\Database\\Query\\Builder->get()
#20 /home/ouknik/Desktop/brahim_projects/j/j v2/jeunesscar/framework/vendor/laravel/framework/src/Illuminate/Database/Eloquent/Builder.php(723): Illuminate\\Database\\Eloquent\\Builder->getModels()
#21 /home/ouknik/Desktop/brahim_projects/j/j v2/jeunesscar/framework/vendor/laravel/framework/src/Illuminate/Database/Concerns/BuildsQueries.php(333): Illuminate\\Database\\Eloquent\\Builder->get()
#22 /home/ouknik/Desktop/brahim_projects/j/j v2/jeunesscar/framework/vendor/laravel/framework/src/Illuminate/Auth/EloquentUserProvider.php(75): Illuminate\\Database\\Eloquent\\Builder->first()
#23 /home/ouknik/Desktop/brahim_projects/j/j v2/jeunesscar/framework/vendor/laravel/framework/src/Illuminate/Auth/SessionGuard.php(196): Illuminate\\Auth\\EloquentUserProvider->retrieveByToken()
#24 /home/ouknik/Desktop/brahim_projects/j/j v2/jeunesscar/framework/vendor/laravel/framework/src/Illuminate/Auth/SessionGuard.php(167): Illuminate\\Auth\\SessionGuard->userFromRecaller()
#25 /home/ouknik/Desktop/brahim_projects/j/j v2/jeunesscar/framework/vendor/laravel/framework/src/Illuminate/Auth/GuardHelpers.php(56): Illuminate\\Auth\\SessionGuard->user()
#26 /home/ouknik/Desktop/brahim_projects/j/j v2/jeunesscar/framework/vendor/laravel/framework/src/Illuminate/Auth/Middleware/Authenticate.php(76): Illuminate\\Auth\\SessionGuard->check()
#27 /home/ouknik/Desktop/brahim_projects/j/j v2/jeunesscar/framework/vendor/laravel/framework/src/Illuminate/Auth/Middleware/Authenticate.php(55): Illuminate\\Auth\\Middleware\\Authenticate->authenticate()
#28 /home/ouknik/Desktop/brahim_projects/j/j v2/jeunesscar/framework/vendor/laravel/framework/src/Illuminate/Pipeline/Pipeline.php(183): Illuminate\\Auth\\Middleware\\Authenticate->handle()
#29 /home/ouknik/Desktop/brahim_projects/j/j v2/jeunesscar/framework/vendor/laravel/framework/src/Illuminate/Foundation/Http/Middleware/VerifyCsrfToken.php(78): Illuminate\\Pipeline\\Pipeline->Illuminate\\Pipeline\\{closure}()
#30 /home/ouknik/Desktop/brahim_projects/j/j v2/jeunesscar/framework/vendor/laravel/framework/src/Illuminate/Pipeline/Pipeline.php(183): Illuminate\\Foundation\\Http\\Middleware\\VerifyCsrfToken->handle()
#31 /home/ouknik/Desktop/brahim_projects/j/j v2/jeunesscar/framework/vendor/laravel/framework/src/Illuminate/View/Middleware/ShareErrorsFromSession.php(49): Illuminate\\Pipeline\\Pipeline->Illuminate\\Pipeline\\{closure}()
#32 /home/ouknik/Desktop/brahim_projects/j/j v2/jeunesscar/framework/vendor/laravel/framework/src/Illuminate/Pipeline/Pipeline.php(183): Illuminate\\View\\Middleware\\ShareErrorsFromSession->handle()
#33 /home/ouknik/Desktop/brahim_projects/j/j v2/jeunesscar/framework/vendor/laravel/framework/src/Illuminate/Session/Middleware/StartSession.php(121): Illuminate\\Pipeline\\Pipeline->Illuminate\\Pipeline\\{closure}()
#34 /home/ouknik/Desktop/brahim_projects/j/j v2/jeunesscar/framework/vendor/laravel/framework/src/Illuminate/Session/Middleware/StartSession.php(64): Illuminate\\Session\\Middleware\\StartSession->handleStatefulRequest()
#35 /home/ouknik/Desktop/brahim_projects/j/j v2/jeunesscar/framework/vendor/laravel/framework/src/Illuminate/Pipeline/Pipeline.php(183): Illuminate\\Session\\Middleware\\StartSession->handle()
#36 /home/ouknik/Desktop/brahim_projects/j/j v2/jeunesscar/framework/vendor/laravel/framework/src/Illuminate/Cookie/Middleware/AddQueuedCookiesToResponse.php(37): Illuminate\\Pipeline\\Pipeline->Illuminate\\Pipeline\\{closure}()
#37 /home/ouknik/Desktop/brahim_projects/j/j v2/jeunesscar/framework/vendor/laravel/framework/src/Illuminate/Pipeline/Pipeline.php(183): Illuminate\\Cookie\\Middleware\\AddQueuedCookiesToResponse->handle()
#38 /home/ouknik/Desktop/brahim_projects/j/j v2/jeunesscar/framework/vendor/laravel/framework/src/Illuminate/Cookie/Middleware/EncryptCookies.php(67): Illuminate\\Pipeline\\Pipeline->Illuminate\\Pipeline\\{closure}()
#39 /home/ouknik/Desktop/brahim_projects/j/j v2/jeunesscar/framework/vendor/laravel/framework/src/Illuminate/Pipeline/Pipeline.php(183): Illuminate\\Cookie\\Middleware\\EncryptCookies->handle()
#40 /home/ouknik/Desktop/brahim_projects/j/j v2/jeunesscar/framework/vendor/laravel/framework/src/Illuminate/Pipeline/Pipeline.php(119): Illuminate\\Pipeline\\Pipeline->Illuminate\\Pipeline\\{closure}()
#41 /home/ouknik/Desktop/brahim_projects/j/j v2/jeunesscar/framework/vendor/laravel/framework/src/Illuminate/Routing/Router.php(805): Illuminate\\Pipeline\\Pipeline->then()
#42 /home/ouknik/Desktop/brahim_projects/j/j v2/jeunesscar/framework/vendor/laravel/framework/src/Illuminate/Routing/Router.php(784): Illuminate\\Routing\\Router->runRouteWithinStack()
#43 /home/ouknik/Desktop/brahim_projects/j/j v2/jeunesscar/framework/vendor/laravel/framework/src/Illuminate/Routing/Router.php(748): Illuminate\\Routing\\Router->runRoute()
#44 /home/ouknik/Desktop/brahim_projects/j/j v2/jeunesscar/framework/vendor/laravel/framework/src/Illuminate/Routing/Router.php(737): Illuminate\\Routing\\Router->dispatchToRoute()
#45 /home/ouknik/Desktop/brahim_projects/j/j v2/jeunesscar/framework/vendor/laravel/framework/src/Illuminate/Foundation/Http/Kernel.php(200): Illuminate\\Routing\\Router->dispatch()
#46 /home/ouknik/Desktop/brahim_projects/j/j v2/jeunesscar/framework/vendor/laravel/framework/src/Illuminate/Pipeline/Pipeline.php(144): Illuminate\\Foundation\\Http\\Kernel->Illuminate\\Foundation\\Http\\{closure}()
#47 /home/ouknik/Desktop/brahim_projects/j/j v2/jeunesscar/framework/vendor/laravel/framework/src/Illuminate/Foundation/Http/Middleware/TransformsRequest.php(21): Illuminate\\Pipeline\\Pipeline->Illuminate\\Pipeline\\{closure}()
#48 /home/ouknik/Desktop/brahim_projects/j/j v2/jeunesscar/framework/vendor/laravel/framework/src/Illuminate/Foundation/Http/Middleware/ConvertEmptyStringsToNull.php(31): Illuminate\\Foundation\\Http\\Middleware\\TransformsRequest->handle()
#49 /home/ouknik/Desktop/brahim_projects/j/j v2/jeunesscar/framework/vendor/laravel/framework/src/Illuminate/Pipeline/Pipeline.php(183): Illuminate\\Foundation\\Http\\Middleware\\ConvertEmptyStringsToNull->handle()
#50 /home/ouknik/Desktop/brahim_projects/j/j v2/jeunesscar/framework/vendor/laravel/framework/src/Illuminate/Foundation/Http/Middleware/TransformsRequest.php(21): Illuminate\\Pipeline\\Pipeline->Illuminate\\Pipeline\\{closure}()
#51 /home/ouknik/Desktop/brahim_projects/j/j v2/jeunesscar/framework/vendor/laravel/framework/src/Illuminate/Foundation/Http/Middleware/TrimStrings.php(40): Illuminate\\Foundation\\Http\\Middleware\\TransformsRequest->handle()
#52 /home/ouknik/Desktop/brahim_projects/j/j v2/jeunesscar/framework/vendor/laravel/framework/src/Illuminate/Pipeline/Pipeline.php(183): Illuminate\\Foundation\\Http\\Middleware\\TrimStrings->handle()
#53 /home/ouknik/Desktop/brahim_projects/j/j v2/jeunesscar/framework/vendor/laravel/framework/src/Illuminate/Foundation/Http/Middleware/ValidatePostSize.php(27): Illuminate\\Pipeline\\Pipeline->Illuminate\\Pipeline\\{closure}()
#54 /home/ouknik/Desktop/brahim_projects/j/j v2/jeunesscar/framework/vendor/laravel/framework/src/Illuminate/Pipeline/Pipeline.php(183): Illuminate\\Foundation\\Http\\Middleware\\ValidatePostSize->handle()
#55 /home/ouknik/Desktop/brahim_projects/j/j v2/jeunesscar/framework/vendor/laravel/framework/src/Illuminate/Foundation/Http/Middleware/PreventRequestsDuringMaintenance.php(99): Illuminate\\Pipeline\\Pipeline->Illuminate\\Pipeline\\{closure}()
#56 /home/ouknik/Desktop/brahim_projects/j/j v2/jeunesscar/framework/vendor/laravel/framework/src/Illuminate/Pipeline/Pipeline.php(183): Illuminate\\Foundation\\Http\\Middleware\\PreventRequestsDuringMaintenance->handle()
#57 /home/ouknik/Desktop/brahim_projects/j/j v2/jeunesscar/framework/vendor/laravel/framework/src/Illuminate/Pipeline/Pipeline.php(119): Illuminate\\Pipeline\\Pipeline->Illuminate\\Pipeline\\{closure}()
#58 /home/ouknik/Desktop/brahim_projects/j/j v2/jeunesscar/framework/vendor/laravel/framework/src/Illuminate/Foundation/Http/Kernel.php(175): Illuminate\\Pipeline\\Pipeline->then()
#59 /home/ouknik/Desktop/brahim_projects/j/j v2/jeunesscar/framework/vendor/laravel/framework/src/Illuminate/Foundation/Http/Kernel.php(144): Illuminate\\Foundation\\Http\\Kernel->sendRequestThroughRouter()
#60 /home/ouknik/Desktop/brahim_projects/j/j v2/jeunesscar/index.php(13): Illuminate\\Foundation\\Http\\Kernel->handle()
#61 {main}
"} 
[2025-05-15 21:09:08] local.ERROR: SQLSTATE[HY000] [2002] Connection refused (Connection: mysql, SQL: select * from `users` where `id` = 1 and `users`.`deleted_at` is null limit 1) {"exception":"[object] (Illuminate\\Database\\QueryException(code: 2002): SQLSTATE[HY000] [2002] Connection refused (Connection: mysql, SQL: select * from `users` where `id` = 1 and `users`.`deleted_at` is null limit 1) at /home/ouknik/Desktop/brahim_projects/j/j v2/jeunesscar/framework/vendor/laravel/framework/src/Illuminate/Database/Connection.php:829)
[stacktrace]
#0 /home/ouknik/Desktop/brahim_projects/j/j v2/jeunesscar/framework/vendor/laravel/framework/src/Illuminate/Database/Connection.php(983): Illuminate\\Database\\Connection->runQueryCallback()
#1 /home/ouknik/Desktop/brahim_projects/j/j v2/jeunesscar/framework/vendor/laravel/framework/src/Illuminate/Database/Connection.php(962): Illuminate\\Database\\Connection->tryAgainIfCausedByLostConnection()
#2 /home/ouknik/Desktop/brahim_projects/j/j v2/jeunesscar/framework/vendor/laravel/framework/src/Illuminate/Database/Connection.php(785): Illuminate\\Database\\Connection->handleQueryException()
#3 /home/ouknik/Desktop/brahim_projects/j/j v2/jeunesscar/framework/vendor/laravel/framework/src/Illuminate/Database/Connection.php(414): Illuminate\\Database\\Connection->run()
#4 /home/ouknik/Desktop/brahim_projects/j/j v2/jeunesscar/framework/vendor/laravel/framework/src/Illuminate/Database/Query/Builder.php(2913): Illuminate\\Database\\Connection->select()
#5 /home/ouknik/Desktop/brahim_projects/j/j v2/jeunesscar/framework/vendor/laravel/framework/src/Illuminate/Database/Query/Builder.php(2902): Illuminate\\Database\\Query\\Builder->runSelect()
#6 /home/ouknik/Desktop/brahim_projects/j/j v2/jeunesscar/framework/vendor/laravel/framework/src/Illuminate/Database/Query/Builder.php(3456): Illuminate\\Database\\Query\\Builder->Illuminate\\Database\\Query\\{closure}()
#7 /home/ouknik/Desktop/brahim_projects/j/j v2/jeunesscar/framework/vendor/laravel/framework/src/Illuminate/Database/Query/Builder.php(2901): Illuminate\\Database\\Query\\Builder->onceWithColumns()
#8 /home/ouknik/Desktop/brahim_projects/j/j v2/jeunesscar/framework/vendor/laravel/framework/src/Illuminate/Database/Eloquent/Builder.php(739): Illuminate\\Database\\Query\\Builder->get()
#9 /home/ouknik/Desktop/brahim_projects/j/j v2/jeunesscar/framework/vendor/laravel/framework/src/Illuminate/Database/Eloquent/Builder.php(723): Illuminate\\Database\\Eloquent\\Builder->getModels()
#10 /home/ouknik/Desktop/brahim_projects/j/j v2/jeunesscar/framework/vendor/laravel/framework/src/Illuminate/Database/Concerns/BuildsQueries.php(333): Illuminate\\Database\\Eloquent\\Builder->get()
#11 /home/ouknik/Desktop/brahim_projects/j/j v2/jeunesscar/framework/vendor/laravel/framework/src/Illuminate/Auth/EloquentUserProvider.php(75): Illuminate\\Database\\Eloquent\\Builder->first()
#12 /home/ouknik/Desktop/brahim_projects/j/j v2/jeunesscar/framework/vendor/laravel/framework/src/Illuminate/Auth/SessionGuard.php(196): Illuminate\\Auth\\EloquentUserProvider->retrieveByToken()
#13 /home/ouknik/Desktop/brahim_projects/j/j v2/jeunesscar/framework/vendor/laravel/framework/src/Illuminate/Auth/SessionGuard.php(167): Illuminate\\Auth\\SessionGuard->userFromRecaller()
#14 /home/ouknik/Desktop/brahim_projects/j/j v2/jeunesscar/framework/vendor/laravel/framework/src/Illuminate/Auth/GuardHelpers.php(56): Illuminate\\Auth\\SessionGuard->user()
#15 /home/ouknik/Desktop/brahim_projects/j/j v2/jeunesscar/framework/vendor/laravel/framework/src/Illuminate/Auth/Middleware/Authenticate.php(76): Illuminate\\Auth\\SessionGuard->check()
#16 /home/ouknik/Desktop/brahim_projects/j/j v2/jeunesscar/framework/vendor/laravel/framework/src/Illuminate/Auth/Middleware/Authenticate.php(55): Illuminate\\Auth\\Middleware\\Authenticate->authenticate()
#17 /home/ouknik/Desktop/brahim_projects/j/j v2/jeunesscar/framework/vendor/laravel/framework/src/Illuminate/Pipeline/Pipeline.php(183): Illuminate\\Auth\\Middleware\\Authenticate->handle()
#18 /home/ouknik/Desktop/brahim_projects/j/j v2/jeunesscar/framework/vendor/laravel/framework/src/Illuminate/Foundation/Http/Middleware/VerifyCsrfToken.php(78): Illuminate\\Pipeline\\Pipeline->Illuminate\\Pipeline\\{closure}()
#19 /home/ouknik/Desktop/brahim_projects/j/j v2/jeunesscar/framework/vendor/laravel/framework/src/Illuminate/Pipeline/Pipeline.php(183): Illuminate\\Foundation\\Http\\Middleware\\VerifyCsrfToken->handle()
#20 /home/ouknik/Desktop/brahim_projects/j/j v2/jeunesscar/framework/vendor/laravel/framework/src/Illuminate/View/Middleware/ShareErrorsFromSession.php(49): Illuminate\\Pipeline\\Pipeline->Illuminate\\Pipeline\\{closure}()
#21 /home/ouknik/Desktop/brahim_projects/j/j v2/jeunesscar/framework/vendor/laravel/framework/src/Illuminate/Pipeline/Pipeline.php(183): Illuminate\\View\\Middleware\\ShareErrorsFromSession->handle()
#22 /home/ouknik/Desktop/brahim_projects/j/j v2/jeunesscar/framework/vendor/laravel/framework/src/Illuminate/Session/Middleware/StartSession.php(121): Illuminate\\Pipeline\\Pipeline->Illuminate\\Pipeline\\{closure}()
#23 /home/ouknik/Desktop/brahim_projects/j/j v2/jeunesscar/framework/vendor/laravel/framework/src/Illuminate/Session/Middleware/StartSession.php(64): Illuminate\\Session\\Middleware\\StartSession->handleStatefulRequest()
#24 /home/ouknik/Desktop/brahim_projects/j/j v2/jeunesscar/framework/vendor/laravel/framework/src/Illuminate/Pipeline/Pipeline.php(183): Illuminate\\Session\\Middleware\\StartSession->handle()
#25 /home/ouknik/Desktop/brahim_projects/j/j v2/jeunesscar/framework/vendor/laravel/framework/src/Illuminate/Cookie/Middleware/AddQueuedCookiesToResponse.php(37): Illuminate\\Pipeline\\Pipeline->Illuminate\\Pipeline\\{closure}()
#26 /home/ouknik/Desktop/brahim_projects/j/j v2/jeunesscar/framework/vendor/laravel/framework/src/Illuminate/Pipeline/Pipeline.php(183): Illuminate\\Cookie\\Middleware\\AddQueuedCookiesToResponse->handle()
#27 /home/ouknik/Desktop/brahim_projects/j/j v2/jeunesscar/framework/vendor/laravel/framework/src/Illuminate/Cookie/Middleware/EncryptCookies.php(67): Illuminate\\Pipeline\\Pipeline->Illuminate\\Pipeline\\{closure}()
#28 /home/ouknik/Desktop/brahim_projects/j/j v2/jeunesscar/framework/vendor/laravel/framework/src/Illuminate/Pipeline/Pipeline.php(183): Illuminate\\Cookie\\Middleware\\EncryptCookies->handle()
#29 /home/ouknik/Desktop/brahim_projects/j/j v2/jeunesscar/framework/vendor/laravel/framework/src/Illuminate/Pipeline/Pipeline.php(119): Illuminate\\Pipeline\\Pipeline->Illuminate\\Pipeline\\{closure}()
#30 /home/ouknik/Desktop/brahim_projects/j/j v2/jeunesscar/framework/vendor/laravel/framework/src/Illuminate/Routing/Router.php(805): Illuminate\\Pipeline\\Pipeline->then()
#31 /home/ouknik/Desktop/brahim_projects/j/j v2/jeunesscar/framework/vendor/laravel/framework/src/Illuminate/Routing/Router.php(784): Illuminate\\Routing\\Router->runRouteWithinStack()
#32 /home/ouknik/Desktop/brahim_projects/j/j v2/jeunesscar/framework/vendor/laravel/framework/src/Illuminate/Routing/Router.php(748): Illuminate\\Routing\\Router->runRoute()
#33 /home/ouknik/Desktop/brahim_projects/j/j v2/jeunesscar/framework/vendor/laravel/framework/src/Illuminate/Routing/Router.php(737): Illuminate\\Routing\\Router->dispatchToRoute()
#34 /home/ouknik/Desktop/brahim_projects/j/j v2/jeunesscar/framework/vendor/laravel/framework/src/Illuminate/Foundation/Http/Kernel.php(200): Illuminate\\Routing\\Router->dispatch()
#35 /home/ouknik/Desktop/brahim_projects/j/j v2/jeunesscar/framework/vendor/laravel/framework/src/Illuminate/Pipeline/Pipeline.php(144): Illuminate\\Foundation\\Http\\Kernel->Illuminate\\Foundation\\Http\\{closure}()
#36 /home/ouknik/Desktop/brahim_projects/j/j v2/jeunesscar/framework/vendor/laravel/framework/src/Illuminate/Foundation/Http/Middleware/TransformsRequest.php(21): Illuminate\\Pipeline\\Pipeline->Illuminate\\Pipeline\\{closure}()
#37 /home/ouknik/Desktop/brahim_projects/j/j v2/jeunesscar/framework/vendor/laravel/framework/src/Illuminate/Foundation/Http/Middleware/ConvertEmptyStringsToNull.php(31): Illuminate\\Foundation\\Http\\Middleware\\TransformsRequest->handle()
#38 /home/ouknik/Desktop/brahim_projects/j/j v2/jeunesscar/framework/vendor/laravel/framework/src/Illuminate/Pipeline/Pipeline.php(183): Illuminate\\Foundation\\Http\\Middleware\\ConvertEmptyStringsToNull->handle()
#39 /home/ouknik/Desktop/brahim_projects/j/j v2/jeunesscar/framework/vendor/laravel/framework/src/Illuminate/Foundation/Http/Middleware/TransformsRequest.php(21): Illuminate\\Pipeline\\Pipeline->Illuminate\\Pipeline\\{closure}()
#40 /home/ouknik/Desktop/brahim_projects/j/j v2/jeunesscar/framework/vendor/laravel/framework/src/Illuminate/Foundation/Http/Middleware/TrimStrings.php(40): Illuminate\\Foundation\\Http\\Middleware\\TransformsRequest->handle()
#41 /home/ouknik/Desktop/brahim_projects/j/j v2/jeunesscar/framework/vendor/laravel/framework/src/Illuminate/Pipeline/Pipeline.php(183): Illuminate\\Foundation\\Http\\Middleware\\TrimStrings->handle()
#42 /home/ouknik/Desktop/brahim_projects/j/j v2/jeunesscar/framework/vendor/laravel/framework/src/Illuminate/Foundation/Http/Middleware/ValidatePostSize.php(27): Illuminate\\Pipeline\\Pipeline->Illuminate\\Pipeline\\{closure}()
#43 /home/ouknik/Desktop/brahim_projects/j/j v2/jeunesscar/framework/vendor/laravel/framework/src/Illuminate/Pipeline/Pipeline.php(183): Illuminate\\Foundation\\Http\\Middleware\\ValidatePostSize->handle()
#44 /home/ouknik/Desktop/brahim_projects/j/j v2/jeunesscar/framework/vendor/laravel/framework/src/Illuminate/Foundation/Http/Middleware/PreventRequestsDuringMaintenance.php(99): Illuminate\\Pipeline\\Pipeline->Illuminate\\Pipeline\\{closure}()
#45 /home/ouknik/Desktop/brahim_projects/j/j v2/jeunesscar/framework/vendor/laravel/framework/src/Illuminate/Pipeline/Pipeline.php(183): Illuminate\\Foundation\\Http\\Middleware\\PreventRequestsDuringMaintenance->handle()
#46 /home/ouknik/Desktop/brahim_projects/j/j v2/jeunesscar/framework/vendor/laravel/framework/src/Illuminate/Pipeline/Pipeline.php(119): Illuminate\\Pipeline\\Pipeline->Illuminate\\Pipeline\\{closure}()
#47 /home/ouknik/Desktop/brahim_projects/j/j v2/jeunesscar/framework/vendor/laravel/framework/src/Illuminate/Foundation/Http/Kernel.php(175): Illuminate\\Pipeline\\Pipeline->then()
#48 /home/ouknik/Desktop/brahim_projects/j/j v2/jeunesscar/framework/vendor/laravel/framework/src/Illuminate/Foundation/Http/Kernel.php(144): Illuminate\\Foundation\\Http\\Kernel->sendRequestThroughRouter()
#49 /home/ouknik/Desktop/brahim_projects/j/j v2/jeunesscar/index.php(13): Illuminate\\Foundation\\Http\\Kernel->handle()
#50 {main}

[previous exception] [object] (PDOException(code: 2002): SQLSTATE[HY000] [2002] Connection refused at /home/ouknik/Desktop/brahim_projects/j/j v2/jeunesscar/framework/vendor/laravel/framework/src/Illuminate/Database/Connectors/Connector.php:65)
[stacktrace]
#0 /home/ouknik/Desktop/brahim_projects/j/j v2/jeunesscar/framework/vendor/laravel/framework/src/Illuminate/Database/Connectors/Connector.php(65): PDO->__construct()
#1 /home/ouknik/Desktop/brahim_projects/j/j v2/jeunesscar/framework/vendor/laravel/framework/src/Illuminate/Database/Connectors/Connector.php(83): Illuminate\\Database\\Connectors\\Connector->createPdoConnection()
#2 /home/ouknik/Desktop/brahim_projects/j/j v2/jeunesscar/framework/vendor/laravel/framework/src/Illuminate/Database/Connectors/Connector.php(48): Illuminate\\Database\\Connectors\\Connector->tryAgainIfCausedByLostConnection()
#3 /home/ouknik/Desktop/brahim_projects/j/j v2/jeunesscar/framework/vendor/laravel/framework/src/Illuminate/Database/Connectors/MySqlConnector.php(24): Illuminate\\Database\\Connectors\\Connector->createConnection()
#4 /home/ouknik/Desktop/brahim_projects/j/j v2/jeunesscar/framework/vendor/laravel/framework/src/Illuminate/Database/Connectors/ConnectionFactory.php(184): Illuminate\\Database\\Connectors\\MySqlConnector->connect()
#5 [internal function]: Illuminate\\Database\\Connectors\\ConnectionFactory->Illuminate\\Database\\Connectors\\{closure}()
#6 /home/ouknik/Desktop/brahim_projects/j/j v2/jeunesscar/framework/vendor/laravel/framework/src/Illuminate/Database/Connection.php(1339): call_user_func()
#7 /home/ouknik/Desktop/brahim_projects/j/j v2/jeunesscar/framework/vendor/laravel/framework/src/Illuminate/Database/Connection.php(1375): Illuminate\\Database\\Connection->getPdo()
#8 /home/ouknik/Desktop/brahim_projects/j/j v2/jeunesscar/framework/vendor/laravel/framework/src/Illuminate/Database/Connection.php(528): Illuminate\\Database\\Connection->getReadPdo()
#9 /home/ouknik/Desktop/brahim_projects/j/j v2/jeunesscar/framework/vendor/laravel/framework/src/Illuminate/Database/Connection.php(423): Illuminate\\Database\\Connection->getPdoForSelect()
#10 /home/ouknik/Desktop/brahim_projects/j/j v2/jeunesscar/framework/vendor/laravel/framework/src/Illuminate/Database/Connection.php(816): Illuminate\\Database\\Connection->Illuminate\\Database\\{closure}()
#11 /home/ouknik/Desktop/brahim_projects/j/j v2/jeunesscar/framework/vendor/laravel/framework/src/Illuminate/Database/Connection.php(983): Illuminate\\Database\\Connection->runQueryCallback()
#12 /home/ouknik/Desktop/brahim_projects/j/j v2/jeunesscar/framework/vendor/laravel/framework/src/Illuminate/Database/Connection.php(962): Illuminate\\Database\\Connection->tryAgainIfCausedByLostConnection()
#13 /home/ouknik/Desktop/brahim_projects/j/j v2/jeunesscar/framework/vendor/laravel/framework/src/Illuminate/Database/Connection.php(785): Illuminate\\Database\\Connection->handleQueryException()
#14 /home/ouknik/Desktop/brahim_projects/j/j v2/jeunesscar/framework/vendor/laravel/framework/src/Illuminate/Database/Connection.php(414): Illuminate\\Database\\Connection->run()
#15 /home/ouknik/Desktop/brahim_projects/j/j v2/jeunesscar/framework/vendor/laravel/framework/src/Illuminate/Database/Query/Builder.php(2913): Illuminate\\Database\\Connection->select()
#16 /home/ouknik/Desktop/brahim_projects/j/j v2/jeunesscar/framework/vendor/laravel/framework/src/Illuminate/Database/Query/Builder.php(2902): Illuminate\\Database\\Query\\Builder->runSelect()
#17 /home/ouknik/Desktop/brahim_projects/j/j v2/jeunesscar/framework/vendor/laravel/framework/src/Illuminate/Database/Query/Builder.php(3456): Illuminate\\Database\\Query\\Builder->Illuminate\\Database\\Query\\{closure}()
#18 /home/ouknik/Desktop/brahim_projects/j/j v2/jeunesscar/framework/vendor/laravel/framework/src/Illuminate/Database/Query/Builder.php(2901): Illuminate\\Database\\Query\\Builder->onceWithColumns()
#19 /home/ouknik/Desktop/brahim_projects/j/j v2/jeunesscar/framework/vendor/laravel/framework/src/Illuminate/Database/Eloquent/Builder.php(739): Illuminate\\Database\\Query\\Builder->get()
#20 /home/ouknik/Desktop/brahim_projects/j/j v2/jeunesscar/framework/vendor/laravel/framework/src/Illuminate/Database/Eloquent/Builder.php(723): Illuminate\\Database\\Eloquent\\Builder->getModels()
#21 /home/ouknik/Desktop/brahim_projects/j/j v2/jeunesscar/framework/vendor/laravel/framework/src/Illuminate/Database/Concerns/BuildsQueries.php(333): Illuminate\\Database\\Eloquent\\Builder->get()
#22 /home/ouknik/Desktop/brahim_projects/j/j v2/jeunesscar/framework/vendor/laravel/framework/src/Illuminate/Auth/EloquentUserProvider.php(75): Illuminate\\Database\\Eloquent\\Builder->first()
#23 /home/ouknik/Desktop/brahim_projects/j/j v2/jeunesscar/framework/vendor/laravel/framework/src/Illuminate/Auth/SessionGuard.php(196): Illuminate\\Auth\\EloquentUserProvider->retrieveByToken()
#24 /home/ouknik/Desktop/brahim_projects/j/j v2/jeunesscar/framework/vendor/laravel/framework/src/Illuminate/Auth/SessionGuard.php(167): Illuminate\\Auth\\SessionGuard->userFromRecaller()
#25 /home/ouknik/Desktop/brahim_projects/j/j v2/jeunesscar/framework/vendor/laravel/framework/src/Illuminate/Auth/GuardHelpers.php(56): Illuminate\\Auth\\SessionGuard->user()
#26 /home/ouknik/Desktop/brahim_projects/j/j v2/jeunesscar/framework/vendor/laravel/framework/src/Illuminate/Auth/Middleware/Authenticate.php(76): Illuminate\\Auth\\SessionGuard->check()
#27 /home/ouknik/Desktop/brahim_projects/j/j v2/jeunesscar/framework/vendor/laravel/framework/src/Illuminate/Auth/Middleware/Authenticate.php(55): Illuminate\\Auth\\Middleware\\Authenticate->authenticate()
#28 /home/ouknik/Desktop/brahim_projects/j/j v2/jeunesscar/framework/vendor/laravel/framework/src/Illuminate/Pipeline/Pipeline.php(183): Illuminate\\Auth\\Middleware\\Authenticate->handle()
#29 /home/ouknik/Desktop/brahim_projects/j/j v2/jeunesscar/framework/vendor/laravel/framework/src/Illuminate/Foundation/Http/Middleware/VerifyCsrfToken.php(78): Illuminate\\Pipeline\\Pipeline->Illuminate\\Pipeline\\{closure}()
#30 /home/ouknik/Desktop/brahim_projects/j/j v2/jeunesscar/framework/vendor/laravel/framework/src/Illuminate/Pipeline/Pipeline.php(183): Illuminate\\Foundation\\Http\\Middleware\\VerifyCsrfToken->handle()
#31 /home/ouknik/Desktop/brahim_projects/j/j v2/jeunesscar/framework/vendor/laravel/framework/src/Illuminate/View/Middleware/ShareErrorsFromSession.php(49): Illuminate\\Pipeline\\Pipeline->Illuminate\\Pipeline\\{closure}()
#32 /home/ouknik/Desktop/brahim_projects/j/j v2/jeunesscar/framework/vendor/laravel/framework/src/Illuminate/Pipeline/Pipeline.php(183): Illuminate\\View\\Middleware\\ShareErrorsFromSession->handle()
#33 /home/ouknik/Desktop/brahim_projects/j/j v2/jeunesscar/framework/vendor/laravel/framework/src/Illuminate/Session/Middleware/StartSession.php(121): Illuminate\\Pipeline\\Pipeline->Illuminate\\Pipeline\\{closure}()
#34 /home/ouknik/Desktop/brahim_projects/j/j v2/jeunesscar/framework/vendor/laravel/framework/src/Illuminate/Session/Middleware/StartSession.php(64): Illuminate\\Session\\Middleware\\StartSession->handleStatefulRequest()
#35 /home/ouknik/Desktop/brahim_projects/j/j v2/jeunesscar/framework/vendor/laravel/framework/src/Illuminate/Pipeline/Pipeline.php(183): Illuminate\\Session\\Middleware\\StartSession->handle()
#36 /home/ouknik/Desktop/brahim_projects/j/j v2/jeunesscar/framework/vendor/laravel/framework/src/Illuminate/Cookie/Middleware/AddQueuedCookiesToResponse.php(37): Illuminate\\Pipeline\\Pipeline->Illuminate\\Pipeline\\{closure}()
#37 /home/ouknik/Desktop/brahim_projects/j/j v2/jeunesscar/framework/vendor/laravel/framework/src/Illuminate/Pipeline/Pipeline.php(183): Illuminate\\Cookie\\Middleware\\AddQueuedCookiesToResponse->handle()
#38 /home/ouknik/Desktop/brahim_projects/j/j v2/jeunesscar/framework/vendor/laravel/framework/src/Illuminate/Cookie/Middleware/EncryptCookies.php(67): Illuminate\\Pipeline\\Pipeline->Illuminate\\Pipeline\\{closure}()
#39 /home/ouknik/Desktop/brahim_projects/j/j v2/jeunesscar/framework/vendor/laravel/framework/src/Illuminate/Pipeline/Pipeline.php(183): Illuminate\\Cookie\\Middleware\\EncryptCookies->handle()
#40 /home/ouknik/Desktop/brahim_projects/j/j v2/jeunesscar/framework/vendor/laravel/framework/src/Illuminate/Pipeline/Pipeline.php(119): Illuminate\\Pipeline\\Pipeline->Illuminate\\Pipeline\\{closure}()
#41 /home/ouknik/Desktop/brahim_projects/j/j v2/jeunesscar/framework/vendor/laravel/framework/src/Illuminate/Routing/Router.php(805): Illuminate\\Pipeline\\Pipeline->then()
#42 /home/ouknik/Desktop/brahim_projects/j/j v2/jeunesscar/framework/vendor/laravel/framework/src/Illuminate/Routing/Router.php(784): Illuminate\\Routing\\Router->runRouteWithinStack()
#43 /home/ouknik/Desktop/brahim_projects/j/j v2/jeunesscar/framework/vendor/laravel/framework/src/Illuminate/Routing/Router.php(748): Illuminate\\Routing\\Router->runRoute()
#44 /home/ouknik/Desktop/brahim_projects/j/j v2/jeunesscar/framework/vendor/laravel/framework/src/Illuminate/Routing/Router.php(737): Illuminate\\Routing\\Router->dispatchToRoute()
#45 /home/ouknik/Desktop/brahim_projects/j/j v2/jeunesscar/framework/vendor/laravel/framework/src/Illuminate/Foundation/Http/Kernel.php(200): Illuminate\\Routing\\Router->dispatch()
#46 /home/ouknik/Desktop/brahim_projects/j/j v2/jeunesscar/framework/vendor/laravel/framework/src/Illuminate/Pipeline/Pipeline.php(144): Illuminate\\Foundation\\Http\\Kernel->Illuminate\\Foundation\\Http\\{closure}()
#47 /home/ouknik/Desktop/brahim_projects/j/j v2/jeunesscar/framework/vendor/laravel/framework/src/Illuminate/Foundation/Http/Middleware/TransformsRequest.php(21): Illuminate\\Pipeline\\Pipeline->Illuminate\\Pipeline\\{closure}()
#48 /home/ouknik/Desktop/brahim_projects/j/j v2/jeunesscar/framework/vendor/laravel/framework/src/Illuminate/Foundation/Http/Middleware/ConvertEmptyStringsToNull.php(31): Illuminate\\Foundation\\Http\\Middleware\\TransformsRequest->handle()
#49 /home/ouknik/Desktop/brahim_projects/j/j v2/jeunesscar/framework/vendor/laravel/framework/src/Illuminate/Pipeline/Pipeline.php(183): Illuminate\\Foundation\\Http\\Middleware\\ConvertEmptyStringsToNull->handle()
#50 /home/ouknik/Desktop/brahim_projects/j/j v2/jeunesscar/framework/vendor/laravel/framework/src/Illuminate/Foundation/Http/Middleware/TransformsRequest.php(21): Illuminate\\Pipeline\\Pipeline->Illuminate\\Pipeline\\{closure}()
#51 /home/ouknik/Desktop/brahim_projects/j/j v2/jeunesscar/framework/vendor/laravel/framework/src/Illuminate/Foundation/Http/Middleware/TrimStrings.php(40): Illuminate\\Foundation\\Http\\Middleware\\TransformsRequest->handle()
#52 /home/ouknik/Desktop/brahim_projects/j/j v2/jeunesscar/framework/vendor/laravel/framework/src/Illuminate/Pipeline/Pipeline.php(183): Illuminate\\Foundation\\Http\\Middleware\\TrimStrings->handle()
#53 /home/ouknik/Desktop/brahim_projects/j/j v2/jeunesscar/framework/vendor/laravel/framework/src/Illuminate/Foundation/Http/Middleware/ValidatePostSize.php(27): Illuminate\\Pipeline\\Pipeline->Illuminate\\Pipeline\\{closure}()
#54 /home/ouknik/Desktop/brahim_projects/j/j v2/jeunesscar/framework/vendor/laravel/framework/src/Illuminate/Pipeline/Pipeline.php(183): Illuminate\\Foundation\\Http\\Middleware\\ValidatePostSize->handle()
#55 /home/ouknik/Desktop/brahim_projects/j/j v2/jeunesscar/framework/vendor/laravel/framework/src/Illuminate/Foundation/Http/Middleware/PreventRequestsDuringMaintenance.php(99): Illuminate\\Pipeline\\Pipeline->Illuminate\\Pipeline\\{closure}()
#56 /home/ouknik/Desktop/brahim_projects/j/j v2/jeunesscar/framework/vendor/laravel/framework/src/Illuminate/Pipeline/Pipeline.php(183): Illuminate\\Foundation\\Http\\Middleware\\PreventRequestsDuringMaintenance->handle()
#57 /home/ouknik/Desktop/brahim_projects/j/j v2/jeunesscar/framework/vendor/laravel/framework/src/Illuminate/Pipeline/Pipeline.php(119): Illuminate\\Pipeline\\Pipeline->Illuminate\\Pipeline\\{closure}()
#58 /home/ouknik/Desktop/brahim_projects/j/j v2/jeunesscar/framework/vendor/laravel/framework/src/Illuminate/Foundation/Http/Kernel.php(175): Illuminate\\Pipeline\\Pipeline->then()
#59 /home/ouknik/Desktop/brahim_projects/j/j v2/jeunesscar/framework/vendor/laravel/framework/src/Illuminate/Foundation/Http/Kernel.php(144): Illuminate\\Foundation\\Http\\Kernel->sendRequestThroughRouter()
#60 /home/ouknik/Desktop/brahim_projects/j/j v2/jeunesscar/index.php(13): Illuminate\\Foundation\\Http\\Kernel->handle()
#61 {main}
"} 
[2025-05-15 21:09:10] local.ERROR: SQLSTATE[HY000] [2002] Connection refused (Connection: mysql, SQL: select * from `users` where `id` = 1 and `users`.`deleted_at` is null limit 1) {"exception":"[object] (Illuminate\\Database\\QueryException(code: 2002): SQLSTATE[HY000] [2002] Connection refused (Connection: mysql, SQL: select * from `users` where `id` = 1 and `users`.`deleted_at` is null limit 1) at /home/ouknik/Desktop/brahim_projects/j/j v2/jeunesscar/framework/vendor/laravel/framework/src/Illuminate/Database/Connection.php:829)
[stacktrace]
#0 /home/ouknik/Desktop/brahim_projects/j/j v2/jeunesscar/framework/vendor/laravel/framework/src/Illuminate/Database/Connection.php(983): Illuminate\\Database\\Connection->runQueryCallback()
#1 /home/ouknik/Desktop/brahim_projects/j/j v2/jeunesscar/framework/vendor/laravel/framework/src/Illuminate/Database/Connection.php(962): Illuminate\\Database\\Connection->tryAgainIfCausedByLostConnection()
#2 /home/ouknik/Desktop/brahim_projects/j/j v2/jeunesscar/framework/vendor/laravel/framework/src/Illuminate/Database/Connection.php(785): Illuminate\\Database\\Connection->handleQueryException()
#3 /home/ouknik/Desktop/brahim_projects/j/j v2/jeunesscar/framework/vendor/laravel/framework/src/Illuminate/Database/Connection.php(414): Illuminate\\Database\\Connection->run()
#4 /home/ouknik/Desktop/brahim_projects/j/j v2/jeunesscar/framework/vendor/laravel/framework/src/Illuminate/Database/Query/Builder.php(2913): Illuminate\\Database\\Connection->select()
#5 /home/ouknik/Desktop/brahim_projects/j/j v2/jeunesscar/framework/vendor/laravel/framework/src/Illuminate/Database/Query/Builder.php(2902): Illuminate\\Database\\Query\\Builder->runSelect()
#6 /home/ouknik/Desktop/brahim_projects/j/j v2/jeunesscar/framework/vendor/laravel/framework/src/Illuminate/Database/Query/Builder.php(3456): Illuminate\\Database\\Query\\Builder->Illuminate\\Database\\Query\\{closure}()
#7 /home/ouknik/Desktop/brahim_projects/j/j v2/jeunesscar/framework/vendor/laravel/framework/src/Illuminate/Database/Query/Builder.php(2901): Illuminate\\Database\\Query\\Builder->onceWithColumns()
#8 /home/ouknik/Desktop/brahim_projects/j/j v2/jeunesscar/framework/vendor/laravel/framework/src/Illuminate/Database/Eloquent/Builder.php(739): Illuminate\\Database\\Query\\Builder->get()
#9 /home/ouknik/Desktop/brahim_projects/j/j v2/jeunesscar/framework/vendor/laravel/framework/src/Illuminate/Database/Eloquent/Builder.php(723): Illuminate\\Database\\Eloquent\\Builder->getModels()
#10 /home/ouknik/Desktop/brahim_projects/j/j v2/jeunesscar/framework/vendor/laravel/framework/src/Illuminate/Database/Concerns/BuildsQueries.php(333): Illuminate\\Database\\Eloquent\\Builder->get()
#11 /home/ouknik/Desktop/brahim_projects/j/j v2/jeunesscar/framework/vendor/laravel/framework/src/Illuminate/Auth/EloquentUserProvider.php(75): Illuminate\\Database\\Eloquent\\Builder->first()
#12 /home/ouknik/Desktop/brahim_projects/j/j v2/jeunesscar/framework/vendor/laravel/framework/src/Illuminate/Auth/SessionGuard.php(196): Illuminate\\Auth\\EloquentUserProvider->retrieveByToken()
#13 /home/ouknik/Desktop/brahim_projects/j/j v2/jeunesscar/framework/vendor/laravel/framework/src/Illuminate/Auth/SessionGuard.php(167): Illuminate\\Auth\\SessionGuard->userFromRecaller()
#14 /home/ouknik/Desktop/brahim_projects/j/j v2/jeunesscar/framework/vendor/laravel/framework/src/Illuminate/Auth/GuardHelpers.php(56): Illuminate\\Auth\\SessionGuard->user()
#15 /home/ouknik/Desktop/brahim_projects/j/j v2/jeunesscar/framework/vendor/laravel/framework/src/Illuminate/Auth/Middleware/Authenticate.php(76): Illuminate\\Auth\\SessionGuard->check()
#16 /home/ouknik/Desktop/brahim_projects/j/j v2/jeunesscar/framework/vendor/laravel/framework/src/Illuminate/Auth/Middleware/Authenticate.php(55): Illuminate\\Auth\\Middleware\\Authenticate->authenticate()
#17 /home/ouknik/Desktop/brahim_projects/j/j v2/jeunesscar/framework/vendor/laravel/framework/src/Illuminate/Pipeline/Pipeline.php(183): Illuminate\\Auth\\Middleware\\Authenticate->handle()
#18 /home/ouknik/Desktop/brahim_projects/j/j v2/jeunesscar/framework/vendor/laravel/framework/src/Illuminate/Foundation/Http/Middleware/VerifyCsrfToken.php(78): Illuminate\\Pipeline\\Pipeline->Illuminate\\Pipeline\\{closure}()
#19 /home/ouknik/Desktop/brahim_projects/j/j v2/jeunesscar/framework/vendor/laravel/framework/src/Illuminate/Pipeline/Pipeline.php(183): Illuminate\\Foundation\\Http\\Middleware\\VerifyCsrfToken->handle()
#20 /home/ouknik/Desktop/brahim_projects/j/j v2/jeunesscar/framework/vendor/laravel/framework/src/Illuminate/View/Middleware/ShareErrorsFromSession.php(49): Illuminate\\Pipeline\\Pipeline->Illuminate\\Pipeline\\{closure}()
#21 /home/ouknik/Desktop/brahim_projects/j/j v2/jeunesscar/framework/vendor/laravel/framework/src/Illuminate/Pipeline/Pipeline.php(183): Illuminate\\View\\Middleware\\ShareErrorsFromSession->handle()
#22 /home/ouknik/Desktop/brahim_projects/j/j v2/jeunesscar/framework/vendor/laravel/framework/src/Illuminate/Session/Middleware/StartSession.php(121): Illuminate\\Pipeline\\Pipeline->Illuminate\\Pipeline\\{closure}()
#23 /home/ouknik/Desktop/brahim_projects/j/j v2/jeunesscar/framework/vendor/laravel/framework/src/Illuminate/Session/Middleware/StartSession.php(64): Illuminate\\Session\\Middleware\\StartSession->handleStatefulRequest()
#24 /home/ouknik/Desktop/brahim_projects/j/j v2/jeunesscar/framework/vendor/laravel/framework/src/Illuminate/Pipeline/Pipeline.php(183): Illuminate\\Session\\Middleware\\StartSession->handle()
#25 /home/ouknik/Desktop/brahim_projects/j/j v2/jeunesscar/framework/vendor/laravel/framework/src/Illuminate/Cookie/Middleware/AddQueuedCookiesToResponse.php(37): Illuminate\\Pipeline\\Pipeline->Illuminate\\Pipeline\\{closure}()
#26 /home/ouknik/Desktop/brahim_projects/j/j v2/jeunesscar/framework/vendor/laravel/framework/src/Illuminate/Pipeline/Pipeline.php(183): Illuminate\\Cookie\\Middleware\\AddQueuedCookiesToResponse->handle()
#27 /home/ouknik/Desktop/brahim_projects/j/j v2/jeunesscar/framework/vendor/laravel/framework/src/Illuminate/Cookie/Middleware/EncryptCookies.php(67): Illuminate\\Pipeline\\Pipeline->Illuminate\\Pipeline\\{closure}()
#28 /home/ouknik/Desktop/brahim_projects/j/j v2/jeunesscar/framework/vendor/laravel/framework/src/Illuminate/Pipeline/Pipeline.php(183): Illuminate\\Cookie\\Middleware\\EncryptCookies->handle()
#29 /home/ouknik/Desktop/brahim_projects/j/j v2/jeunesscar/framework/vendor/laravel/framework/src/Illuminate/Pipeline/Pipeline.php(119): Illuminate\\Pipeline\\Pipeline->Illuminate\\Pipeline\\{closure}()
#30 /home/ouknik/Desktop/brahim_projects/j/j v2/jeunesscar/framework/vendor/laravel/framework/src/Illuminate/Routing/Router.php(805): Illuminate\\Pipeline\\Pipeline->then()
#31 /home/ouknik/Desktop/brahim_projects/j/j v2/jeunesscar/framework/vendor/laravel/framework/src/Illuminate/Routing/Router.php(784): Illuminate\\Routing\\Router->runRouteWithinStack()
#32 /home/ouknik/Desktop/brahim_projects/j/j v2/jeunesscar/framework/vendor/laravel/framework/src/Illuminate/Routing/Router.php(748): Illuminate\\Routing\\Router->runRoute()
#33 /home/ouknik/Desktop/brahim_projects/j/j v2/jeunesscar/framework/vendor/laravel/framework/src/Illuminate/Routing/Router.php(737): Illuminate\\Routing\\Router->dispatchToRoute()
#34 /home/ouknik/Desktop/brahim_projects/j/j v2/jeunesscar/framework/vendor/laravel/framework/src/Illuminate/Foundation/Http/Kernel.php(200): Illuminate\\Routing\\Router->dispatch()
#35 /home/ouknik/Desktop/brahim_projects/j/j v2/jeunesscar/framework/vendor/laravel/framework/src/Illuminate/Pipeline/Pipeline.php(144): Illuminate\\Foundation\\Http\\Kernel->Illuminate\\Foundation\\Http\\{closure}()
#36 /home/ouknik/Desktop/brahim_projects/j/j v2/jeunesscar/framework/vendor/laravel/framework/src/Illuminate/Foundation/Http/Middleware/TransformsRequest.php(21): Illuminate\\Pipeline\\Pipeline->Illuminate\\Pipeline\\{closure}()
#37 /home/ouknik/Desktop/brahim_projects/j/j v2/jeunesscar/framework/vendor/laravel/framework/src/Illuminate/Foundation/Http/Middleware/ConvertEmptyStringsToNull.php(31): Illuminate\\Foundation\\Http\\Middleware\\TransformsRequest->handle()
#38 /home/ouknik/Desktop/brahim_projects/j/j v2/jeunesscar/framework/vendor/laravel/framework/src/Illuminate/Pipeline/Pipeline.php(183): Illuminate\\Foundation\\Http\\Middleware\\ConvertEmptyStringsToNull->handle()
#39 /home/ouknik/Desktop/brahim_projects/j/j v2/jeunesscar/framework/vendor/laravel/framework/src/Illuminate/Foundation/Http/Middleware/TransformsRequest.php(21): Illuminate\\Pipeline\\Pipeline->Illuminate\\Pipeline\\{closure}()
#40 /home/ouknik/Desktop/brahim_projects/j/j v2/jeunesscar/framework/vendor/laravel/framework/src/Illuminate/Foundation/Http/Middleware/TrimStrings.php(40): Illuminate\\Foundation\\Http\\Middleware\\TransformsRequest->handle()
#41 /home/ouknik/Desktop/brahim_projects/j/j v2/jeunesscar/framework/vendor/laravel/framework/src/Illuminate/Pipeline/Pipeline.php(183): Illuminate\\Foundation\\Http\\Middleware\\TrimStrings->handle()
#42 /home/ouknik/Desktop/brahim_projects/j/j v2/jeunesscar/framework/vendor/laravel/framework/src/Illuminate/Foundation/Http/Middleware/ValidatePostSize.php(27): Illuminate\\Pipeline\\Pipeline->Illuminate\\Pipeline\\{closure}()
#43 /home/ouknik/Desktop/brahim_projects/j/j v2/jeunesscar/framework/vendor/laravel/framework/src/Illuminate/Pipeline/Pipeline.php(183): Illuminate\\Foundation\\Http\\Middleware\\ValidatePostSize->handle()
#44 /home/ouknik/Desktop/brahim_projects/j/j v2/jeunesscar/framework/vendor/laravel/framework/src/Illuminate/Foundation/Http/Middleware/PreventRequestsDuringMaintenance.php(99): Illuminate\\Pipeline\\Pipeline->Illuminate\\Pipeline\\{closure}()
#45 /home/ouknik/Desktop/brahim_projects/j/j v2/jeunesscar/framework/vendor/laravel/framework/src/Illuminate/Pipeline/Pipeline.php(183): Illuminate\\Foundation\\Http\\Middleware\\PreventRequestsDuringMaintenance->handle()
#46 /home/ouknik/Desktop/brahim_projects/j/j v2/jeunesscar/framework/vendor/laravel/framework/src/Illuminate/Pipeline/Pipeline.php(119): Illuminate\\Pipeline\\Pipeline->Illuminate\\Pipeline\\{closure}()
#47 /home/ouknik/Desktop/brahim_projects/j/j v2/jeunesscar/framework/vendor/laravel/framework/src/Illuminate/Foundation/Http/Kernel.php(175): Illuminate\\Pipeline\\Pipeline->then()
#48 /home/ouknik/Desktop/brahim_projects/j/j v2/jeunesscar/framework/vendor/laravel/framework/src/Illuminate/Foundation/Http/Kernel.php(144): Illuminate\\Foundation\\Http\\Kernel->sendRequestThroughRouter()
#49 /home/ouknik/Desktop/brahim_projects/j/j v2/jeunesscar/index.php(13): Illuminate\\Foundation\\Http\\Kernel->handle()
#50 {main}

[previous exception] [object] (PDOException(code: 2002): SQLSTATE[HY000] [2002] Connection refused at /home/ouknik/Desktop/brahim_projects/j/j v2/jeunesscar/framework/vendor/laravel/framework/src/Illuminate/Database/Connectors/Connector.php:65)
[stacktrace]
#0 /home/ouknik/Desktop/brahim_projects/j/j v2/jeunesscar/framework/vendor/laravel/framework/src/Illuminate/Database/Connectors/Connector.php(65): PDO->__construct()
#1 /home/ouknik/Desktop/brahim_projects/j/j v2/jeunesscar/framework/vendor/laravel/framework/src/Illuminate/Database/Connectors/Connector.php(83): Illuminate\\Database\\Connectors\\Connector->createPdoConnection()
#2 /home/ouknik/Desktop/brahim_projects/j/j v2/jeunesscar/framework/vendor/laravel/framework/src/Illuminate/Database/Connectors/Connector.php(48): Illuminate\\Database\\Connectors\\Connector->tryAgainIfCausedByLostConnection()
#3 /home/ouknik/Desktop/brahim_projects/j/j v2/jeunesscar/framework/vendor/laravel/framework/src/Illuminate/Database/Connectors/MySqlConnector.php(24): Illuminate\\Database\\Connectors\\Connector->createConnection()
#4 /home/ouknik/Desktop/brahim_projects/j/j v2/jeunesscar/framework/vendor/laravel/framework/src/Illuminate/Database/Connectors/ConnectionFactory.php(184): Illuminate\\Database\\Connectors\\MySqlConnector->connect()
#5 [internal function]: Illuminate\\Database\\Connectors\\ConnectionFactory->Illuminate\\Database\\Connectors\\{closure}()
#6 /home/ouknik/Desktop/brahim_projects/j/j v2/jeunesscar/framework/vendor/laravel/framework/src/Illuminate/Database/Connection.php(1339): call_user_func()
#7 /home/ouknik/Desktop/brahim_projects/j/j v2/jeunesscar/framework/vendor/laravel/framework/src/Illuminate/Database/Connection.php(1375): Illuminate\\Database\\Connection->getPdo()
#8 /home/ouknik/Desktop/brahim_projects/j/j v2/jeunesscar/framework/vendor/laravel/framework/src/Illuminate/Database/Connection.php(528): Illuminate\\Database\\Connection->getReadPdo()
#9 /home/ouknik/Desktop/brahim_projects/j/j v2/jeunesscar/framework/vendor/laravel/framework/src/Illuminate/Database/Connection.php(423): Illuminate\\Database\\Connection->getPdoForSelect()
#10 /home/ouknik/Desktop/brahim_projects/j/j v2/jeunesscar/framework/vendor/laravel/framework/src/Illuminate/Database/Connection.php(816): Illuminate\\Database\\Connection->Illuminate\\Database\\{closure}()
#11 /home/ouknik/Desktop/brahim_projects/j/j v2/jeunesscar/framework/vendor/laravel/framework/src/Illuminate/Database/Connection.php(983): Illuminate\\Database\\Connection->runQueryCallback()
#12 /home/ouknik/Desktop/brahim_projects/j/j v2/jeunesscar/framework/vendor/laravel/framework/src/Illuminate/Database/Connection.php(962): Illuminate\\Database\\Connection->tryAgainIfCausedByLostConnection()
#13 /home/ouknik/Desktop/brahim_projects/j/j v2/jeunesscar/framework/vendor/laravel/framework/src/Illuminate/Database/Connection.php(785): Illuminate\\Database\\Connection->handleQueryException()
#14 /home/ouknik/Desktop/brahim_projects/j/j v2/jeunesscar/framework/vendor/laravel/framework/src/Illuminate/Database/Connection.php(414): Illuminate\\Database\\Connection->run()
#15 /home/ouknik/Desktop/brahim_projects/j/j v2/jeunesscar/framework/vendor/laravel/framework/src/Illuminate/Database/Query/Builder.php(2913): Illuminate\\Database\\Connection->select()
#16 /home/ouknik/Desktop/brahim_projects/j/j v2/jeunesscar/framework/vendor/laravel/framework/src/Illuminate/Database/Query/Builder.php(2902): Illuminate\\Database\\Query\\Builder->runSelect()
#17 /home/ouknik/Desktop/brahim_projects/j/j v2/jeunesscar/framework/vendor/laravel/framework/src/Illuminate/Database/Query/Builder.php(3456): Illuminate\\Database\\Query\\Builder->Illuminate\\Database\\Query\\{closure}()
#18 /home/ouknik/Desktop/brahim_projects/j/j v2/jeunesscar/framework/vendor/laravel/framework/src/Illuminate/Database/Query/Builder.php(2901): Illuminate\\Database\\Query\\Builder->onceWithColumns()
#19 /home/ouknik/Desktop/brahim_projects/j/j v2/jeunesscar/framework/vendor/laravel/framework/src/Illuminate/Database/Eloquent/Builder.php(739): Illuminate\\Database\\Query\\Builder->get()
#20 /home/ouknik/Desktop/brahim_projects/j/j v2/jeunesscar/framework/vendor/laravel/framework/src/Illuminate/Database/Eloquent/Builder.php(723): Illuminate\\Database\\Eloquent\\Builder->getModels()
#21 /home/ouknik/Desktop/brahim_projects/j/j v2/jeunesscar/framework/vendor/laravel/framework/src/Illuminate/Database/Concerns/BuildsQueries.php(333): Illuminate\\Database\\Eloquent\\Builder->get()
#22 /home/ouknik/Desktop/brahim_projects/j/j v2/jeunesscar/framework/vendor/laravel/framework/src/Illuminate/Auth/EloquentUserProvider.php(75): Illuminate\\Database\\Eloquent\\Builder->first()
#23 /home/ouknik/Desktop/brahim_projects/j/j v2/jeunesscar/framework/vendor/laravel/framework/src/Illuminate/Auth/SessionGuard.php(196): Illuminate\\Auth\\EloquentUserProvider->retrieveByToken()
#24 /home/ouknik/Desktop/brahim_projects/j/j v2/jeunesscar/framework/vendor/laravel/framework/src/Illuminate/Auth/SessionGuard.php(167): Illuminate\\Auth\\SessionGuard->userFromRecaller()
#25 /home/ouknik/Desktop/brahim_projects/j/j v2/jeunesscar/framework/vendor/laravel/framework/src/Illuminate/Auth/GuardHelpers.php(56): Illuminate\\Auth\\SessionGuard->user()
#26 /home/ouknik/Desktop/brahim_projects/j/j v2/jeunesscar/framework/vendor/laravel/framework/src/Illuminate/Auth/Middleware/Authenticate.php(76): Illuminate\\Auth\\SessionGuard->check()
#27 /home/ouknik/Desktop/brahim_projects/j/j v2/jeunesscar/framework/vendor/laravel/framework/src/Illuminate/Auth/Middleware/Authenticate.php(55): Illuminate\\Auth\\Middleware\\Authenticate->authenticate()
#28 /home/ouknik/Desktop/brahim_projects/j/j v2/jeunesscar/framework/vendor/laravel/framework/src/Illuminate/Pipeline/Pipeline.php(183): Illuminate\\Auth\\Middleware\\Authenticate->handle()
#29 /home/ouknik/Desktop/brahim_projects/j/j v2/jeunesscar/framework/vendor/laravel/framework/src/Illuminate/Foundation/Http/Middleware/VerifyCsrfToken.php(78): Illuminate\\Pipeline\\Pipeline->Illuminate\\Pipeline\\{closure}()
#30 /home/ouknik/Desktop/brahim_projects/j/j v2/jeunesscar/framework/vendor/laravel/framework/src/Illuminate/Pipeline/Pipeline.php(183): Illuminate\\Foundation\\Http\\Middleware\\VerifyCsrfToken->handle()
#31 /home/ouknik/Desktop/brahim_projects/j/j v2/jeunesscar/framework/vendor/laravel/framework/src/Illuminate/View/Middleware/ShareErrorsFromSession.php(49): Illuminate\\Pipeline\\Pipeline->Illuminate\\Pipeline\\{closure}()
#32 /home/ouknik/Desktop/brahim_projects/j/j v2/jeunesscar/framework/vendor/laravel/framework/src/Illuminate/Pipeline/Pipeline.php(183): Illuminate\\View\\Middleware\\ShareErrorsFromSession->handle()
#33 /home/ouknik/Desktop/brahim_projects/j/j v2/jeunesscar/framework/vendor/laravel/framework/src/Illuminate/Session/Middleware/StartSession.php(121): Illuminate\\Pipeline\\Pipeline->Illuminate\\Pipeline\\{closure}()
#34 /home/ouknik/Desktop/brahim_projects/j/j v2/jeunesscar/framework/vendor/laravel/framework/src/Illuminate/Session/Middleware/StartSession.php(64): Illuminate\\Session\\Middleware\\StartSession->handleStatefulRequest()
#35 /home/ouknik/Desktop/brahim_projects/j/j v2/jeunesscar/framework/vendor/laravel/framework/src/Illuminate/Pipeline/Pipeline.php(183): Illuminate\\Session\\Middleware\\StartSession->handle()
#36 /home/ouknik/Desktop/brahim_projects/j/j v2/jeunesscar/framework/vendor/laravel/framework/src/Illuminate/Cookie/Middleware/AddQueuedCookiesToResponse.php(37): Illuminate\\Pipeline\\Pipeline->Illuminate\\Pipeline\\{closure}()
#37 /home/ouknik/Desktop/brahim_projects/j/j v2/jeunesscar/framework/vendor/laravel/framework/src/Illuminate/Pipeline/Pipeline.php(183): Illuminate\\Cookie\\Middleware\\AddQueuedCookiesToResponse->handle()
#38 /home/ouknik/Desktop/brahim_projects/j/j v2/jeunesscar/framework/vendor/laravel/framework/src/Illuminate/Cookie/Middleware/EncryptCookies.php(67): Illuminate\\Pipeline\\Pipeline->Illuminate\\Pipeline\\{closure}()
#39 /home/ouknik/Desktop/brahim_projects/j/j v2/jeunesscar/framework/vendor/laravel/framework/src/Illuminate/Pipeline/Pipeline.php(183): Illuminate\\Cookie\\Middleware\\EncryptCookies->handle()
#40 /home/ouknik/Desktop/brahim_projects/j/j v2/jeunesscar/framework/vendor/laravel/framework/src/Illuminate/Pipeline/Pipeline.php(119): Illuminate\\Pipeline\\Pipeline->Illuminate\\Pipeline\\{closure}()
#41 /home/ouknik/Desktop/brahim_projects/j/j v2/jeunesscar/framework/vendor/laravel/framework/src/Illuminate/Routing/Router.php(805): Illuminate\\Pipeline\\Pipeline->then()
#42 /home/ouknik/Desktop/brahim_projects/j/j v2/jeunesscar/framework/vendor/laravel/framework/src/Illuminate/Routing/Router.php(784): Illuminate\\Routing\\Router->runRouteWithinStack()
#43 /home/ouknik/Desktop/brahim_projects/j/j v2/jeunesscar/framework/vendor/laravel/framework/src/Illuminate/Routing/Router.php(748): Illuminate\\Routing\\Router->runRoute()
#44 /home/ouknik/Desktop/brahim_projects/j/j v2/jeunesscar/framework/vendor/laravel/framework/src/Illuminate/Routing/Router.php(737): Illuminate\\Routing\\Router->dispatchToRoute()
#45 /home/ouknik/Desktop/brahim_projects/j/j v2/jeunesscar/framework/vendor/laravel/framework/src/Illuminate/Foundation/Http/Kernel.php(200): Illuminate\\Routing\\Router->dispatch()
#46 /home/ouknik/Desktop/brahim_projects/j/j v2/jeunesscar/framework/vendor/laravel/framework/src/Illuminate/Pipeline/Pipeline.php(144): Illuminate\\Foundation\\Http\\Kernel->Illuminate\\Foundation\\Http\\{closure}()
#47 /home/ouknik/Desktop/brahim_projects/j/j v2/jeunesscar/framework/vendor/laravel/framework/src/Illuminate/Foundation/Http/Middleware/TransformsRequest.php(21): Illuminate\\Pipeline\\Pipeline->Illuminate\\Pipeline\\{closure}()
#48 /home/ouknik/Desktop/brahim_projects/j/j v2/jeunesscar/framework/vendor/laravel/framework/src/Illuminate/Foundation/Http/Middleware/ConvertEmptyStringsToNull.php(31): Illuminate\\Foundation\\Http\\Middleware\\TransformsRequest->handle()
#49 /home/ouknik/Desktop/brahim_projects/j/j v2/jeunesscar/framework/vendor/laravel/framework/src/Illuminate/Pipeline/Pipeline.php(183): Illuminate\\Foundation\\Http\\Middleware\\ConvertEmptyStringsToNull->handle()
#50 /home/ouknik/Desktop/brahim_projects/j/j v2/jeunesscar/framework/vendor/laravel/framework/src/Illuminate/Foundation/Http/Middleware/TransformsRequest.php(21): Illuminate\\Pipeline\\Pipeline->Illuminate\\Pipeline\\{closure}()
#51 /home/ouknik/Desktop/brahim_projects/j/j v2/jeunesscar/framework/vendor/laravel/framework/src/Illuminate/Foundation/Http/Middleware/TrimStrings.php(40): Illuminate\\Foundation\\Http\\Middleware\\TransformsRequest->handle()
#52 /home/ouknik/Desktop/brahim_projects/j/j v2/jeunesscar/framework/vendor/laravel/framework/src/Illuminate/Pipeline/Pipeline.php(183): Illuminate\\Foundation\\Http\\Middleware\\TrimStrings->handle()
#53 /home/ouknik/Desktop/brahim_projects/j/j v2/jeunesscar/framework/vendor/laravel/framework/src/Illuminate/Foundation/Http/Middleware/ValidatePostSize.php(27): Illuminate\\Pipeline\\Pipeline->Illuminate\\Pipeline\\{closure}()
#54 /home/ouknik/Desktop/brahim_projects/j/j v2/jeunesscar/framework/vendor/laravel/framework/src/Illuminate/Pipeline/Pipeline.php(183): Illuminate\\Foundation\\Http\\Middleware\\ValidatePostSize->handle()
#55 /home/ouknik/Desktop/brahim_projects/j/j v2/jeunesscar/framework/vendor/laravel/framework/src/Illuminate/Foundation/Http/Middleware/PreventRequestsDuringMaintenance.php(99): Illuminate\\Pipeline\\Pipeline->Illuminate\\Pipeline\\{closure}()
#56 /home/ouknik/Desktop/brahim_projects/j/j v2/jeunesscar/framework/vendor/laravel/framework/src/Illuminate/Pipeline/Pipeline.php(183): Illuminate\\Foundation\\Http\\Middleware\\PreventRequestsDuringMaintenance->handle()
#57 /home/ouknik/Desktop/brahim_projects/j/j v2/jeunesscar/framework/vendor/laravel/framework/src/Illuminate/Pipeline/Pipeline.php(119): Illuminate\\Pipeline\\Pipeline->Illuminate\\Pipeline\\{closure}()
#58 /home/ouknik/Desktop/brahim_projects/j/j v2/jeunesscar/framework/vendor/laravel/framework/src/Illuminate/Foundation/Http/Kernel.php(175): Illuminate\\Pipeline\\Pipeline->then()
#59 /home/ouknik/Desktop/brahim_projects/j/j v2/jeunesscar/framework/vendor/laravel/framework/src/Illuminate/Foundation/Http/Kernel.php(144): Illuminate\\Foundation\\Http\\Kernel->sendRequestThroughRouter()
#60 /home/ouknik/Desktop/brahim_projects/j/j v2/jeunesscar/index.php(13): Illuminate\\Foundation\\Http\\Kernel->handle()
#61 {main}
"} 
[2025-05-15 21:09:10] local.ERROR: SQLSTATE[HY000] [2002] Connection refused (Connection: mysql, SQL: select * from `users` where `id` = 1 and `users`.`deleted_at` is null limit 1) {"exception":"[object] (Illuminate\\Database\\QueryException(code: 2002): SQLSTATE[HY000] [2002] Connection refused (Connection: mysql, SQL: select * from `users` where `id` = 1 and `users`.`deleted_at` is null limit 1) at /home/ouknik/Desktop/brahim_projects/j/j v2/jeunesscar/framework/vendor/laravel/framework/src/Illuminate/Database/Connection.php:829)
[stacktrace]
#0 /home/ouknik/Desktop/brahim_projects/j/j v2/jeunesscar/framework/vendor/laravel/framework/src/Illuminate/Database/Connection.php(983): Illuminate\\Database\\Connection->runQueryCallback()
#1 /home/ouknik/Desktop/brahim_projects/j/j v2/jeunesscar/framework/vendor/laravel/framework/src/Illuminate/Database/Connection.php(962): Illuminate\\Database\\Connection->tryAgainIfCausedByLostConnection()
#2 /home/ouknik/Desktop/brahim_projects/j/j v2/jeunesscar/framework/vendor/laravel/framework/src/Illuminate/Database/Connection.php(785): Illuminate\\Database\\Connection->handleQueryException()
#3 /home/ouknik/Desktop/brahim_projects/j/j v2/jeunesscar/framework/vendor/laravel/framework/src/Illuminate/Database/Connection.php(414): Illuminate\\Database\\Connection->run()
#4 /home/ouknik/Desktop/brahim_projects/j/j v2/jeunesscar/framework/vendor/laravel/framework/src/Illuminate/Database/Query/Builder.php(2913): Illuminate\\Database\\Connection->select()
#5 /home/ouknik/Desktop/brahim_projects/j/j v2/jeunesscar/framework/vendor/laravel/framework/src/Illuminate/Database/Query/Builder.php(2902): Illuminate\\Database\\Query\\Builder->runSelect()
#6 /home/ouknik/Desktop/brahim_projects/j/j v2/jeunesscar/framework/vendor/laravel/framework/src/Illuminate/Database/Query/Builder.php(3456): Illuminate\\Database\\Query\\Builder->Illuminate\\Database\\Query\\{closure}()
#7 /home/ouknik/Desktop/brahim_projects/j/j v2/jeunesscar/framework/vendor/laravel/framework/src/Illuminate/Database/Query/Builder.php(2901): Illuminate\\Database\\Query\\Builder->onceWithColumns()
#8 /home/ouknik/Desktop/brahim_projects/j/j v2/jeunesscar/framework/vendor/laravel/framework/src/Illuminate/Database/Eloquent/Builder.php(739): Illuminate\\Database\\Query\\Builder->get()
#9 /home/ouknik/Desktop/brahim_projects/j/j v2/jeunesscar/framework/vendor/laravel/framework/src/Illuminate/Database/Eloquent/Builder.php(723): Illuminate\\Database\\Eloquent\\Builder->getModels()
#10 /home/ouknik/Desktop/brahim_projects/j/j v2/jeunesscar/framework/vendor/laravel/framework/src/Illuminate/Database/Concerns/BuildsQueries.php(333): Illuminate\\Database\\Eloquent\\Builder->get()
#11 /home/ouknik/Desktop/brahim_projects/j/j v2/jeunesscar/framework/vendor/laravel/framework/src/Illuminate/Auth/EloquentUserProvider.php(75): Illuminate\\Database\\Eloquent\\Builder->first()
#12 /home/ouknik/Desktop/brahim_projects/j/j v2/jeunesscar/framework/vendor/laravel/framework/src/Illuminate/Auth/SessionGuard.php(196): Illuminate\\Auth\\EloquentUserProvider->retrieveByToken()
#13 /home/ouknik/Desktop/brahim_projects/j/j v2/jeunesscar/framework/vendor/laravel/framework/src/Illuminate/Auth/SessionGuard.php(167): Illuminate\\Auth\\SessionGuard->userFromRecaller()
#14 /home/ouknik/Desktop/brahim_projects/j/j v2/jeunesscar/framework/vendor/laravel/framework/src/Illuminate/Auth/GuardHelpers.php(56): Illuminate\\Auth\\SessionGuard->user()
#15 /home/ouknik/Desktop/brahim_projects/j/j v2/jeunesscar/framework/vendor/laravel/framework/src/Illuminate/Auth/Middleware/Authenticate.php(76): Illuminate\\Auth\\SessionGuard->check()
#16 /home/ouknik/Desktop/brahim_projects/j/j v2/jeunesscar/framework/vendor/laravel/framework/src/Illuminate/Auth/Middleware/Authenticate.php(55): Illuminate\\Auth\\Middleware\\Authenticate->authenticate()
#17 /home/ouknik/Desktop/brahim_projects/j/j v2/jeunesscar/framework/vendor/laravel/framework/src/Illuminate/Pipeline/Pipeline.php(183): Illuminate\\Auth\\Middleware\\Authenticate->handle()
#18 /home/ouknik/Desktop/brahim_projects/j/j v2/jeunesscar/framework/vendor/laravel/framework/src/Illuminate/Foundation/Http/Middleware/VerifyCsrfToken.php(78): Illuminate\\Pipeline\\Pipeline->Illuminate\\Pipeline\\{closure}()
#19 /home/ouknik/Desktop/brahim_projects/j/j v2/jeunesscar/framework/vendor/laravel/framework/src/Illuminate/Pipeline/Pipeline.php(183): Illuminate\\Foundation\\Http\\Middleware\\VerifyCsrfToken->handle()
#20 /home/ouknik/Desktop/brahim_projects/j/j v2/jeunesscar/framework/vendor/laravel/framework/src/Illuminate/View/Middleware/ShareErrorsFromSession.php(49): Illuminate\\Pipeline\\Pipeline->Illuminate\\Pipeline\\{closure}()
#21 /home/ouknik/Desktop/brahim_projects/j/j v2/jeunesscar/framework/vendor/laravel/framework/src/Illuminate/Pipeline/Pipeline.php(183): Illuminate\\View\\Middleware\\ShareErrorsFromSession->handle()
#22 /home/ouknik/Desktop/brahim_projects/j/j v2/jeunesscar/framework/vendor/laravel/framework/src/Illuminate/Session/Middleware/StartSession.php(121): Illuminate\\Pipeline\\Pipeline->Illuminate\\Pipeline\\{closure}()
#23 /home/ouknik/Desktop/brahim_projects/j/j v2/jeunesscar/framework/vendor/laravel/framework/src/Illuminate/Session/Middleware/StartSession.php(64): Illuminate\\Session\\Middleware\\StartSession->handleStatefulRequest()
#24 /home/ouknik/Desktop/brahim_projects/j/j v2/jeunesscar/framework/vendor/laravel/framework/src/Illuminate/Pipeline/Pipeline.php(183): Illuminate\\Session\\Middleware\\StartSession->handle()
#25 /home/ouknik/Desktop/brahim_projects/j/j v2/jeunesscar/framework/vendor/laravel/framework/src/Illuminate/Cookie/Middleware/AddQueuedCookiesToResponse.php(37): Illuminate\\Pipeline\\Pipeline->Illuminate\\Pipeline\\{closure}()
#26 /home/ouknik/Desktop/brahim_projects/j/j v2/jeunesscar/framework/vendor/laravel/framework/src/Illuminate/Pipeline/Pipeline.php(183): Illuminate\\Cookie\\Middleware\\AddQueuedCookiesToResponse->handle()
#27 /home/ouknik/Desktop/brahim_projects/j/j v2/jeunesscar/framework/vendor/laravel/framework/src/Illuminate/Cookie/Middleware/EncryptCookies.php(67): Illuminate\\Pipeline\\Pipeline->Illuminate\\Pipeline\\{closure}()
#28 /home/ouknik/Desktop/brahim_projects/j/j v2/jeunesscar/framework/vendor/laravel/framework/src/Illuminate/Pipeline/Pipeline.php(183): Illuminate\\Cookie\\Middleware\\EncryptCookies->handle()
#29 /home/ouknik/Desktop/brahim_projects/j/j v2/jeunesscar/framework/vendor/laravel/framework/src/Illuminate/Pipeline/Pipeline.php(119): Illuminate\\Pipeline\\Pipeline->Illuminate\\Pipeline\\{closure}()
#30 /home/ouknik/Desktop/brahim_projects/j/j v2/jeunesscar/framework/vendor/laravel/framework/src/Illuminate/Routing/Router.php(805): Illuminate\\Pipeline\\Pipeline->then()
#31 /home/ouknik/Desktop/brahim_projects/j/j v2/jeunesscar/framework/vendor/laravel/framework/src/Illuminate/Routing/Router.php(784): Illuminate\\Routing\\Router->runRouteWithinStack()
#32 /home/ouknik/Desktop/brahim_projects/j/j v2/jeunesscar/framework/vendor/laravel/framework/src/Illuminate/Routing/Router.php(748): Illuminate\\Routing\\Router->runRoute()
#33 /home/ouknik/Desktop/brahim_projects/j/j v2/jeunesscar/framework/vendor/laravel/framework/src/Illuminate/Routing/Router.php(737): Illuminate\\Routing\\Router->dispatchToRoute()
#34 /home/ouknik/Desktop/brahim_projects/j/j v2/jeunesscar/framework/vendor/laravel/framework/src/Illuminate/Foundation/Http/Kernel.php(200): Illuminate\\Routing\\Router->dispatch()
#35 /home/ouknik/Desktop/brahim_projects/j/j v2/jeunesscar/framework/vendor/laravel/framework/src/Illuminate/Pipeline/Pipeline.php(144): Illuminate\\Foundation\\Http\\Kernel->Illuminate\\Foundation\\Http\\{closure}()
#36 /home/ouknik/Desktop/brahim_projects/j/j v2/jeunesscar/framework/vendor/laravel/framework/src/Illuminate/Foundation/Http/Middleware/TransformsRequest.php(21): Illuminate\\Pipeline\\Pipeline->Illuminate\\Pipeline\\{closure}()
#37 /home/ouknik/Desktop/brahim_projects/j/j v2/jeunesscar/framework/vendor/laravel/framework/src/Illuminate/Foundation/Http/Middleware/ConvertEmptyStringsToNull.php(31): Illuminate\\Foundation\\Http\\Middleware\\TransformsRequest->handle()
#38 /home/ouknik/Desktop/brahim_projects/j/j v2/jeunesscar/framework/vendor/laravel/framework/src/Illuminate/Pipeline/Pipeline.php(183): Illuminate\\Foundation\\Http\\Middleware\\ConvertEmptyStringsToNull->handle()
#39 /home/ouknik/Desktop/brahim_projects/j/j v2/jeunesscar/framework/vendor/laravel/framework/src/Illuminate/Foundation/Http/Middleware/TransformsRequest.php(21): Illuminate\\Pipeline\\Pipeline->Illuminate\\Pipeline\\{closure}()
#40 /home/ouknik/Desktop/brahim_projects/j/j v2/jeunesscar/framework/vendor/laravel/framework/src/Illuminate/Foundation/Http/Middleware/TrimStrings.php(40): Illuminate\\Foundation\\Http\\Middleware\\TransformsRequest->handle()
#41 /home/ouknik/Desktop/brahim_projects/j/j v2/jeunesscar/framework/vendor/laravel/framework/src/Illuminate/Pipeline/Pipeline.php(183): Illuminate\\Foundation\\Http\\Middleware\\TrimStrings->handle()
#42 /home/ouknik/Desktop/brahim_projects/j/j v2/jeunesscar/framework/vendor/laravel/framework/src/Illuminate/Foundation/Http/Middleware/ValidatePostSize.php(27): Illuminate\\Pipeline\\Pipeline->Illuminate\\Pipeline\\{closure}()
#43 /home/ouknik/Desktop/brahim_projects/j/j v2/jeunesscar/framework/vendor/laravel/framework/src/Illuminate/Pipeline/Pipeline.php(183): Illuminate\\Foundation\\Http\\Middleware\\ValidatePostSize->handle()
#44 /home/ouknik/Desktop/brahim_projects/j/j v2/jeunesscar/framework/vendor/laravel/framework/src/Illuminate/Foundation/Http/Middleware/PreventRequestsDuringMaintenance.php(99): Illuminate\\Pipeline\\Pipeline->Illuminate\\Pipeline\\{closure}()
#45 /home/ouknik/Desktop/brahim_projects/j/j v2/jeunesscar/framework/vendor/laravel/framework/src/Illuminate/Pipeline/Pipeline.php(183): Illuminate\\Foundation\\Http\\Middleware\\PreventRequestsDuringMaintenance->handle()
#46 /home/ouknik/Desktop/brahim_projects/j/j v2/jeunesscar/framework/vendor/laravel/framework/src/Illuminate/Pipeline/Pipeline.php(119): Illuminate\\Pipeline\\Pipeline->Illuminate\\Pipeline\\{closure}()
#47 /home/ouknik/Desktop/brahim_projects/j/j v2/jeunesscar/framework/vendor/laravel/framework/src/Illuminate/Foundation/Http/Kernel.php(175): Illuminate\\Pipeline\\Pipeline->then()
#48 /home/ouknik/Desktop/brahim_projects/j/j v2/jeunesscar/framework/vendor/laravel/framework/src/Illuminate/Foundation/Http/Kernel.php(144): Illuminate\\Foundation\\Http\\Kernel->sendRequestThroughRouter()
#49 /home/ouknik/Desktop/brahim_projects/j/j v2/jeunesscar/index.php(13): Illuminate\\Foundation\\Http\\Kernel->handle()
#50 {main}

[previous exception] [object] (PDOException(code: 2002): SQLSTATE[HY000] [2002] Connection refused at /home/ouknik/Desktop/brahim_projects/j/j v2/jeunesscar/framework/vendor/laravel/framework/src/Illuminate/Database/Connectors/Connector.php:65)
[stacktrace]
#0 /home/ouknik/Desktop/brahim_projects/j/j v2/jeunesscar/framework/vendor/laravel/framework/src/Illuminate/Database/Connectors/Connector.php(65): PDO->__construct()
#1 /home/ouknik/Desktop/brahim_projects/j/j v2/jeunesscar/framework/vendor/laravel/framework/src/Illuminate/Database/Connectors/Connector.php(83): Illuminate\\Database\\Connectors\\Connector->createPdoConnection()
#2 /home/ouknik/Desktop/brahim_projects/j/j v2/jeunesscar/framework/vendor/laravel/framework/src/Illuminate/Database/Connectors/Connector.php(48): Illuminate\\Database\\Connectors\\Connector->tryAgainIfCausedByLostConnection()
#3 /home/ouknik/Desktop/brahim_projects/j/j v2/jeunesscar/framework/vendor/laravel/framework/src/Illuminate/Database/Connectors/MySqlConnector.php(24): Illuminate\\Database\\Connectors\\Connector->createConnection()
#4 /home/ouknik/Desktop/brahim_projects/j/j v2/jeunesscar/framework/vendor/laravel/framework/src/Illuminate/Database/Connectors/ConnectionFactory.php(184): Illuminate\\Database\\Connectors\\MySqlConnector->connect()
#5 [internal function]: Illuminate\\Database\\Connectors\\ConnectionFactory->Illuminate\\Database\\Connectors\\{closure}()
#6 /home/ouknik/Desktop/brahim_projects/j/j v2/jeunesscar/framework/vendor/laravel/framework/src/Illuminate/Database/Connection.php(1339): call_user_func()
#7 /home/ouknik/Desktop/brahim_projects/j/j v2/jeunesscar/framework/vendor/laravel/framework/src/Illuminate/Database/Connection.php(1375): Illuminate\\Database\\Connection->getPdo()
#8 /home/ouknik/Desktop/brahim_projects/j/j v2/jeunesscar/framework/vendor/laravel/framework/src/Illuminate/Database/Connection.php(528): Illuminate\\Database\\Connection->getReadPdo()
#9 /home/ouknik/Desktop/brahim_projects/j/j v2/jeunesscar/framework/vendor/laravel/framework/src/Illuminate/Database/Connection.php(423): Illuminate\\Database\\Connection->getPdoForSelect()
#10 /home/ouknik/Desktop/brahim_projects/j/j v2/jeunesscar/framework/vendor/laravel/framework/src/Illuminate/Database/Connection.php(816): Illuminate\\Database\\Connection->Illuminate\\Database\\{closure}()
#11 /home/ouknik/Desktop/brahim_projects/j/j v2/jeunesscar/framework/vendor/laravel/framework/src/Illuminate/Database/Connection.php(983): Illuminate\\Database\\Connection->runQueryCallback()
#12 /home/ouknik/Desktop/brahim_projects/j/j v2/jeunesscar/framework/vendor/laravel/framework/src/Illuminate/Database/Connection.php(962): Illuminate\\Database\\Connection->tryAgainIfCausedByLostConnection()
#13 /home/ouknik/Desktop/brahim_projects/j/j v2/jeunesscar/framework/vendor/laravel/framework/src/Illuminate/Database/Connection.php(785): Illuminate\\Database\\Connection->handleQueryException()
#14 /home/ouknik/Desktop/brahim_projects/j/j v2/jeunesscar/framework/vendor/laravel/framework/src/Illuminate/Database/Connection.php(414): Illuminate\\Database\\Connection->run()
#15 /home/ouknik/Desktop/brahim_projects/j/j v2/jeunesscar/framework/vendor/laravel/framework/src/Illuminate/Database/Query/Builder.php(2913): Illuminate\\Database\\Connection->select()
#16 /home/ouknik/Desktop/brahim_projects/j/j v2/jeunesscar/framework/vendor/laravel/framework/src/Illuminate/Database/Query/Builder.php(2902): Illuminate\\Database\\Query\\Builder->runSelect()
#17 /home/ouknik/Desktop/brahim_projects/j/j v2/jeunesscar/framework/vendor/laravel/framework/src/Illuminate/Database/Query/Builder.php(3456): Illuminate\\Database\\Query\\Builder->Illuminate\\Database\\Query\\{closure}()
#18 /home/ouknik/Desktop/brahim_projects/j/j v2/jeunesscar/framework/vendor/laravel/framework/src/Illuminate/Database/Query/Builder.php(2901): Illuminate\\Database\\Query\\Builder->onceWithColumns()
#19 /home/ouknik/Desktop/brahim_projects/j/j v2/jeunesscar/framework/vendor/laravel/framework/src/Illuminate/Database/Eloquent/Builder.php(739): Illuminate\\Database\\Query\\Builder->get()
#20 /home/ouknik/Desktop/brahim_projects/j/j v2/jeunesscar/framework/vendor/laravel/framework/src/Illuminate/Database/Eloquent/Builder.php(723): Illuminate\\Database\\Eloquent\\Builder->getModels()
#21 /home/ouknik/Desktop/brahim_projects/j/j v2/jeunesscar/framework/vendor/laravel/framework/src/Illuminate/Database/Concerns/BuildsQueries.php(333): Illuminate\\Database\\Eloquent\\Builder->get()
#22 /home/ouknik/Desktop/brahim_projects/j/j v2/jeunesscar/framework/vendor/laravel/framework/src/Illuminate/Auth/EloquentUserProvider.php(75): Illuminate\\Database\\Eloquent\\Builder->first()
#23 /home/ouknik/Desktop/brahim_projects/j/j v2/jeunesscar/framework/vendor/laravel/framework/src/Illuminate/Auth/SessionGuard.php(196): Illuminate\\Auth\\EloquentUserProvider->retrieveByToken()
#24 /home/ouknik/Desktop/brahim_projects/j/j v2/jeunesscar/framework/vendor/laravel/framework/src/Illuminate/Auth/SessionGuard.php(167): Illuminate\\Auth\\SessionGuard->userFromRecaller()
#25 /home/ouknik/Desktop/brahim_projects/j/j v2/jeunesscar/framework/vendor/laravel/framework/src/Illuminate/Auth/GuardHelpers.php(56): Illuminate\\Auth\\SessionGuard->user()
#26 /home/ouknik/Desktop/brahim_projects/j/j v2/jeunesscar/framework/vendor/laravel/framework/src/Illuminate/Auth/Middleware/Authenticate.php(76): Illuminate\\Auth\\SessionGuard->check()
#27 /home/ouknik/Desktop/brahim_projects/j/j v2/jeunesscar/framework/vendor/laravel/framework/src/Illuminate/Auth/Middleware/Authenticate.php(55): Illuminate\\Auth\\Middleware\\Authenticate->authenticate()
#28 /home/ouknik/Desktop/brahim_projects/j/j v2/jeunesscar/framework/vendor/laravel/framework/src/Illuminate/Pipeline/Pipeline.php(183): Illuminate\\Auth\\Middleware\\Authenticate->handle()
#29 /home/ouknik/Desktop/brahim_projects/j/j v2/jeunesscar/framework/vendor/laravel/framework/src/Illuminate/Foundation/Http/Middleware/VerifyCsrfToken.php(78): Illuminate\\Pipeline\\Pipeline->Illuminate\\Pipeline\\{closure}()
#30 /home/ouknik/Desktop/brahim_projects/j/j v2/jeunesscar/framework/vendor/laravel/framework/src/Illuminate/Pipeline/Pipeline.php(183): Illuminate\\Foundation\\Http\\Middleware\\VerifyCsrfToken->handle()
#31 /home/ouknik/Desktop/brahim_projects/j/j v2/jeunesscar/framework/vendor/laravel/framework/src/Illuminate/View/Middleware/ShareErrorsFromSession.php(49): Illuminate\\Pipeline\\Pipeline->Illuminate\\Pipeline\\{closure}()
#32 /home/ouknik/Desktop/brahim_projects/j/j v2/jeunesscar/framework/vendor/laravel/framework/src/Illuminate/Pipeline/Pipeline.php(183): Illuminate\\View\\Middleware\\ShareErrorsFromSession->handle()
#33 /home/ouknik/Desktop/brahim_projects/j/j v2/jeunesscar/framework/vendor/laravel/framework/src/Illuminate/Session/Middleware/StartSession.php(121): Illuminate\\Pipeline\\Pipeline->Illuminate\\Pipeline\\{closure}()
#34 /home/ouknik/Desktop/brahim_projects/j/j v2/jeunesscar/framework/vendor/laravel/framework/src/Illuminate/Session/Middleware/StartSession.php(64): Illuminate\\Session\\Middleware\\StartSession->handleStatefulRequest()
#35 /home/ouknik/Desktop/brahim_projects/j/j v2/jeunesscar/framework/vendor/laravel/framework/src/Illuminate/Pipeline/Pipeline.php(183): Illuminate\\Session\\Middleware\\StartSession->handle()
#36 /home/ouknik/Desktop/brahim_projects/j/j v2/jeunesscar/framework/vendor/laravel/framework/src/Illuminate/Cookie/Middleware/AddQueuedCookiesToResponse.php(37): Illuminate\\Pipeline\\Pipeline->Illuminate\\Pipeline\\{closure}()
#37 /home/ouknik/Desktop/brahim_projects/j/j v2/jeunesscar/framework/vendor/laravel/framework/src/Illuminate/Pipeline/Pipeline.php(183): Illuminate\\Cookie\\Middleware\\AddQueuedCookiesToResponse->handle()
#38 /home/ouknik/Desktop/brahim_projects/j/j v2/jeunesscar/framework/vendor/laravel/framework/src/Illuminate/Cookie/Middleware/EncryptCookies.php(67): Illuminate\\Pipeline\\Pipeline->Illuminate\\Pipeline\\{closure}()
#39 /home/ouknik/Desktop/brahim_projects/j/j v2/jeunesscar/framework/vendor/laravel/framework/src/Illuminate/Pipeline/Pipeline.php(183): Illuminate\\Cookie\\Middleware\\EncryptCookies->handle()
#40 /home/ouknik/Desktop/brahim_projects/j/j v2/jeunesscar/framework/vendor/laravel/framework/src/Illuminate/Pipeline/Pipeline.php(119): Illuminate\\Pipeline\\Pipeline->Illuminate\\Pipeline\\{closure}()
#41 /home/ouknik/Desktop/brahim_projects/j/j v2/jeunesscar/framework/vendor/laravel/framework/src/Illuminate/Routing/Router.php(805): Illuminate\\Pipeline\\Pipeline->then()
#42 /home/ouknik/Desktop/brahim_projects/j/j v2/jeunesscar/framework/vendor/laravel/framework/src/Illuminate/Routing/Router.php(784): Illuminate\\Routing\\Router->runRouteWithinStack()
#43 /home/ouknik/Desktop/brahim_projects/j/j v2/jeunesscar/framework/vendor/laravel/framework/src/Illuminate/Routing/Router.php(748): Illuminate\\Routing\\Router->runRoute()
#44 /home/ouknik/Desktop/brahim_projects/j/j v2/jeunesscar/framework/vendor/laravel/framework/src/Illuminate/Routing/Router.php(737): Illuminate\\Routing\\Router->dispatchToRoute()
#45 /home/ouknik/Desktop/brahim_projects/j/j v2/jeunesscar/framework/vendor/laravel/framework/src/Illuminate/Foundation/Http/Kernel.php(200): Illuminate\\Routing\\Router->dispatch()
#46 /home/ouknik/Desktop/brahim_projects/j/j v2/jeunesscar/framework/vendor/laravel/framework/src/Illuminate/Pipeline/Pipeline.php(144): Illuminate\\Foundation\\Http\\Kernel->Illuminate\\Foundation\\Http\\{closure}()
#47 /home/ouknik/Desktop/brahim_projects/j/j v2/jeunesscar/framework/vendor/laravel/framework/src/Illuminate/Foundation/Http/Middleware/TransformsRequest.php(21): Illuminate\\Pipeline\\Pipeline->Illuminate\\Pipeline\\{closure}()
#48 /home/ouknik/Desktop/brahim_projects/j/j v2/jeunesscar/framework/vendor/laravel/framework/src/Illuminate/Foundation/Http/Middleware/ConvertEmptyStringsToNull.php(31): Illuminate\\Foundation\\Http\\Middleware\\TransformsRequest->handle()
#49 /home/ouknik/Desktop/brahim_projects/j/j v2/jeunesscar/framework/vendor/laravel/framework/src/Illuminate/Pipeline/Pipeline.php(183): Illuminate\\Foundation\\Http\\Middleware\\ConvertEmptyStringsToNull->handle()
#50 /home/ouknik/Desktop/brahim_projects/j/j v2/jeunesscar/framework/vendor/laravel/framework/src/Illuminate/Foundation/Http/Middleware/TransformsRequest.php(21): Illuminate\\Pipeline\\Pipeline->Illuminate\\Pipeline\\{closure}()
#51 /home/ouknik/Desktop/brahim_projects/j/j v2/jeunesscar/framework/vendor/laravel/framework/src/Illuminate/Foundation/Http/Middleware/TrimStrings.php(40): Illuminate\\Foundation\\Http\\Middleware\\TransformsRequest->handle()
#52 /home/ouknik/Desktop/brahim_projects/j/j v2/jeunesscar/framework/vendor/laravel/framework/src/Illuminate/Pipeline/Pipeline.php(183): Illuminate\\Foundation\\Http\\Middleware\\TrimStrings->handle()
#53 /home/ouknik/Desktop/brahim_projects/j/j v2/jeunesscar/framework/vendor/laravel/framework/src/Illuminate/Foundation/Http/Middleware/ValidatePostSize.php(27): Illuminate\\Pipeline\\Pipeline->Illuminate\\Pipeline\\{closure}()
#54 /home/ouknik/Desktop/brahim_projects/j/j v2/jeunesscar/framework/vendor/laravel/framework/src/Illuminate/Pipeline/Pipeline.php(183): Illuminate\\Foundation\\Http\\Middleware\\ValidatePostSize->handle()
#55 /home/ouknik/Desktop/brahim_projects/j/j v2/jeunesscar/framework/vendor/laravel/framework/src/Illuminate/Foundation/Http/Middleware/PreventRequestsDuringMaintenance.php(99): Illuminate\\Pipeline\\Pipeline->Illuminate\\Pipeline\\{closure}()
#56 /home/ouknik/Desktop/brahim_projects/j/j v2/jeunesscar/framework/vendor/laravel/framework/src/Illuminate/Pipeline/Pipeline.php(183): Illuminate\\Foundation\\Http\\Middleware\\PreventRequestsDuringMaintenance->handle()
#57 /home/ouknik/Desktop/brahim_projects/j/j v2/jeunesscar/framework/vendor/laravel/framework/src/Illuminate/Pipeline/Pipeline.php(119): Illuminate\\Pipeline\\Pipeline->Illuminate\\Pipeline\\{closure}()
#58 /home/ouknik/Desktop/brahim_projects/j/j v2/jeunesscar/framework/vendor/laravel/framework/src/Illuminate/Foundation/Http/Kernel.php(175): Illuminate\\Pipeline\\Pipeline->then()
#59 /home/ouknik/Desktop/brahim_projects/j/j v2/jeunesscar/framework/vendor/laravel/framework/src/Illuminate/Foundation/Http/Kernel.php(144): Illuminate\\Foundation\\Http\\Kernel->sendRequestThroughRouter()
#60 /home/ouknik/Desktop/brahim_projects/j/j v2/jeunesscar/index.php(13): Illuminate\\Foundation\\Http\\Kernel->handle()
#61 {main}
"} 
[2025-05-15 21:09:33] local.ERROR: SQLSTATE[HY000] [2002] Connection refused (Connection: mysql, SQL: select * from `users` where `id` = 1 and `users`.`deleted_at` is null limit 1) {"exception":"[object] (Illuminate\\Database\\QueryException(code: 2002): SQLSTATE[HY000] [2002] Connection refused (Connection: mysql, SQL: select * from `users` where `id` = 1 and `users`.`deleted_at` is null limit 1) at /home/ouknik/Desktop/brahim_projects/j/j v2/jeunesscar/framework/vendor/laravel/framework/src/Illuminate/Database/Connection.php:829)
[stacktrace]
#0 /home/ouknik/Desktop/brahim_projects/j/j v2/jeunesscar/framework/vendor/laravel/framework/src/Illuminate/Database/Connection.php(983): Illuminate\\Database\\Connection->runQueryCallback()
#1 /home/ouknik/Desktop/brahim_projects/j/j v2/jeunesscar/framework/vendor/laravel/framework/src/Illuminate/Database/Connection.php(962): Illuminate\\Database\\Connection->tryAgainIfCausedByLostConnection()
#2 /home/ouknik/Desktop/brahim_projects/j/j v2/jeunesscar/framework/vendor/laravel/framework/src/Illuminate/Database/Connection.php(785): Illuminate\\Database\\Connection->handleQueryException()
#3 /home/ouknik/Desktop/brahim_projects/j/j v2/jeunesscar/framework/vendor/laravel/framework/src/Illuminate/Database/Connection.php(414): Illuminate\\Database\\Connection->run()
#4 /home/ouknik/Desktop/brahim_projects/j/j v2/jeunesscar/framework/vendor/laravel/framework/src/Illuminate/Database/Query/Builder.php(2913): Illuminate\\Database\\Connection->select()
#5 /home/ouknik/Desktop/brahim_projects/j/j v2/jeunesscar/framework/vendor/laravel/framework/src/Illuminate/Database/Query/Builder.php(2902): Illuminate\\Database\\Query\\Builder->runSelect()
#6 /home/ouknik/Desktop/brahim_projects/j/j v2/jeunesscar/framework/vendor/laravel/framework/src/Illuminate/Database/Query/Builder.php(3456): Illuminate\\Database\\Query\\Builder->Illuminate\\Database\\Query\\{closure}()
#7 /home/ouknik/Desktop/brahim_projects/j/j v2/jeunesscar/framework/vendor/laravel/framework/src/Illuminate/Database/Query/Builder.php(2901): Illuminate\\Database\\Query\\Builder->onceWithColumns()
#8 /home/ouknik/Desktop/brahim_projects/j/j v2/jeunesscar/framework/vendor/laravel/framework/src/Illuminate/Database/Eloquent/Builder.php(739): Illuminate\\Database\\Query\\Builder->get()
#9 /home/ouknik/Desktop/brahim_projects/j/j v2/jeunesscar/framework/vendor/laravel/framework/src/Illuminate/Database/Eloquent/Builder.php(723): Illuminate\\Database\\Eloquent\\Builder->getModels()
#10 /home/ouknik/Desktop/brahim_projects/j/j v2/jeunesscar/framework/vendor/laravel/framework/src/Illuminate/Database/Concerns/BuildsQueries.php(333): Illuminate\\Database\\Eloquent\\Builder->get()
#11 /home/ouknik/Desktop/brahim_projects/j/j v2/jeunesscar/framework/vendor/laravel/framework/src/Illuminate/Auth/EloquentUserProvider.php(75): Illuminate\\Database\\Eloquent\\Builder->first()
#12 /home/ouknik/Desktop/brahim_projects/j/j v2/jeunesscar/framework/vendor/laravel/framework/src/Illuminate/Auth/SessionGuard.php(196): Illuminate\\Auth\\EloquentUserProvider->retrieveByToken()
#13 /home/ouknik/Desktop/brahim_projects/j/j v2/jeunesscar/framework/vendor/laravel/framework/src/Illuminate/Auth/SessionGuard.php(167): Illuminate\\Auth\\SessionGuard->userFromRecaller()
#14 /home/ouknik/Desktop/brahim_projects/j/j v2/jeunesscar/framework/vendor/laravel/framework/src/Illuminate/Auth/GuardHelpers.php(56): Illuminate\\Auth\\SessionGuard->user()
#15 /home/ouknik/Desktop/brahim_projects/j/j v2/jeunesscar/framework/vendor/laravel/framework/src/Illuminate/Auth/Middleware/Authenticate.php(76): Illuminate\\Auth\\SessionGuard->check()
#16 /home/ouknik/Desktop/brahim_projects/j/j v2/jeunesscar/framework/vendor/laravel/framework/src/Illuminate/Auth/Middleware/Authenticate.php(55): Illuminate\\Auth\\Middleware\\Authenticate->authenticate()
#17 /home/ouknik/Desktop/brahim_projects/j/j v2/jeunesscar/framework/vendor/laravel/framework/src/Illuminate/Pipeline/Pipeline.php(183): Illuminate\\Auth\\Middleware\\Authenticate->handle()
#18 /home/ouknik/Desktop/brahim_projects/j/j v2/jeunesscar/framework/vendor/laravel/framework/src/Illuminate/Foundation/Http/Middleware/VerifyCsrfToken.php(78): Illuminate\\Pipeline\\Pipeline->Illuminate\\Pipeline\\{closure}()
#19 /home/ouknik/Desktop/brahim_projects/j/j v2/jeunesscar/framework/vendor/laravel/framework/src/Illuminate/Pipeline/Pipeline.php(183): Illuminate\\Foundation\\Http\\Middleware\\VerifyCsrfToken->handle()
#20 /home/ouknik/Desktop/brahim_projects/j/j v2/jeunesscar/framework/vendor/laravel/framework/src/Illuminate/View/Middleware/ShareErrorsFromSession.php(49): Illuminate\\Pipeline\\Pipeline->Illuminate\\Pipeline\\{closure}()
#21 /home/ouknik/Desktop/brahim_projects/j/j v2/jeunesscar/framework/vendor/laravel/framework/src/Illuminate/Pipeline/Pipeline.php(183): Illuminate\\View\\Middleware\\ShareErrorsFromSession->handle()
#22 /home/ouknik/Desktop/brahim_projects/j/j v2/jeunesscar/framework/vendor/laravel/framework/src/Illuminate/Session/Middleware/StartSession.php(121): Illuminate\\Pipeline\\Pipeline->Illuminate\\Pipeline\\{closure}()
#23 /home/ouknik/Desktop/brahim_projects/j/j v2/jeunesscar/framework/vendor/laravel/framework/src/Illuminate/Session/Middleware/StartSession.php(64): Illuminate\\Session\\Middleware\\StartSession->handleStatefulRequest()
#24 /home/ouknik/Desktop/brahim_projects/j/j v2/jeunesscar/framework/vendor/laravel/framework/src/Illuminate/Pipeline/Pipeline.php(183): Illuminate\\Session\\Middleware\\StartSession->handle()
#25 /home/ouknik/Desktop/brahim_projects/j/j v2/jeunesscar/framework/vendor/laravel/framework/src/Illuminate/Cookie/Middleware/AddQueuedCookiesToResponse.php(37): Illuminate\\Pipeline\\Pipeline->Illuminate\\Pipeline\\{closure}()
#26 /home/ouknik/Desktop/brahim_projects/j/j v2/jeunesscar/framework/vendor/laravel/framework/src/Illuminate/Pipeline/Pipeline.php(183): Illuminate\\Cookie\\Middleware\\AddQueuedCookiesToResponse->handle()
#27 /home/ouknik/Desktop/brahim_projects/j/j v2/jeunesscar/framework/vendor/laravel/framework/src/Illuminate/Cookie/Middleware/EncryptCookies.php(67): Illuminate\\Pipeline\\Pipeline->Illuminate\\Pipeline\\{closure}()
#28 /home/ouknik/Desktop/brahim_projects/j/j v2/jeunesscar/framework/vendor/laravel/framework/src/Illuminate/Pipeline/Pipeline.php(183): Illuminate\\Cookie\\Middleware\\EncryptCookies->handle()
#29 /home/ouknik/Desktop/brahim_projects/j/j v2/jeunesscar/framework/vendor/laravel/framework/src/Illuminate/Pipeline/Pipeline.php(119): Illuminate\\Pipeline\\Pipeline->Illuminate\\Pipeline\\{closure}()
#30 /home/ouknik/Desktop/brahim_projects/j/j v2/jeunesscar/framework/vendor/laravel/framework/src/Illuminate/Routing/Router.php(805): Illuminate\\Pipeline\\Pipeline->then()
#31 /home/ouknik/Desktop/brahim_projects/j/j v2/jeunesscar/framework/vendor/laravel/framework/src/Illuminate/Routing/Router.php(784): Illuminate\\Routing\\Router->runRouteWithinStack()
#32 /home/ouknik/Desktop/brahim_projects/j/j v2/jeunesscar/framework/vendor/laravel/framework/src/Illuminate/Routing/Router.php(748): Illuminate\\Routing\\Router->runRoute()
#33 /home/ouknik/Desktop/brahim_projects/j/j v2/jeunesscar/framework/vendor/laravel/framework/src/Illuminate/Routing/Router.php(737): Illuminate\\Routing\\Router->dispatchToRoute()
#34 /home/ouknik/Desktop/brahim_projects/j/j v2/jeunesscar/framework/vendor/laravel/framework/src/Illuminate/Foundation/Http/Kernel.php(200): Illuminate\\Routing\\Router->dispatch()
#35 /home/ouknik/Desktop/brahim_projects/j/j v2/jeunesscar/framework/vendor/laravel/framework/src/Illuminate/Pipeline/Pipeline.php(144): Illuminate\\Foundation\\Http\\Kernel->Illuminate\\Foundation\\Http\\{closure}()
#36 /home/ouknik/Desktop/brahim_projects/j/j v2/jeunesscar/framework/vendor/laravel/framework/src/Illuminate/Foundation/Http/Middleware/TransformsRequest.php(21): Illuminate\\Pipeline\\Pipeline->Illuminate\\Pipeline\\{closure}()
#37 /home/ouknik/Desktop/brahim_projects/j/j v2/jeunesscar/framework/vendor/laravel/framework/src/Illuminate/Foundation/Http/Middleware/ConvertEmptyStringsToNull.php(31): Illuminate\\Foundation\\Http\\Middleware\\TransformsRequest->handle()
#38 /home/ouknik/Desktop/brahim_projects/j/j v2/jeunesscar/framework/vendor/laravel/framework/src/Illuminate/Pipeline/Pipeline.php(183): Illuminate\\Foundation\\Http\\Middleware\\ConvertEmptyStringsToNull->handle()
#39 /home/ouknik/Desktop/brahim_projects/j/j v2/jeunesscar/framework/vendor/laravel/framework/src/Illuminate/Foundation/Http/Middleware/TransformsRequest.php(21): Illuminate\\Pipeline\\Pipeline->Illuminate\\Pipeline\\{closure}()
#40 /home/ouknik/Desktop/brahim_projects/j/j v2/jeunesscar/framework/vendor/laravel/framework/src/Illuminate/Foundation/Http/Middleware/TrimStrings.php(40): Illuminate\\Foundation\\Http\\Middleware\\TransformsRequest->handle()
#41 /home/ouknik/Desktop/brahim_projects/j/j v2/jeunesscar/framework/vendor/laravel/framework/src/Illuminate/Pipeline/Pipeline.php(183): Illuminate\\Foundation\\Http\\Middleware\\TrimStrings->handle()
#42 /home/ouknik/Desktop/brahim_projects/j/j v2/jeunesscar/framework/vendor/laravel/framework/src/Illuminate/Foundation/Http/Middleware/ValidatePostSize.php(27): Illuminate\\Pipeline\\Pipeline->Illuminate\\Pipeline\\{closure}()
#43 /home/ouknik/Desktop/brahim_projects/j/j v2/jeunesscar/framework/vendor/laravel/framework/src/Illuminate/Pipeline/Pipeline.php(183): Illuminate\\Foundation\\Http\\Middleware\\ValidatePostSize->handle()
#44 /home/ouknik/Desktop/brahim_projects/j/j v2/jeunesscar/framework/vendor/laravel/framework/src/Illuminate/Foundation/Http/Middleware/PreventRequestsDuringMaintenance.php(99): Illuminate\\Pipeline\\Pipeline->Illuminate\\Pipeline\\{closure}()
#45 /home/ouknik/Desktop/brahim_projects/j/j v2/jeunesscar/framework/vendor/laravel/framework/src/Illuminate/Pipeline/Pipeline.php(183): Illuminate\\Foundation\\Http\\Middleware\\PreventRequestsDuringMaintenance->handle()
#46 /home/ouknik/Desktop/brahim_projects/j/j v2/jeunesscar/framework/vendor/laravel/framework/src/Illuminate/Pipeline/Pipeline.php(119): Illuminate\\Pipeline\\Pipeline->Illuminate\\Pipeline\\{closure}()
#47 /home/ouknik/Desktop/brahim_projects/j/j v2/jeunesscar/framework/vendor/laravel/framework/src/Illuminate/Foundation/Http/Kernel.php(175): Illuminate\\Pipeline\\Pipeline->then()
#48 /home/ouknik/Desktop/brahim_projects/j/j v2/jeunesscar/framework/vendor/laravel/framework/src/Illuminate/Foundation/Http/Kernel.php(144): Illuminate\\Foundation\\Http\\Kernel->sendRequestThroughRouter()
#49 /home/ouknik/Desktop/brahim_projects/j/j v2/jeunesscar/index.php(13): Illuminate\\Foundation\\Http\\Kernel->handle()
#50 {main}

[previous exception] [object] (PDOException(code: 2002): SQLSTATE[HY000] [2002] Connection refused at /home/ouknik/Desktop/brahim_projects/j/j v2/jeunesscar/framework/vendor/laravel/framework/src/Illuminate/Database/Connectors/Connector.php:65)
[stacktrace]
#0 /home/ouknik/Desktop/brahim_projects/j/j v2/jeunesscar/framework/vendor/laravel/framework/src/Illuminate/Database/Connectors/Connector.php(65): PDO->__construct()
#1 /home/ouknik/Desktop/brahim_projects/j/j v2/jeunesscar/framework/vendor/laravel/framework/src/Illuminate/Database/Connectors/Connector.php(83): Illuminate\\Database\\Connectors\\Connector->createPdoConnection()
#2 /home/ouknik/Desktop/brahim_projects/j/j v2/jeunesscar/framework/vendor/laravel/framework/src/Illuminate/Database/Connectors/Connector.php(48): Illuminate\\Database\\Connectors\\Connector->tryAgainIfCausedByLostConnection()
#3 /home/ouknik/Desktop/brahim_projects/j/j v2/jeunesscar/framework/vendor/laravel/framework/src/Illuminate/Database/Connectors/MySqlConnector.php(24): Illuminate\\Database\\Connectors\\Connector->createConnection()
#4 /home/ouknik/Desktop/brahim_projects/j/j v2/jeunesscar/framework/vendor/laravel/framework/src/Illuminate/Database/Connectors/ConnectionFactory.php(184): Illuminate\\Database\\Connectors\\MySqlConnector->connect()
#5 [internal function]: Illuminate\\Database\\Connectors\\ConnectionFactory->Illuminate\\Database\\Connectors\\{closure}()
#6 /home/ouknik/Desktop/brahim_projects/j/j v2/jeunesscar/framework/vendor/laravel/framework/src/Illuminate/Database/Connection.php(1339): call_user_func()
#7 /home/ouknik/Desktop/brahim_projects/j/j v2/jeunesscar/framework/vendor/laravel/framework/src/Illuminate/Database/Connection.php(1375): Illuminate\\Database\\Connection->getPdo()
#8 /home/ouknik/Desktop/brahim_projects/j/j v2/jeunesscar/framework/vendor/laravel/framework/src/Illuminate/Database/Connection.php(528): Illuminate\\Database\\Connection->getReadPdo()
#9 /home/ouknik/Desktop/brahim_projects/j/j v2/jeunesscar/framework/vendor/laravel/framework/src/Illuminate/Database/Connection.php(423): Illuminate\\Database\\Connection->getPdoForSelect()
#10 /home/ouknik/Desktop/brahim_projects/j/j v2/jeunesscar/framework/vendor/laravel/framework/src/Illuminate/Database/Connection.php(816): Illuminate\\Database\\Connection->Illuminate\\Database\\{closure}()
#11 /home/ouknik/Desktop/brahim_projects/j/j v2/jeunesscar/framework/vendor/laravel/framework/src/Illuminate/Database/Connection.php(983): Illuminate\\Database\\Connection->runQueryCallback()
#12 /home/ouknik/Desktop/brahim_projects/j/j v2/jeunesscar/framework/vendor/laravel/framework/src/Illuminate/Database/Connection.php(962): Illuminate\\Database\\Connection->tryAgainIfCausedByLostConnection()
#13 /home/ouknik/Desktop/brahim_projects/j/j v2/jeunesscar/framework/vendor/laravel/framework/src/Illuminate/Database/Connection.php(785): Illuminate\\Database\\Connection->handleQueryException()
#14 /home/ouknik/Desktop/brahim_projects/j/j v2/jeunesscar/framework/vendor/laravel/framework/src/Illuminate/Database/Connection.php(414): Illuminate\\Database\\Connection->run()
#15 /home/ouknik/Desktop/brahim_projects/j/j v2/jeunesscar/framework/vendor/laravel/framework/src/Illuminate/Database/Query/Builder.php(2913): Illuminate\\Database\\Connection->select()
#16 /home/ouknik/Desktop/brahim_projects/j/j v2/jeunesscar/framework/vendor/laravel/framework/src/Illuminate/Database/Query/Builder.php(2902): Illuminate\\Database\\Query\\Builder->runSelect()
#17 /home/ouknik/Desktop/brahim_projects/j/j v2/jeunesscar/framework/vendor/laravel/framework/src/Illuminate/Database/Query/Builder.php(3456): Illuminate\\Database\\Query\\Builder->Illuminate\\Database\\Query\\{closure}()
#18 /home/ouknik/Desktop/brahim_projects/j/j v2/jeunesscar/framework/vendor/laravel/framework/src/Illuminate/Database/Query/Builder.php(2901): Illuminate\\Database\\Query\\Builder->onceWithColumns()
#19 /home/ouknik/Desktop/brahim_projects/j/j v2/jeunesscar/framework/vendor/laravel/framework/src/Illuminate/Database/Eloquent/Builder.php(739): Illuminate\\Database\\Query\\Builder->get()
#20 /home/ouknik/Desktop/brahim_projects/j/j v2/jeunesscar/framework/vendor/laravel/framework/src/Illuminate/Database/Eloquent/Builder.php(723): Illuminate\\Database\\Eloquent\\Builder->getModels()
#21 /home/ouknik/Desktop/brahim_projects/j/j v2/jeunesscar/framework/vendor/laravel/framework/src/Illuminate/Database/Concerns/BuildsQueries.php(333): Illuminate\\Database\\Eloquent\\Builder->get()
#22 /home/ouknik/Desktop/brahim_projects/j/j v2/jeunesscar/framework/vendor/laravel/framework/src/Illuminate/Auth/EloquentUserProvider.php(75): Illuminate\\Database\\Eloquent\\Builder->first()
#23 /home/ouknik/Desktop/brahim_projects/j/j v2/jeunesscar/framework/vendor/laravel/framework/src/Illuminate/Auth/SessionGuard.php(196): Illuminate\\Auth\\EloquentUserProvider->retrieveByToken()
#24 /home/ouknik/Desktop/brahim_projects/j/j v2/jeunesscar/framework/vendor/laravel/framework/src/Illuminate/Auth/SessionGuard.php(167): Illuminate\\Auth\\SessionGuard->userFromRecaller()
#25 /home/ouknik/Desktop/brahim_projects/j/j v2/jeunesscar/framework/vendor/laravel/framework/src/Illuminate/Auth/GuardHelpers.php(56): Illuminate\\Auth\\SessionGuard->user()
#26 /home/ouknik/Desktop/brahim_projects/j/j v2/jeunesscar/framework/vendor/laravel/framework/src/Illuminate/Auth/Middleware/Authenticate.php(76): Illuminate\\Auth\\SessionGuard->check()
#27 /home/ouknik/Desktop/brahim_projects/j/j v2/jeunesscar/framework/vendor/laravel/framework/src/Illuminate/Auth/Middleware/Authenticate.php(55): Illuminate\\Auth\\Middleware\\Authenticate->authenticate()
#28 /home/ouknik/Desktop/brahim_projects/j/j v2/jeunesscar/framework/vendor/laravel/framework/src/Illuminate/Pipeline/Pipeline.php(183): Illuminate\\Auth\\Middleware\\Authenticate->handle()
#29 /home/ouknik/Desktop/brahim_projects/j/j v2/jeunesscar/framework/vendor/laravel/framework/src/Illuminate/Foundation/Http/Middleware/VerifyCsrfToken.php(78): Illuminate\\Pipeline\\Pipeline->Illuminate\\Pipeline\\{closure}()
#30 /home/ouknik/Desktop/brahim_projects/j/j v2/jeunesscar/framework/vendor/laravel/framework/src/Illuminate/Pipeline/Pipeline.php(183): Illuminate\\Foundation\\Http\\Middleware\\VerifyCsrfToken->handle()
#31 /home/ouknik/Desktop/brahim_projects/j/j v2/jeunesscar/framework/vendor/laravel/framework/src/Illuminate/View/Middleware/ShareErrorsFromSession.php(49): Illuminate\\Pipeline\\Pipeline->Illuminate\\Pipeline\\{closure}()
#32 /home/ouknik/Desktop/brahim_projects/j/j v2/jeunesscar/framework/vendor/laravel/framework/src/Illuminate/Pipeline/Pipeline.php(183): Illuminate\\View\\Middleware\\ShareErrorsFromSession->handle()
#33 /home/ouknik/Desktop/brahim_projects/j/j v2/jeunesscar/framework/vendor/laravel/framework/src/Illuminate/Session/Middleware/StartSession.php(121): Illuminate\\Pipeline\\Pipeline->Illuminate\\Pipeline\\{closure}()
#34 /home/ouknik/Desktop/brahim_projects/j/j v2/jeunesscar/framework/vendor/laravel/framework/src/Illuminate/Session/Middleware/StartSession.php(64): Illuminate\\Session\\Middleware\\StartSession->handleStatefulRequest()
#35 /home/ouknik/Desktop/brahim_projects/j/j v2/jeunesscar/framework/vendor/laravel/framework/src/Illuminate/Pipeline/Pipeline.php(183): Illuminate\\Session\\Middleware\\StartSession->handle()
#36 /home/ouknik/Desktop/brahim_projects/j/j v2/jeunesscar/framework/vendor/laravel/framework/src/Illuminate/Cookie/Middleware/AddQueuedCookiesToResponse.php(37): Illuminate\\Pipeline\\Pipeline->Illuminate\\Pipeline\\{closure}()
#37 /home/ouknik/Desktop/brahim_projects/j/j v2/jeunesscar/framework/vendor/laravel/framework/src/Illuminate/Pipeline/Pipeline.php(183): Illuminate\\Cookie\\Middleware\\AddQueuedCookiesToResponse->handle()
#38 /home/ouknik/Desktop/brahim_projects/j/j v2/jeunesscar/framework/vendor/laravel/framework/src/Illuminate/Cookie/Middleware/EncryptCookies.php(67): Illuminate\\Pipeline\\Pipeline->Illuminate\\Pipeline\\{closure}()
#39 /home/ouknik/Desktop/brahim_projects/j/j v2/jeunesscar/framework/vendor/laravel/framework/src/Illuminate/Pipeline/Pipeline.php(183): Illuminate\\Cookie\\Middleware\\EncryptCookies->handle()
#40 /home/ouknik/Desktop/brahim_projects/j/j v2/jeunesscar/framework/vendor/laravel/framework/src/Illuminate/Pipeline/Pipeline.php(119): Illuminate\\Pipeline\\Pipeline->Illuminate\\Pipeline\\{closure}()
#41 /home/ouknik/Desktop/brahim_projects/j/j v2/jeunesscar/framework/vendor/laravel/framework/src/Illuminate/Routing/Router.php(805): Illuminate\\Pipeline\\Pipeline->then()
#42 /home/ouknik/Desktop/brahim_projects/j/j v2/jeunesscar/framework/vendor/laravel/framework/src/Illuminate/Routing/Router.php(784): Illuminate\\Routing\\Router->runRouteWithinStack()
#43 /home/ouknik/Desktop/brahim_projects/j/j v2/jeunesscar/framework/vendor/laravel/framework/src/Illuminate/Routing/Router.php(748): Illuminate\\Routing\\Router->runRoute()
#44 /home/ouknik/Desktop/brahim_projects/j/j v2/jeunesscar/framework/vendor/laravel/framework/src/Illuminate/Routing/Router.php(737): Illuminate\\Routing\\Router->dispatchToRoute()
#45 /home/ouknik/Desktop/brahim_projects/j/j v2/jeunesscar/framework/vendor/laravel/framework/src/Illuminate/Foundation/Http/Kernel.php(200): Illuminate\\Routing\\Router->dispatch()
#46 /home/ouknik/Desktop/brahim_projects/j/j v2/jeunesscar/framework/vendor/laravel/framework/src/Illuminate/Pipeline/Pipeline.php(144): Illuminate\\Foundation\\Http\\Kernel->Illuminate\\Foundation\\Http\\{closure}()
#47 /home/ouknik/Desktop/brahim_projects/j/j v2/jeunesscar/framework/vendor/laravel/framework/src/Illuminate/Foundation/Http/Middleware/TransformsRequest.php(21): Illuminate\\Pipeline\\Pipeline->Illuminate\\Pipeline\\{closure}()
#48 /home/ouknik/Desktop/brahim_projects/j/j v2/jeunesscar/framework/vendor/laravel/framework/src/Illuminate/Foundation/Http/Middleware/ConvertEmptyStringsToNull.php(31): Illuminate\\Foundation\\Http\\Middleware\\TransformsRequest->handle()
#49 /home/ouknik/Desktop/brahim_projects/j/j v2/jeunesscar/framework/vendor/laravel/framework/src/Illuminate/Pipeline/Pipeline.php(183): Illuminate\\Foundation\\Http\\Middleware\\ConvertEmptyStringsToNull->handle()
#50 /home/ouknik/Desktop/brahim_projects/j/j v2/jeunesscar/framework/vendor/laravel/framework/src/Illuminate/Foundation/Http/Middleware/TransformsRequest.php(21): Illuminate\\Pipeline\\Pipeline->Illuminate\\Pipeline\\{closure}()
#51 /home/ouknik/Desktop/brahim_projects/j/j v2/jeunesscar/framework/vendor/laravel/framework/src/Illuminate/Foundation/Http/Middleware/TrimStrings.php(40): Illuminate\\Foundation\\Http\\Middleware\\TransformsRequest->handle()
#52 /home/ouknik/Desktop/brahim_projects/j/j v2/jeunesscar/framework/vendor/laravel/framework/src/Illuminate/Pipeline/Pipeline.php(183): Illuminate\\Foundation\\Http\\Middleware\\TrimStrings->handle()
#53 /home/ouknik/Desktop/brahim_projects/j/j v2/jeunesscar/framework/vendor/laravel/framework/src/Illuminate/Foundation/Http/Middleware/ValidatePostSize.php(27): Illuminate\\Pipeline\\Pipeline->Illuminate\\Pipeline\\{closure}()
#54 /home/ouknik/Desktop/brahim_projects/j/j v2/jeunesscar/framework/vendor/laravel/framework/src/Illuminate/Pipeline/Pipeline.php(183): Illuminate\\Foundation\\Http\\Middleware\\ValidatePostSize->handle()
#55 /home/ouknik/Desktop/brahim_projects/j/j v2/jeunesscar/framework/vendor/laravel/framework/src/Illuminate/Foundation/Http/Middleware/PreventRequestsDuringMaintenance.php(99): Illuminate\\Pipeline\\Pipeline->Illuminate\\Pipeline\\{closure}()
#56 /home/ouknik/Desktop/brahim_projects/j/j v2/jeunesscar/framework/vendor/laravel/framework/src/Illuminate/Pipeline/Pipeline.php(183): Illuminate\\Foundation\\Http\\Middleware\\PreventRequestsDuringMaintenance->handle()
#57 /home/ouknik/Desktop/brahim_projects/j/j v2/jeunesscar/framework/vendor/laravel/framework/src/Illuminate/Pipeline/Pipeline.php(119): Illuminate\\Pipeline\\Pipeline->Illuminate\\Pipeline\\{closure}()
#58 /home/ouknik/Desktop/brahim_projects/j/j v2/jeunesscar/framework/vendor/laravel/framework/src/Illuminate/Foundation/Http/Kernel.php(175): Illuminate\\Pipeline\\Pipeline->then()
#59 /home/ouknik/Desktop/brahim_projects/j/j v2/jeunesscar/framework/vendor/laravel/framework/src/Illuminate/Foundation/Http/Kernel.php(144): Illuminate\\Foundation\\Http\\Kernel->sendRequestThroughRouter()
#60 /home/ouknik/Desktop/brahim_projects/j/j v2/jeunesscar/index.php(13): Illuminate\\Foundation\\Http\\Kernel->handle()
#61 {main}
"} 
[2025-05-15 22:45:38] local.ERROR: Undefined property: stdClass::$id {"view":{"view":"/home/ouknik/Desktop/brahim_projects/j/j v2/jeunesscar/framework/resources/views/contract/test.blade.php","data":[]},"userId":1,"exception":"[object] (Spatie\\LaravelIgnition\\Exceptions\\ViewException(code: 0): Undefined property: stdClass::$id at /home/ouknik/Desktop/brahim_projects/j/j v2/jeunesscar/framework/resources/views/contract/test.blade.php:762)
[stacktrace]
#0 /home/ouknik/Desktop/brahim_projects/j/j v2/jeunesscar/framework/vendor/laravel/framework/src/Illuminate/Filesystem/Filesystem.php(123): require('...')
#1 /home/ouknik/Desktop/brahim_projects/j/j v2/jeunesscar/framework/vendor/laravel/framework/src/Illuminate/Filesystem/Filesystem.php(124): Illuminate\\Filesystem\\Filesystem::Illuminate\\Filesystem\\{closure}()
#2 /home/ouknik/Desktop/brahim_projects/j/j v2/jeunesscar/framework/vendor/laravel/framework/src/Illuminate/View/Engines/PhpEngine.php(58): Illuminate\\Filesystem\\Filesystem->getRequire()
#3 /home/ouknik/Desktop/brahim_projects/j/j v2/jeunesscar/framework/vendor/laravel/framework/src/Illuminate/View/Engines/CompilerEngine.php(72): Illuminate\\View\\Engines\\PhpEngine->evaluatePath()
#4 /home/ouknik/Desktop/brahim_projects/j/j v2/jeunesscar/framework/vendor/laravel/framework/src/Illuminate/View/View.php(207): Illuminate\\View\\Engines\\CompilerEngine->get()
#5 /home/ouknik/Desktop/brahim_projects/j/j v2/jeunesscar/framework/vendor/laravel/framework/src/Illuminate/View/View.php(190): Illuminate\\View\\View->getContents()
#6 /home/ouknik/Desktop/brahim_projects/j/j v2/jeunesscar/framework/vendor/laravel/framework/src/Illuminate/View/View.php(159): Illuminate\\View\\View->renderContents()
#7 /home/ouknik/Desktop/brahim_projects/j/j v2/jeunesscar/framework/vendor/laravel/framework/src/Illuminate/Http/Response.php(69): Illuminate\\View\\View->render()
#8 /home/ouknik/Desktop/brahim_projects/j/j v2/jeunesscar/framework/vendor/laravel/framework/src/Illuminate/Http/Response.php(35): Illuminate\\Http\\Response->setContent()
#9 /home/ouknik/Desktop/brahim_projects/j/j v2/jeunesscar/framework/vendor/laravel/framework/src/Illuminate/Routing/Router.php(918): Illuminate\\Http\\Response->__construct()
#10 /home/ouknik/Desktop/brahim_projects/j/j v2/jeunesscar/framework/vendor/laravel/framework/src/Illuminate/Routing/Router.php(885): Illuminate\\Routing\\Router::toResponse()
#11 /home/ouknik/Desktop/brahim_projects/j/j v2/jeunesscar/framework/vendor/laravel/framework/src/Illuminate/Routing/Router.php(805): Illuminate\\Routing\\Router->prepareResponse()
#12 /home/ouknik/Desktop/brahim_projects/j/j v2/jeunesscar/framework/vendor/laravel/framework/src/Illuminate/Pipeline/Pipeline.php(144): Illuminate\\Routing\\Router->Illuminate\\Routing\\{closure}()
#13 /home/ouknik/Desktop/brahim_projects/j/j v2/jeunesscar/framework/app/Http/Middleware/IsInstalled.php(29): Illuminate\\Pipeline\\Pipeline->Illuminate\\Pipeline\\{closure}()
#14 /home/ouknik/Desktop/brahim_projects/j/j v2/jeunesscar/framework/vendor/laravel/framework/src/Illuminate/Pipeline/Pipeline.php(183): App\\Http\\Middleware\\IsInstalled->handle()
#15 /home/ouknik/Desktop/brahim_projects/j/j v2/jeunesscar/framework/app/Http/Middleware/OfficeAdmin.php(25): Illuminate\\Pipeline\\Pipeline->Illuminate\\Pipeline\\{closure}()
#16 /home/ouknik/Desktop/brahim_projects/j/j v2/jeunesscar/framework/vendor/laravel/framework/src/Illuminate/Pipeline/Pipeline.php(183): App\\Http\\Middleware\\OfficeAdmin->handle()
#17 /home/ouknik/Desktop/brahim_projects/j/j v2/jeunesscar/framework/app/Http/Middleware/SetLocale.php(37): Illuminate\\Pipeline\\Pipeline->Illuminate\\Pipeline\\{closure}()
#18 /home/ouknik/Desktop/brahim_projects/j/j v2/jeunesscar/framework/vendor/laravel/framework/src/Illuminate/Pipeline/Pipeline.php(183): App\\Http\\Middleware\\SetLocale->handle()
#19 /home/ouknik/Desktop/brahim_projects/j/j v2/jeunesscar/framework/vendor/laravel/framework/src/Illuminate/Routing/Middleware/SubstituteBindings.php(50): Illuminate\\Pipeline\\Pipeline->Illuminate\\Pipeline\\{closure}()
#20 /home/ouknik/Desktop/brahim_projects/j/j v2/jeunesscar/framework/vendor/laravel/framework/src/Illuminate/Pipeline/Pipeline.php(183): Illuminate\\Routing\\Middleware\\SubstituteBindings->handle()
#21 /home/ouknik/Desktop/brahim_projects/j/j v2/jeunesscar/framework/vendor/laravel/framework/src/Illuminate/Auth/Middleware/Authenticate.php(57): Illuminate\\Pipeline\\Pipeline->Illuminate\\Pipeline\\{closure}()
#22 /home/ouknik/Desktop/brahim_projects/j/j v2/jeunesscar/framework/vendor/laravel/framework/src/Illuminate/Pipeline/Pipeline.php(183): Illuminate\\Auth\\Middleware\\Authenticate->handle()
#23 /home/ouknik/Desktop/brahim_projects/j/j v2/jeunesscar/framework/vendor/laravel/framework/src/Illuminate/Foundation/Http/Middleware/VerifyCsrfToken.php(78): Illuminate\\Pipeline\\Pipeline->Illuminate\\Pipeline\\{closure}()
#24 /home/ouknik/Desktop/brahim_projects/j/j v2/jeunesscar/framework/vendor/laravel/framework/src/Illuminate/Pipeline/Pipeline.php(183): Illuminate\\Foundation\\Http\\Middleware\\VerifyCsrfToken->handle()
#25 /home/ouknik/Desktop/brahim_projects/j/j v2/jeunesscar/framework/vendor/laravel/framework/src/Illuminate/View/Middleware/ShareErrorsFromSession.php(49): Illuminate\\Pipeline\\Pipeline->Illuminate\\Pipeline\\{closure}()
#26 /home/ouknik/Desktop/brahim_projects/j/j v2/jeunesscar/framework/vendor/laravel/framework/src/Illuminate/Pipeline/Pipeline.php(183): Illuminate\\View\\Middleware\\ShareErrorsFromSession->handle()
#27 /home/ouknik/Desktop/brahim_projects/j/j v2/jeunesscar/framework/vendor/laravel/framework/src/Illuminate/Session/Middleware/StartSession.php(121): Illuminate\\Pipeline\\Pipeline->Illuminate\\Pipeline\\{closure}()
#28 /home/ouknik/Desktop/brahim_projects/j/j v2/jeunesscar/framework/vendor/laravel/framework/src/Illuminate/Session/Middleware/StartSession.php(64): Illuminate\\Session\\Middleware\\StartSession->handleStatefulRequest()
#29 /home/ouknik/Desktop/brahim_projects/j/j v2/jeunesscar/framework/vendor/laravel/framework/src/Illuminate/Pipeline/Pipeline.php(183): Illuminate\\Session\\Middleware\\StartSession->handle()
#30 /home/ouknik/Desktop/brahim_projects/j/j v2/jeunesscar/framework/vendor/laravel/framework/src/Illuminate/Cookie/Middleware/AddQueuedCookiesToResponse.php(37): Illuminate\\Pipeline\\Pipeline->Illuminate\\Pipeline\\{closure}()
#31 /home/ouknik/Desktop/brahim_projects/j/j v2/jeunesscar/framework/vendor/laravel/framework/src/Illuminate/Pipeline/Pipeline.php(183): Illuminate\\Cookie\\Middleware\\AddQueuedCookiesToResponse->handle()
#32 /home/ouknik/Desktop/brahim_projects/j/j v2/jeunesscar/framework/vendor/laravel/framework/src/Illuminate/Cookie/Middleware/EncryptCookies.php(67): Illuminate\\Pipeline\\Pipeline->Illuminate\\Pipeline\\{closure}()
#33 /home/ouknik/Desktop/brahim_projects/j/j v2/jeunesscar/framework/vendor/laravel/framework/src/Illuminate/Pipeline/Pipeline.php(183): Illuminate\\Cookie\\Middleware\\EncryptCookies->handle()
#34 /home/ouknik/Desktop/brahim_projects/j/j v2/jeunesscar/framework/vendor/laravel/framework/src/Illuminate/Pipeline/Pipeline.php(119): Illuminate\\Pipeline\\Pipeline->Illuminate\\Pipeline\\{closure}()
#35 /home/ouknik/Desktop/brahim_projects/j/j v2/jeunesscar/framework/vendor/laravel/framework/src/Illuminate/Routing/Router.php(805): Illuminate\\Pipeline\\Pipeline->then()
#36 /home/ouknik/Desktop/brahim_projects/j/j v2/jeunesscar/framework/vendor/laravel/framework/src/Illuminate/Routing/Router.php(784): Illuminate\\Routing\\Router->runRouteWithinStack()
#37 /home/ouknik/Desktop/brahim_projects/j/j v2/jeunesscar/framework/vendor/laravel/framework/src/Illuminate/Routing/Router.php(748): Illuminate\\Routing\\Router->runRoute()
#38 /home/ouknik/Desktop/brahim_projects/j/j v2/jeunesscar/framework/vendor/laravel/framework/src/Illuminate/Routing/Router.php(737): Illuminate\\Routing\\Router->dispatchToRoute()
#39 /home/ouknik/Desktop/brahim_projects/j/j v2/jeunesscar/framework/vendor/laravel/framework/src/Illuminate/Foundation/Http/Kernel.php(200): Illuminate\\Routing\\Router->dispatch()
#40 /home/ouknik/Desktop/brahim_projects/j/j v2/jeunesscar/framework/vendor/laravel/framework/src/Illuminate/Pipeline/Pipeline.php(144): Illuminate\\Foundation\\Http\\Kernel->Illuminate\\Foundation\\Http\\{closure}()
#41 /home/ouknik/Desktop/brahim_projects/j/j v2/jeunesscar/framework/vendor/laravel/framework/src/Illuminate/Foundation/Http/Middleware/TransformsRequest.php(21): Illuminate\\Pipeline\\Pipeline->Illuminate\\Pipeline\\{closure}()
#42 /home/ouknik/Desktop/brahim_projects/j/j v2/jeunesscar/framework/vendor/laravel/framework/src/Illuminate/Foundation/Http/Middleware/ConvertEmptyStringsToNull.php(31): Illuminate\\Foundation\\Http\\Middleware\\TransformsRequest->handle()
#43 /home/ouknik/Desktop/brahim_projects/j/j v2/jeunesscar/framework/vendor/laravel/framework/src/Illuminate/Pipeline/Pipeline.php(183): Illuminate\\Foundation\\Http\\Middleware\\ConvertEmptyStringsToNull->handle()
#44 /home/ouknik/Desktop/brahim_projects/j/j v2/jeunesscar/framework/vendor/laravel/framework/src/Illuminate/Foundation/Http/Middleware/TransformsRequest.php(21): Illuminate\\Pipeline\\Pipeline->Illuminate\\Pipeline\\{closure}()
#45 /home/ouknik/Desktop/brahim_projects/j/j v2/jeunesscar/framework/vendor/laravel/framework/src/Illuminate/Foundation/Http/Middleware/TrimStrings.php(40): Illuminate\\Foundation\\Http\\Middleware\\TransformsRequest->handle()
#46 /home/ouknik/Desktop/brahim_projects/j/j v2/jeunesscar/framework/vendor/laravel/framework/src/Illuminate/Pipeline/Pipeline.php(183): Illuminate\\Foundation\\Http\\Middleware\\TrimStrings->handle()
#47 /home/ouknik/Desktop/brahim_projects/j/j v2/jeunesscar/framework/vendor/laravel/framework/src/Illuminate/Foundation/Http/Middleware/ValidatePostSize.php(27): Illuminate\\Pipeline\\Pipeline->Illuminate\\Pipeline\\{closure}()
#48 /home/ouknik/Desktop/brahim_projects/j/j v2/jeunesscar/framework/vendor/laravel/framework/src/Illuminate/Pipeline/Pipeline.php(183): Illuminate\\Foundation\\Http\\Middleware\\ValidatePostSize->handle()
#49 /home/ouknik/Desktop/brahim_projects/j/j v2/jeunesscar/framework/vendor/laravel/framework/src/Illuminate/Foundation/Http/Middleware/PreventRequestsDuringMaintenance.php(99): Illuminate\\Pipeline\\Pipeline->Illuminate\\Pipeline\\{closure}()
#50 /home/ouknik/Desktop/brahim_projects/j/j v2/jeunesscar/framework/vendor/laravel/framework/src/Illuminate/Pipeline/Pipeline.php(183): Illuminate\\Foundation\\Http\\Middleware\\PreventRequestsDuringMaintenance->handle()
#51 /home/ouknik/Desktop/brahim_projects/j/j v2/jeunesscar/framework/vendor/laravel/framework/src/Illuminate/Pipeline/Pipeline.php(119): Illuminate\\Pipeline\\Pipeline->Illuminate\\Pipeline\\{closure}()
#52 /home/ouknik/Desktop/brahim_projects/j/j v2/jeunesscar/framework/vendor/laravel/framework/src/Illuminate/Foundation/Http/Kernel.php(175): Illuminate\\Pipeline\\Pipeline->then()
#53 /home/ouknik/Desktop/brahim_projects/j/j v2/jeunesscar/framework/vendor/laravel/framework/src/Illuminate/Foundation/Http/Kernel.php(144): Illuminate\\Foundation\\Http\\Kernel->sendRequestThroughRouter()
#54 /home/ouknik/Desktop/brahim_projects/j/j v2/jeunesscar/index.php(13): Illuminate\\Foundation\\Http\\Kernel->handle()
#55 {main}

[previous exception] [object] (ErrorException(code: 0): Undefined property: stdClass::$id at /home/ouknik/Desktop/brahim_projects/j/j v2/jeunesscar/framework/storage/framework/views/054a7f97e22dd60d9386e8204ccc6585.php:752)
[stacktrace]
#0 /home/ouknik/Desktop/brahim_projects/j/j v2/jeunesscar/framework/vendor/laravel/framework/src/Illuminate/Foundation/Bootstrap/HandleExceptions.php(255): Illuminate\\Foundation\\Bootstrap\\HandleExceptions->handleError()
#1 /home/ouknik/Desktop/brahim_projects/j/j v2/jeunesscar/framework/storage/framework/views/054a7f97e22dd60d9386e8204ccc6585.php(752): Illuminate\\Foundation\\Bootstrap\\HandleExceptions->Illuminate\\Foundation\\Bootstrap\\{closure}()
#2 /home/ouknik/Desktop/brahim_projects/j/j v2/jeunesscar/framework/vendor/laravel/framework/src/Illuminate/Filesystem/Filesystem.php(123): require('...')
#3 /home/ouknik/Desktop/brahim_projects/j/j v2/jeunesscar/framework/vendor/laravel/framework/src/Illuminate/Filesystem/Filesystem.php(124): Illuminate\\Filesystem\\Filesystem::Illuminate\\Filesystem\\{closure}()
#4 /home/ouknik/Desktop/brahim_projects/j/j v2/jeunesscar/framework/vendor/laravel/framework/src/Illuminate/View/Engines/PhpEngine.php(58): Illuminate\\Filesystem\\Filesystem->getRequire()
#5 /home/ouknik/Desktop/brahim_projects/j/j v2/jeunesscar/framework/vendor/laravel/framework/src/Illuminate/View/Engines/CompilerEngine.php(72): Illuminate\\View\\Engines\\PhpEngine->evaluatePath()
#6 /home/ouknik/Desktop/brahim_projects/j/j v2/jeunesscar/framework/vendor/laravel/framework/src/Illuminate/View/View.php(207): Illuminate\\View\\Engines\\CompilerEngine->get()
#7 /home/ouknik/Desktop/brahim_projects/j/j v2/jeunesscar/framework/vendor/laravel/framework/src/Illuminate/View/View.php(190): Illuminate\\View\\View->getContents()
#8 /home/ouknik/Desktop/brahim_projects/j/j v2/jeunesscar/framework/vendor/laravel/framework/src/Illuminate/View/View.php(159): Illuminate\\View\\View->renderContents()
#9 /home/ouknik/Desktop/brahim_projects/j/j v2/jeunesscar/framework/vendor/laravel/framework/src/Illuminate/Http/Response.php(69): Illuminate\\View\\View->render()
#10 /home/ouknik/Desktop/brahim_projects/j/j v2/jeunesscar/framework/vendor/laravel/framework/src/Illuminate/Http/Response.php(35): Illuminate\\Http\\Response->setContent()
#11 /home/ouknik/Desktop/brahim_projects/j/j v2/jeunesscar/framework/vendor/laravel/framework/src/Illuminate/Routing/Router.php(918): Illuminate\\Http\\Response->__construct()
#12 /home/ouknik/Desktop/brahim_projects/j/j v2/jeunesscar/framework/vendor/laravel/framework/src/Illuminate/Routing/Router.php(885): Illuminate\\Routing\\Router::toResponse()
#13 /home/ouknik/Desktop/brahim_projects/j/j v2/jeunesscar/framework/vendor/laravel/framework/src/Illuminate/Routing/Router.php(805): Illuminate\\Routing\\Router->prepareResponse()
#14 /home/ouknik/Desktop/brahim_projects/j/j v2/jeunesscar/framework/vendor/laravel/framework/src/Illuminate/Pipeline/Pipeline.php(144): Illuminate\\Routing\\Router->Illuminate\\Routing\\{closure}()
#15 /home/ouknik/Desktop/brahim_projects/j/j v2/jeunesscar/framework/app/Http/Middleware/IsInstalled.php(29): Illuminate\\Pipeline\\Pipeline->Illuminate\\Pipeline\\{closure}()
#16 /home/ouknik/Desktop/brahim_projects/j/j v2/jeunesscar/framework/vendor/laravel/framework/src/Illuminate/Pipeline/Pipeline.php(183): App\\Http\\Middleware\\IsInstalled->handle()
#17 /home/ouknik/Desktop/brahim_projects/j/j v2/jeunesscar/framework/app/Http/Middleware/OfficeAdmin.php(25): Illuminate\\Pipeline\\Pipeline->Illuminate\\Pipeline\\{closure}()
#18 /home/ouknik/Desktop/brahim_projects/j/j v2/jeunesscar/framework/vendor/laravel/framework/src/Illuminate/Pipeline/Pipeline.php(183): App\\Http\\Middleware\\OfficeAdmin->handle()
#19 /home/ouknik/Desktop/brahim_projects/j/j v2/jeunesscar/framework/app/Http/Middleware/SetLocale.php(37): Illuminate\\Pipeline\\Pipeline->Illuminate\\Pipeline\\{closure}()
#20 /home/ouknik/Desktop/brahim_projects/j/j v2/jeunesscar/framework/vendor/laravel/framework/src/Illuminate/Pipeline/Pipeline.php(183): App\\Http\\Middleware\\SetLocale->handle()
#21 /home/ouknik/Desktop/brahim_projects/j/j v2/jeunesscar/framework/vendor/laravel/framework/src/Illuminate/Routing/Middleware/SubstituteBindings.php(50): Illuminate\\Pipeline\\Pipeline->Illuminate\\Pipeline\\{closure}()
#22 /home/ouknik/Desktop/brahim_projects/j/j v2/jeunesscar/framework/vendor/laravel/framework/src/Illuminate/Pipeline/Pipeline.php(183): Illuminate\\Routing\\Middleware\\SubstituteBindings->handle()
#23 /home/ouknik/Desktop/brahim_projects/j/j v2/jeunesscar/framework/vendor/laravel/framework/src/Illuminate/Auth/Middleware/Authenticate.php(57): Illuminate\\Pipeline\\Pipeline->Illuminate\\Pipeline\\{closure}()
#24 /home/ouknik/Desktop/brahim_projects/j/j v2/jeunesscar/framework/vendor/laravel/framework/src/Illuminate/Pipeline/Pipeline.php(183): Illuminate\\Auth\\Middleware\\Authenticate->handle()
#25 /home/ouknik/Desktop/brahim_projects/j/j v2/jeunesscar/framework/vendor/laravel/framework/src/Illuminate/Foundation/Http/Middleware/VerifyCsrfToken.php(78): Illuminate\\Pipeline\\Pipeline->Illuminate\\Pipeline\\{closure}()
#26 /home/ouknik/Desktop/brahim_projects/j/j v2/jeunesscar/framework/vendor/laravel/framework/src/Illuminate/Pipeline/Pipeline.php(183): Illuminate\\Foundation\\Http\\Middleware\\VerifyCsrfToken->handle()
#27 /home/ouknik/Desktop/brahim_projects/j/j v2/jeunesscar/framework/vendor/laravel/framework/src/Illuminate/View/Middleware/ShareErrorsFromSession.php(49): Illuminate\\Pipeline\\Pipeline->Illuminate\\Pipeline\\{closure}()
#28 /home/ouknik/Desktop/brahim_projects/j/j v2/jeunesscar/framework/vendor/laravel/framework/src/Illuminate/Pipeline/Pipeline.php(183): Illuminate\\View\\Middleware\\ShareErrorsFromSession->handle()
#29 /home/ouknik/Desktop/brahim_projects/j/j v2/jeunesscar/framework/vendor/laravel/framework/src/Illuminate/Session/Middleware/StartSession.php(121): Illuminate\\Pipeline\\Pipeline->Illuminate\\Pipeline\\{closure}()
#30 /home/ouknik/Desktop/brahim_projects/j/j v2/jeunesscar/framework/vendor/laravel/framework/src/Illuminate/Session/Middleware/StartSession.php(64): Illuminate\\Session\\Middleware\\StartSession->handleStatefulRequest()
#31 /home/ouknik/Desktop/brahim_projects/j/j v2/jeunesscar/framework/vendor/laravel/framework/src/Illuminate/Pipeline/Pipeline.php(183): Illuminate\\Session\\Middleware\\StartSession->handle()
#32 /home/ouknik/Desktop/brahim_projects/j/j v2/jeunesscar/framework/vendor/laravel/framework/src/Illuminate/Cookie/Middleware/AddQueuedCookiesToResponse.php(37): Illuminate\\Pipeline\\Pipeline->Illuminate\\Pipeline\\{closure}()
#33 /home/ouknik/Desktop/brahim_projects/j/j v2/jeunesscar/framework/vendor/laravel/framework/src/Illuminate/Pipeline/Pipeline.php(183): Illuminate\\Cookie\\Middleware\\AddQueuedCookiesToResponse->handle()
#34 /home/ouknik/Desktop/brahim_projects/j/j v2/jeunesscar/framework/vendor/laravel/framework/src/Illuminate/Cookie/Middleware/EncryptCookies.php(67): Illuminate\\Pipeline\\Pipeline->Illuminate\\Pipeline\\{closure}()
#35 /home/ouknik/Desktop/brahim_projects/j/j v2/jeunesscar/framework/vendor/laravel/framework/src/Illuminate/Pipeline/Pipeline.php(183): Illuminate\\Cookie\\Middleware\\EncryptCookies->handle()
#36 /home/ouknik/Desktop/brahim_projects/j/j v2/jeunesscar/framework/vendor/laravel/framework/src/Illuminate/Pipeline/Pipeline.php(119): Illuminate\\Pipeline\\Pipeline->Illuminate\\Pipeline\\{closure}()
#37 /home/ouknik/Desktop/brahim_projects/j/j v2/jeunesscar/framework/vendor/laravel/framework/src/Illuminate/Routing/Router.php(805): Illuminate\\Pipeline\\Pipeline->then()
#38 /home/ouknik/Desktop/brahim_projects/j/j v2/jeunesscar/framework/vendor/laravel/framework/src/Illuminate/Routing/Router.php(784): Illuminate\\Routing\\Router->runRouteWithinStack()
#39 /home/ouknik/Desktop/brahim_projects/j/j v2/jeunesscar/framework/vendor/laravel/framework/src/Illuminate/Routing/Router.php(748): Illuminate\\Routing\\Router->runRoute()
#40 /home/ouknik/Desktop/brahim_projects/j/j v2/jeunesscar/framework/vendor/laravel/framework/src/Illuminate/Routing/Router.php(737): Illuminate\\Routing\\Router->dispatchToRoute()
#41 /home/ouknik/Desktop/brahim_projects/j/j v2/jeunesscar/framework/vendor/laravel/framework/src/Illuminate/Foundation/Http/Kernel.php(200): Illuminate\\Routing\\Router->dispatch()
#42 /home/ouknik/Desktop/brahim_projects/j/j v2/jeunesscar/framework/vendor/laravel/framework/src/Illuminate/Pipeline/Pipeline.php(144): Illuminate\\Foundation\\Http\\Kernel->Illuminate\\Foundation\\Http\\{closure}()
#43 /home/ouknik/Desktop/brahim_projects/j/j v2/jeunesscar/framework/vendor/laravel/framework/src/Illuminate/Foundation/Http/Middleware/TransformsRequest.php(21): Illuminate\\Pipeline\\Pipeline->Illuminate\\Pipeline\\{closure}()
#44 /home/ouknik/Desktop/brahim_projects/j/j v2/jeunesscar/framework/vendor/laravel/framework/src/Illuminate/Foundation/Http/Middleware/ConvertEmptyStringsToNull.php(31): Illuminate\\Foundation\\Http\\Middleware\\TransformsRequest->handle()
#45 /home/ouknik/Desktop/brahim_projects/j/j v2/jeunesscar/framework/vendor/laravel/framework/src/Illuminate/Pipeline/Pipeline.php(183): Illuminate\\Foundation\\Http\\Middleware\\ConvertEmptyStringsToNull->handle()
#46 /home/ouknik/Desktop/brahim_projects/j/j v2/jeunesscar/framework/vendor/laravel/framework/src/Illuminate/Foundation/Http/Middleware/TransformsRequest.php(21): Illuminate\\Pipeline\\Pipeline->Illuminate\\Pipeline\\{closure}()
#47 /home/ouknik/Desktop/brahim_projects/j/j v2/jeunesscar/framework/vendor/laravel/framework/src/Illuminate/Foundation/Http/Middleware/TrimStrings.php(40): Illuminate\\Foundation\\Http\\Middleware\\TransformsRequest->handle()
#48 /home/ouknik/Desktop/brahim_projects/j/j v2/jeunesscar/framework/vendor/laravel/framework/src/Illuminate/Pipeline/Pipeline.php(183): Illuminate\\Foundation\\Http\\Middleware\\TrimStrings->handle()
#49 /home/ouknik/Desktop/brahim_projects/j/j v2/jeunesscar/framework/vendor/laravel/framework/src/Illuminate/Foundation/Http/Middleware/ValidatePostSize.php(27): Illuminate\\Pipeline\\Pipeline->Illuminate\\Pipeline\\{closure}()
#50 /home/ouknik/Desktop/brahim_projects/j/j v2/jeunesscar/framework/vendor/laravel/framework/src/Illuminate/Pipeline/Pipeline.php(183): Illuminate\\Foundation\\Http\\Middleware\\ValidatePostSize->handle()
#51 /home/ouknik/Desktop/brahim_projects/j/j v2/jeunesscar/framework/vendor/laravel/framework/src/Illuminate/Foundation/Http/Middleware/PreventRequestsDuringMaintenance.php(99): Illuminate\\Pipeline\\Pipeline->Illuminate\\Pipeline\\{closure}()
#52 /home/ouknik/Desktop/brahim_projects/j/j v2/jeunesscar/framework/vendor/laravel/framework/src/Illuminate/Pipeline/Pipeline.php(183): Illuminate\\Foundation\\Http\\Middleware\\PreventRequestsDuringMaintenance->handle()
#53 /home/ouknik/Desktop/brahim_projects/j/j v2/jeunesscar/framework/vendor/laravel/framework/src/Illuminate/Pipeline/Pipeline.php(119): Illuminate\\Pipeline\\Pipeline->Illuminate\\Pipeline\\{closure}()
#54 /home/ouknik/Desktop/brahim_projects/j/j v2/jeunesscar/framework/vendor/laravel/framework/src/Illuminate/Foundation/Http/Kernel.php(175): Illuminate\\Pipeline\\Pipeline->then()
#55 /home/ouknik/Desktop/brahim_projects/j/j v2/jeunesscar/framework/vendor/laravel/framework/src/Illuminate/Foundation/Http/Kernel.php(144): Illuminate\\Foundation\\Http\\Kernel->sendRequestThroughRouter()
#56 /home/ouknik/Desktop/brahim_projects/j/j v2/jeunesscar/index.php(13): Illuminate\\Foundation\\Http\\Kernel->handle()
#57 {main}
"} 
[2025-05-15 22:48:28] local.ERROR: Undefined property: stdClass::$id {"view":{"view":"/home/ouknik/Desktop/brahim_projects/j/j v2/jeunesscar/framework/resources/views/contract/test.blade.php","data":[]},"userId":1,"exception":"[object] (Spatie\\LaravelIgnition\\Exceptions\\ViewException(code: 0): Undefined property: stdClass::$id at /home/ouknik/Desktop/brahim_projects/j/j v2/jeunesscar/framework/resources/views/contract/test.blade.php:762)
[stacktrace]
#0 /home/ouknik/Desktop/brahim_projects/j/j v2/jeunesscar/framework/vendor/laravel/framework/src/Illuminate/Filesystem/Filesystem.php(123): require('...')
#1 /home/ouknik/Desktop/brahim_projects/j/j v2/jeunesscar/framework/vendor/laravel/framework/src/Illuminate/Filesystem/Filesystem.php(124): Illuminate\\Filesystem\\Filesystem::Illuminate\\Filesystem\\{closure}()
#2 /home/ouknik/Desktop/brahim_projects/j/j v2/jeunesscar/framework/vendor/laravel/framework/src/Illuminate/View/Engines/PhpEngine.php(58): Illuminate\\Filesystem\\Filesystem->getRequire()
#3 /home/ouknik/Desktop/brahim_projects/j/j v2/jeunesscar/framework/vendor/laravel/framework/src/Illuminate/View/Engines/CompilerEngine.php(72): Illuminate\\View\\Engines\\PhpEngine->evaluatePath()
#4 /home/ouknik/Desktop/brahim_projects/j/j v2/jeunesscar/framework/vendor/laravel/framework/src/Illuminate/View/View.php(207): Illuminate\\View\\Engines\\CompilerEngine->get()
#5 /home/ouknik/Desktop/brahim_projects/j/j v2/jeunesscar/framework/vendor/laravel/framework/src/Illuminate/View/View.php(190): Illuminate\\View\\View->getContents()
#6 /home/ouknik/Desktop/brahim_projects/j/j v2/jeunesscar/framework/vendor/laravel/framework/src/Illuminate/View/View.php(159): Illuminate\\View\\View->renderContents()
#7 /home/ouknik/Desktop/brahim_projects/j/j v2/jeunesscar/framework/vendor/laravel/framework/src/Illuminate/Http/Response.php(69): Illuminate\\View\\View->render()
#8 /home/ouknik/Desktop/brahim_projects/j/j v2/jeunesscar/framework/vendor/laravel/framework/src/Illuminate/Http/Response.php(35): Illuminate\\Http\\Response->setContent()
#9 /home/ouknik/Desktop/brahim_projects/j/j v2/jeunesscar/framework/vendor/laravel/framework/src/Illuminate/Routing/Router.php(918): Illuminate\\Http\\Response->__construct()
#10 /home/ouknik/Desktop/brahim_projects/j/j v2/jeunesscar/framework/vendor/laravel/framework/src/Illuminate/Routing/Router.php(885): Illuminate\\Routing\\Router::toResponse()
#11 /home/ouknik/Desktop/brahim_projects/j/j v2/jeunesscar/framework/vendor/laravel/framework/src/Illuminate/Routing/Router.php(805): Illuminate\\Routing\\Router->prepareResponse()
#12 /home/ouknik/Desktop/brahim_projects/j/j v2/jeunesscar/framework/vendor/laravel/framework/src/Illuminate/Pipeline/Pipeline.php(144): Illuminate\\Routing\\Router->Illuminate\\Routing\\{closure}()
#13 /home/ouknik/Desktop/brahim_projects/j/j v2/jeunesscar/framework/app/Http/Middleware/IsInstalled.php(29): Illuminate\\Pipeline\\Pipeline->Illuminate\\Pipeline\\{closure}()
#14 /home/ouknik/Desktop/brahim_projects/j/j v2/jeunesscar/framework/vendor/laravel/framework/src/Illuminate/Pipeline/Pipeline.php(183): App\\Http\\Middleware\\IsInstalled->handle()
#15 /home/ouknik/Desktop/brahim_projects/j/j v2/jeunesscar/framework/app/Http/Middleware/OfficeAdmin.php(25): Illuminate\\Pipeline\\Pipeline->Illuminate\\Pipeline\\{closure}()
#16 /home/ouknik/Desktop/brahim_projects/j/j v2/jeunesscar/framework/vendor/laravel/framework/src/Illuminate/Pipeline/Pipeline.php(183): App\\Http\\Middleware\\OfficeAdmin->handle()
#17 /home/ouknik/Desktop/brahim_projects/j/j v2/jeunesscar/framework/app/Http/Middleware/SetLocale.php(37): Illuminate\\Pipeline\\Pipeline->Illuminate\\Pipeline\\{closure}()
#18 /home/ouknik/Desktop/brahim_projects/j/j v2/jeunesscar/framework/vendor/laravel/framework/src/Illuminate/Pipeline/Pipeline.php(183): App\\Http\\Middleware\\SetLocale->handle()
#19 /home/ouknik/Desktop/brahim_projects/j/j v2/jeunesscar/framework/vendor/laravel/framework/src/Illuminate/Routing/Middleware/SubstituteBindings.php(50): Illuminate\\Pipeline\\Pipeline->Illuminate\\Pipeline\\{closure}()
#20 /home/ouknik/Desktop/brahim_projects/j/j v2/jeunesscar/framework/vendor/laravel/framework/src/Illuminate/Pipeline/Pipeline.php(183): Illuminate\\Routing\\Middleware\\SubstituteBindings->handle()
#21 /home/ouknik/Desktop/brahim_projects/j/j v2/jeunesscar/framework/vendor/laravel/framework/src/Illuminate/Auth/Middleware/Authenticate.php(57): Illuminate\\Pipeline\\Pipeline->Illuminate\\Pipeline\\{closure}()
#22 /home/ouknik/Desktop/brahim_projects/j/j v2/jeunesscar/framework/vendor/laravel/framework/src/Illuminate/Pipeline/Pipeline.php(183): Illuminate\\Auth\\Middleware\\Authenticate->handle()
#23 /home/ouknik/Desktop/brahim_projects/j/j v2/jeunesscar/framework/vendor/laravel/framework/src/Illuminate/Foundation/Http/Middleware/VerifyCsrfToken.php(78): Illuminate\\Pipeline\\Pipeline->Illuminate\\Pipeline\\{closure}()
#24 /home/ouknik/Desktop/brahim_projects/j/j v2/jeunesscar/framework/vendor/laravel/framework/src/Illuminate/Pipeline/Pipeline.php(183): Illuminate\\Foundation\\Http\\Middleware\\VerifyCsrfToken->handle()
#25 /home/ouknik/Desktop/brahim_projects/j/j v2/jeunesscar/framework/vendor/laravel/framework/src/Illuminate/View/Middleware/ShareErrorsFromSession.php(49): Illuminate\\Pipeline\\Pipeline->Illuminate\\Pipeline\\{closure}()
#26 /home/ouknik/Desktop/brahim_projects/j/j v2/jeunesscar/framework/vendor/laravel/framework/src/Illuminate/Pipeline/Pipeline.php(183): Illuminate\\View\\Middleware\\ShareErrorsFromSession->handle()
#27 /home/ouknik/Desktop/brahim_projects/j/j v2/jeunesscar/framework/vendor/laravel/framework/src/Illuminate/Session/Middleware/StartSession.php(121): Illuminate\\Pipeline\\Pipeline->Illuminate\\Pipeline\\{closure}()
#28 /home/ouknik/Desktop/brahim_projects/j/j v2/jeunesscar/framework/vendor/laravel/framework/src/Illuminate/Session/Middleware/StartSession.php(64): Illuminate\\Session\\Middleware\\StartSession->handleStatefulRequest()
#29 /home/ouknik/Desktop/brahim_projects/j/j v2/jeunesscar/framework/vendor/laravel/framework/src/Illuminate/Pipeline/Pipeline.php(183): Illuminate\\Session\\Middleware\\StartSession->handle()
#30 /home/ouknik/Desktop/brahim_projects/j/j v2/jeunesscar/framework/vendor/laravel/framework/src/Illuminate/Cookie/Middleware/AddQueuedCookiesToResponse.php(37): Illuminate\\Pipeline\\Pipeline->Illuminate\\Pipeline\\{closure}()
#31 /home/ouknik/Desktop/brahim_projects/j/j v2/jeunesscar/framework/vendor/laravel/framework/src/Illuminate/Pipeline/Pipeline.php(183): Illuminate\\Cookie\\Middleware\\AddQueuedCookiesToResponse->handle()
#32 /home/ouknik/Desktop/brahim_projects/j/j v2/jeunesscar/framework/vendor/laravel/framework/src/Illuminate/Cookie/Middleware/EncryptCookies.php(67): Illuminate\\Pipeline\\Pipeline->Illuminate\\Pipeline\\{closure}()
#33 /home/ouknik/Desktop/brahim_projects/j/j v2/jeunesscar/framework/vendor/laravel/framework/src/Illuminate/Pipeline/Pipeline.php(183): Illuminate\\Cookie\\Middleware\\EncryptCookies->handle()
#34 /home/ouknik/Desktop/brahim_projects/j/j v2/jeunesscar/framework/vendor/laravel/framework/src/Illuminate/Pipeline/Pipeline.php(119): Illuminate\\Pipeline\\Pipeline->Illuminate\\Pipeline\\{closure}()
#35 /home/ouknik/Desktop/brahim_projects/j/j v2/jeunesscar/framework/vendor/laravel/framework/src/Illuminate/Routing/Router.php(805): Illuminate\\Pipeline\\Pipeline->then()
#36 /home/ouknik/Desktop/brahim_projects/j/j v2/jeunesscar/framework/vendor/laravel/framework/src/Illuminate/Routing/Router.php(784): Illuminate\\Routing\\Router->runRouteWithinStack()
#37 /home/ouknik/Desktop/brahim_projects/j/j v2/jeunesscar/framework/vendor/laravel/framework/src/Illuminate/Routing/Router.php(748): Illuminate\\Routing\\Router->runRoute()
#38 /home/ouknik/Desktop/brahim_projects/j/j v2/jeunesscar/framework/vendor/laravel/framework/src/Illuminate/Routing/Router.php(737): Illuminate\\Routing\\Router->dispatchToRoute()
#39 /home/ouknik/Desktop/brahim_projects/j/j v2/jeunesscar/framework/vendor/laravel/framework/src/Illuminate/Foundation/Http/Kernel.php(200): Illuminate\\Routing\\Router->dispatch()
#40 /home/ouknik/Desktop/brahim_projects/j/j v2/jeunesscar/framework/vendor/laravel/framework/src/Illuminate/Pipeline/Pipeline.php(144): Illuminate\\Foundation\\Http\\Kernel->Illuminate\\Foundation\\Http\\{closure}()
#41 /home/ouknik/Desktop/brahim_projects/j/j v2/jeunesscar/framework/vendor/laravel/framework/src/Illuminate/Foundation/Http/Middleware/TransformsRequest.php(21): Illuminate\\Pipeline\\Pipeline->Illuminate\\Pipeline\\{closure}()
#42 /home/ouknik/Desktop/brahim_projects/j/j v2/jeunesscar/framework/vendor/laravel/framework/src/Illuminate/Foundation/Http/Middleware/ConvertEmptyStringsToNull.php(31): Illuminate\\Foundation\\Http\\Middleware\\TransformsRequest->handle()
#43 /home/ouknik/Desktop/brahim_projects/j/j v2/jeunesscar/framework/vendor/laravel/framework/src/Illuminate/Pipeline/Pipeline.php(183): Illuminate\\Foundation\\Http\\Middleware\\ConvertEmptyStringsToNull->handle()
#44 /home/ouknik/Desktop/brahim_projects/j/j v2/jeunesscar/framework/vendor/laravel/framework/src/Illuminate/Foundation/Http/Middleware/TransformsRequest.php(21): Illuminate\\Pipeline\\Pipeline->Illuminate\\Pipeline\\{closure}()
#45 /home/ouknik/Desktop/brahim_projects/j/j v2/jeunesscar/framework/vendor/laravel/framework/src/Illuminate/Foundation/Http/Middleware/TrimStrings.php(40): Illuminate\\Foundation\\Http\\Middleware\\TransformsRequest->handle()
#46 /home/ouknik/Desktop/brahim_projects/j/j v2/jeunesscar/framework/vendor/laravel/framework/src/Illuminate/Pipeline/Pipeline.php(183): Illuminate\\Foundation\\Http\\Middleware\\TrimStrings->handle()
#47 /home/ouknik/Desktop/brahim_projects/j/j v2/jeunesscar/framework/vendor/laravel/framework/src/Illuminate/Foundation/Http/Middleware/ValidatePostSize.php(27): Illuminate\\Pipeline\\Pipeline->Illuminate\\Pipeline\\{closure}()
#48 /home/ouknik/Desktop/brahim_projects/j/j v2/jeunesscar/framework/vendor/laravel/framework/src/Illuminate/Pipeline/Pipeline.php(183): Illuminate\\Foundation\\Http\\Middleware\\ValidatePostSize->handle()
#49 /home/ouknik/Desktop/brahim_projects/j/j v2/jeunesscar/framework/vendor/laravel/framework/src/Illuminate/Foundation/Http/Middleware/PreventRequestsDuringMaintenance.php(99): Illuminate\\Pipeline\\Pipeline->Illuminate\\Pipeline\\{closure}()
#50 /home/ouknik/Desktop/brahim_projects/j/j v2/jeunesscar/framework/vendor/laravel/framework/src/Illuminate/Pipeline/Pipeline.php(183): Illuminate\\Foundation\\Http\\Middleware\\PreventRequestsDuringMaintenance->handle()
#51 /home/ouknik/Desktop/brahim_projects/j/j v2/jeunesscar/framework/vendor/laravel/framework/src/Illuminate/Pipeline/Pipeline.php(119): Illuminate\\Pipeline\\Pipeline->Illuminate\\Pipeline\\{closure}()
#52 /home/ouknik/Desktop/brahim_projects/j/j v2/jeunesscar/framework/vendor/laravel/framework/src/Illuminate/Foundation/Http/Kernel.php(175): Illuminate\\Pipeline\\Pipeline->then()
#53 /home/ouknik/Desktop/brahim_projects/j/j v2/jeunesscar/framework/vendor/laravel/framework/src/Illuminate/Foundation/Http/Kernel.php(144): Illuminate\\Foundation\\Http\\Kernel->sendRequestThroughRouter()
#54 /home/ouknik/Desktop/brahim_projects/j/j v2/jeunesscar/index.php(13): Illuminate\\Foundation\\Http\\Kernel->handle()
#55 {main}

[previous exception] [object] (ErrorException(code: 0): Undefined property: stdClass::$id at /home/ouknik/Desktop/brahim_projects/j/j v2/jeunesscar/framework/storage/framework/views/054a7f97e22dd60d9386e8204ccc6585.php:752)
[stacktrace]
#0 /home/ouknik/Desktop/brahim_projects/j/j v2/jeunesscar/framework/vendor/laravel/framework/src/Illuminate/Foundation/Bootstrap/HandleExceptions.php(255): Illuminate\\Foundation\\Bootstrap\\HandleExceptions->handleError()
#1 /home/ouknik/Desktop/brahim_projects/j/j v2/jeunesscar/framework/storage/framework/views/054a7f97e22dd60d9386e8204ccc6585.php(752): Illuminate\\Foundation\\Bootstrap\\HandleExceptions->Illuminate\\Foundation\\Bootstrap\\{closure}()
#2 /home/ouknik/Desktop/brahim_projects/j/j v2/jeunesscar/framework/vendor/laravel/framework/src/Illuminate/Filesystem/Filesystem.php(123): require('...')
#3 /home/ouknik/Desktop/brahim_projects/j/j v2/jeunesscar/framework/vendor/laravel/framework/src/Illuminate/Filesystem/Filesystem.php(124): Illuminate\\Filesystem\\Filesystem::Illuminate\\Filesystem\\{closure}()
#4 /home/ouknik/Desktop/brahim_projects/j/j v2/jeunesscar/framework/vendor/laravel/framework/src/Illuminate/View/Engines/PhpEngine.php(58): Illuminate\\Filesystem\\Filesystem->getRequire()
#5 /home/ouknik/Desktop/brahim_projects/j/j v2/jeunesscar/framework/vendor/laravel/framework/src/Illuminate/View/Engines/CompilerEngine.php(72): Illuminate\\View\\Engines\\PhpEngine->evaluatePath()
#6 /home/ouknik/Desktop/brahim_projects/j/j v2/jeunesscar/framework/vendor/laravel/framework/src/Illuminate/View/View.php(207): Illuminate\\View\\Engines\\CompilerEngine->get()
#7 /home/ouknik/Desktop/brahim_projects/j/j v2/jeunesscar/framework/vendor/laravel/framework/src/Illuminate/View/View.php(190): Illuminate\\View\\View->getContents()
#8 /home/ouknik/Desktop/brahim_projects/j/j v2/jeunesscar/framework/vendor/laravel/framework/src/Illuminate/View/View.php(159): Illuminate\\View\\View->renderContents()
#9 /home/ouknik/Desktop/brahim_projects/j/j v2/jeunesscar/framework/vendor/laravel/framework/src/Illuminate/Http/Response.php(69): Illuminate\\View\\View->render()
#10 /home/ouknik/Desktop/brahim_projects/j/j v2/jeunesscar/framework/vendor/laravel/framework/src/Illuminate/Http/Response.php(35): Illuminate\\Http\\Response->setContent()
#11 /home/ouknik/Desktop/brahim_projects/j/j v2/jeunesscar/framework/vendor/laravel/framework/src/Illuminate/Routing/Router.php(918): Illuminate\\Http\\Response->__construct()
#12 /home/ouknik/Desktop/brahim_projects/j/j v2/jeunesscar/framework/vendor/laravel/framework/src/Illuminate/Routing/Router.php(885): Illuminate\\Routing\\Router::toResponse()
#13 /home/ouknik/Desktop/brahim_projects/j/j v2/jeunesscar/framework/vendor/laravel/framework/src/Illuminate/Routing/Router.php(805): Illuminate\\Routing\\Router->prepareResponse()
#14 /home/ouknik/Desktop/brahim_projects/j/j v2/jeunesscar/framework/vendor/laravel/framework/src/Illuminate/Pipeline/Pipeline.php(144): Illuminate\\Routing\\Router->Illuminate\\Routing\\{closure}()
#15 /home/ouknik/Desktop/brahim_projects/j/j v2/jeunesscar/framework/app/Http/Middleware/IsInstalled.php(29): Illuminate\\Pipeline\\Pipeline->Illuminate\\Pipeline\\{closure}()
#16 /home/ouknik/Desktop/brahim_projects/j/j v2/jeunesscar/framework/vendor/laravel/framework/src/Illuminate/Pipeline/Pipeline.php(183): App\\Http\\Middleware\\IsInstalled->handle()
#17 /home/ouknik/Desktop/brahim_projects/j/j v2/jeunesscar/framework/app/Http/Middleware/OfficeAdmin.php(25): Illuminate\\Pipeline\\Pipeline->Illuminate\\Pipeline\\{closure}()
#18 /home/ouknik/Desktop/brahim_projects/j/j v2/jeunesscar/framework/vendor/laravel/framework/src/Illuminate/Pipeline/Pipeline.php(183): App\\Http\\Middleware\\OfficeAdmin->handle()
#19 /home/ouknik/Desktop/brahim_projects/j/j v2/jeunesscar/framework/app/Http/Middleware/SetLocale.php(37): Illuminate\\Pipeline\\Pipeline->Illuminate\\Pipeline\\{closure}()
#20 /home/ouknik/Desktop/brahim_projects/j/j v2/jeunesscar/framework/vendor/laravel/framework/src/Illuminate/Pipeline/Pipeline.php(183): App\\Http\\Middleware\\SetLocale->handle()
#21 /home/ouknik/Desktop/brahim_projects/j/j v2/jeunesscar/framework/vendor/laravel/framework/src/Illuminate/Routing/Middleware/SubstituteBindings.php(50): Illuminate\\Pipeline\\Pipeline->Illuminate\\Pipeline\\{closure}()
#22 /home/ouknik/Desktop/brahim_projects/j/j v2/jeunesscar/framework/vendor/laravel/framework/src/Illuminate/Pipeline/Pipeline.php(183): Illuminate\\Routing\\Middleware\\SubstituteBindings->handle()
#23 /home/ouknik/Desktop/brahim_projects/j/j v2/jeunesscar/framework/vendor/laravel/framework/src/Illuminate/Auth/Middleware/Authenticate.php(57): Illuminate\\Pipeline\\Pipeline->Illuminate\\Pipeline\\{closure}()
#24 /home/ouknik/Desktop/brahim_projects/j/j v2/jeunesscar/framework/vendor/laravel/framework/src/Illuminate/Pipeline/Pipeline.php(183): Illuminate\\Auth\\Middleware\\Authenticate->handle()
#25 /home/ouknik/Desktop/brahim_projects/j/j v2/jeunesscar/framework/vendor/laravel/framework/src/Illuminate/Foundation/Http/Middleware/VerifyCsrfToken.php(78): Illuminate\\Pipeline\\Pipeline->Illuminate\\Pipeline\\{closure}()
#26 /home/ouknik/Desktop/brahim_projects/j/j v2/jeunesscar/framework/vendor/laravel/framework/src/Illuminate/Pipeline/Pipeline.php(183): Illuminate\\Foundation\\Http\\Middleware\\VerifyCsrfToken->handle()
#27 /home/ouknik/Desktop/brahim_projects/j/j v2/jeunesscar/framework/vendor/laravel/framework/src/Illuminate/View/Middleware/ShareErrorsFromSession.php(49): Illuminate\\Pipeline\\Pipeline->Illuminate\\Pipeline\\{closure}()
#28 /home/ouknik/Desktop/brahim_projects/j/j v2/jeunesscar/framework/vendor/laravel/framework/src/Illuminate/Pipeline/Pipeline.php(183): Illuminate\\View\\Middleware\\ShareErrorsFromSession->handle()
#29 /home/ouknik/Desktop/brahim_projects/j/j v2/jeunesscar/framework/vendor/laravel/framework/src/Illuminate/Session/Middleware/StartSession.php(121): Illuminate\\Pipeline\\Pipeline->Illuminate\\Pipeline\\{closure}()
#30 /home/ouknik/Desktop/brahim_projects/j/j v2/jeunesscar/framework/vendor/laravel/framework/src/Illuminate/Session/Middleware/StartSession.php(64): Illuminate\\Session\\Middleware\\StartSession->handleStatefulRequest()
#31 /home/ouknik/Desktop/brahim_projects/j/j v2/jeunesscar/framework/vendor/laravel/framework/src/Illuminate/Pipeline/Pipeline.php(183): Illuminate\\Session\\Middleware\\StartSession->handle()
#32 /home/ouknik/Desktop/brahim_projects/j/j v2/jeunesscar/framework/vendor/laravel/framework/src/Illuminate/Cookie/Middleware/AddQueuedCookiesToResponse.php(37): Illuminate\\Pipeline\\Pipeline->Illuminate\\Pipeline\\{closure}()
#33 /home/ouknik/Desktop/brahim_projects/j/j v2/jeunesscar/framework/vendor/laravel/framework/src/Illuminate/Pipeline/Pipeline.php(183): Illuminate\\Cookie\\Middleware\\AddQueuedCookiesToResponse->handle()
#34 /home/ouknik/Desktop/brahim_projects/j/j v2/jeunesscar/framework/vendor/laravel/framework/src/Illuminate/Cookie/Middleware/EncryptCookies.php(67): Illuminate\\Pipeline\\Pipeline->Illuminate\\Pipeline\\{closure}()
#35 /home/ouknik/Desktop/brahim_projects/j/j v2/jeunesscar/framework/vendor/laravel/framework/src/Illuminate/Pipeline/Pipeline.php(183): Illuminate\\Cookie\\Middleware\\EncryptCookies->handle()
#36 /home/ouknik/Desktop/brahim_projects/j/j v2/jeunesscar/framework/vendor/laravel/framework/src/Illuminate/Pipeline/Pipeline.php(119): Illuminate\\Pipeline\\Pipeline->Illuminate\\Pipeline\\{closure}()
#37 /home/ouknik/Desktop/brahim_projects/j/j v2/jeunesscar/framework/vendor/laravel/framework/src/Illuminate/Routing/Router.php(805): Illuminate\\Pipeline\\Pipeline->then()
#38 /home/ouknik/Desktop/brahim_projects/j/j v2/jeunesscar/framework/vendor/laravel/framework/src/Illuminate/Routing/Router.php(784): Illuminate\\Routing\\Router->runRouteWithinStack()
#39 /home/ouknik/Desktop/brahim_projects/j/j v2/jeunesscar/framework/vendor/laravel/framework/src/Illuminate/Routing/Router.php(748): Illuminate\\Routing\\Router->runRoute()
#40 /home/ouknik/Desktop/brahim_projects/j/j v2/jeunesscar/framework/vendor/laravel/framework/src/Illuminate/Routing/Router.php(737): Illuminate\\Routing\\Router->dispatchToRoute()
#41 /home/ouknik/Desktop/brahim_projects/j/j v2/jeunesscar/framework/vendor/laravel/framework/src/Illuminate/Foundation/Http/Kernel.php(200): Illuminate\\Routing\\Router->dispatch()
#42 /home/ouknik/Desktop/brahim_projects/j/j v2/jeunesscar/framework/vendor/laravel/framework/src/Illuminate/Pipeline/Pipeline.php(144): Illuminate\\Foundation\\Http\\Kernel->Illuminate\\Foundation\\Http\\{closure}()
#43 /home/ouknik/Desktop/brahim_projects/j/j v2/jeunesscar/framework/vendor/laravel/framework/src/Illuminate/Foundation/Http/Middleware/TransformsRequest.php(21): Illuminate\\Pipeline\\Pipeline->Illuminate\\Pipeline\\{closure}()
#44 /home/ouknik/Desktop/brahim_projects/j/j v2/jeunesscar/framework/vendor/laravel/framework/src/Illuminate/Foundation/Http/Middleware/ConvertEmptyStringsToNull.php(31): Illuminate\\Foundation\\Http\\Middleware\\TransformsRequest->handle()
#45 /home/ouknik/Desktop/brahim_projects/j/j v2/jeunesscar/framework/vendor/laravel/framework/src/Illuminate/Pipeline/Pipeline.php(183): Illuminate\\Foundation\\Http\\Middleware\\ConvertEmptyStringsToNull->handle()
#46 /home/ouknik/Desktop/brahim_projects/j/j v2/jeunesscar/framework/vendor/laravel/framework/src/Illuminate/Foundation/Http/Middleware/TransformsRequest.php(21): Illuminate\\Pipeline\\Pipeline->Illuminate\\Pipeline\\{closure}()
#47 /home/ouknik/Desktop/brahim_projects/j/j v2/jeunesscar/framework/vendor/laravel/framework/src/Illuminate/Foundation/Http/Middleware/TrimStrings.php(40): Illuminate\\Foundation\\Http\\Middleware\\TransformsRequest->handle()
#48 /home/ouknik/Desktop/brahim_projects/j/j v2/jeunesscar/framework/vendor/laravel/framework/src/Illuminate/Pipeline/Pipeline.php(183): Illuminate\\Foundation\\Http\\Middleware\\TrimStrings->handle()
#49 /home/ouknik/Desktop/brahim_projects/j/j v2/jeunesscar/framework/vendor/laravel/framework/src/Illuminate/Foundation/Http/Middleware/ValidatePostSize.php(27): Illuminate\\Pipeline\\Pipeline->Illuminate\\Pipeline\\{closure}()
#50 /home/ouknik/Desktop/brahim_projects/j/j v2/jeunesscar/framework/vendor/laravel/framework/src/Illuminate/Pipeline/Pipeline.php(183): Illuminate\\Foundation\\Http\\Middleware\\ValidatePostSize->handle()
#51 /home/ouknik/Desktop/brahim_projects/j/j v2/jeunesscar/framework/vendor/laravel/framework/src/Illuminate/Foundation/Http/Middleware/PreventRequestsDuringMaintenance.php(99): Illuminate\\Pipeline\\Pipeline->Illuminate\\Pipeline\\{closure}()
#52 /home/ouknik/Desktop/brahim_projects/j/j v2/jeunesscar/framework/vendor/laravel/framework/src/Illuminate/Pipeline/Pipeline.php(183): Illuminate\\Foundation\\Http\\Middleware\\PreventRequestsDuringMaintenance->handle()
#53 /home/ouknik/Desktop/brahim_projects/j/j v2/jeunesscar/framework/vendor/laravel/framework/src/Illuminate/Pipeline/Pipeline.php(119): Illuminate\\Pipeline\\Pipeline->Illuminate\\Pipeline\\{closure}()
#54 /home/ouknik/Desktop/brahim_projects/j/j v2/jeunesscar/framework/vendor/laravel/framework/src/Illuminate/Foundation/Http/Kernel.php(175): Illuminate\\Pipeline\\Pipeline->then()
#55 /home/ouknik/Desktop/brahim_projects/j/j v2/jeunesscar/framework/vendor/laravel/framework/src/Illuminate/Foundation/Http/Kernel.php(144): Illuminate\\Foundation\\Http\\Kernel->sendRequestThroughRouter()
#56 /home/ouknik/Desktop/brahim_projects/j/j v2/jeunesscar/index.php(13): Illuminate\\Foundation\\Http\\Kernel->handle()
#57 {main}
"} 
[2025-05-15 22:51:09] local.ERROR: Undefined property: stdClass::$id {"view":{"view":"/home/ouknik/Desktop/brahim_projects/j/j v2/jeunesscar/framework/resources/views/contract/test.blade.php","data":[]},"userId":1,"exception":"[object] (Spatie\\LaravelIgnition\\Exceptions\\ViewException(code: 0): Undefined property: stdClass::$id at /home/ouknik/Desktop/brahim_projects/j/j v2/jeunesscar/framework/resources/views/contract/test.blade.php:763)
[stacktrace]
#0 /home/ouknik/Desktop/brahim_projects/j/j v2/jeunesscar/framework/vendor/laravel/framework/src/Illuminate/Filesystem/Filesystem.php(123): require('...')
#1 /home/ouknik/Desktop/brahim_projects/j/j v2/jeunesscar/framework/vendor/laravel/framework/src/Illuminate/Filesystem/Filesystem.php(124): Illuminate\\Filesystem\\Filesystem::Illuminate\\Filesystem\\{closure}()
#2 /home/ouknik/Desktop/brahim_projects/j/j v2/jeunesscar/framework/vendor/laravel/framework/src/Illuminate/View/Engines/PhpEngine.php(58): Illuminate\\Filesystem\\Filesystem->getRequire()
#3 /home/ouknik/Desktop/brahim_projects/j/j v2/jeunesscar/framework/vendor/laravel/framework/src/Illuminate/View/Engines/CompilerEngine.php(72): Illuminate\\View\\Engines\\PhpEngine->evaluatePath()
#4 /home/ouknik/Desktop/brahim_projects/j/j v2/jeunesscar/framework/vendor/laravel/framework/src/Illuminate/View/View.php(207): Illuminate\\View\\Engines\\CompilerEngine->get()
#5 /home/ouknik/Desktop/brahim_projects/j/j v2/jeunesscar/framework/vendor/laravel/framework/src/Illuminate/View/View.php(190): Illuminate\\View\\View->getContents()
#6 /home/ouknik/Desktop/brahim_projects/j/j v2/jeunesscar/framework/vendor/laravel/framework/src/Illuminate/View/View.php(159): Illuminate\\View\\View->renderContents()
#7 /home/ouknik/Desktop/brahim_projects/j/j v2/jeunesscar/framework/vendor/laravel/framework/src/Illuminate/Http/Response.php(69): Illuminate\\View\\View->render()
#8 /home/ouknik/Desktop/brahim_projects/j/j v2/jeunesscar/framework/vendor/laravel/framework/src/Illuminate/Http/Response.php(35): Illuminate\\Http\\Response->setContent()
#9 /home/ouknik/Desktop/brahim_projects/j/j v2/jeunesscar/framework/vendor/laravel/framework/src/Illuminate/Routing/Router.php(918): Illuminate\\Http\\Response->__construct()
#10 /home/ouknik/Desktop/brahim_projects/j/j v2/jeunesscar/framework/vendor/laravel/framework/src/Illuminate/Routing/Router.php(885): Illuminate\\Routing\\Router::toResponse()
#11 /home/ouknik/Desktop/brahim_projects/j/j v2/jeunesscar/framework/vendor/laravel/framework/src/Illuminate/Routing/Router.php(805): Illuminate\\Routing\\Router->prepareResponse()
#12 /home/ouknik/Desktop/brahim_projects/j/j v2/jeunesscar/framework/vendor/laravel/framework/src/Illuminate/Pipeline/Pipeline.php(144): Illuminate\\Routing\\Router->Illuminate\\Routing\\{closure}()
#13 /home/ouknik/Desktop/brahim_projects/j/j v2/jeunesscar/framework/app/Http/Middleware/IsInstalled.php(29): Illuminate\\Pipeline\\Pipeline->Illuminate\\Pipeline\\{closure}()
#14 /home/ouknik/Desktop/brahim_projects/j/j v2/jeunesscar/framework/vendor/laravel/framework/src/Illuminate/Pipeline/Pipeline.php(183): App\\Http\\Middleware\\IsInstalled->handle()
#15 /home/ouknik/Desktop/brahim_projects/j/j v2/jeunesscar/framework/app/Http/Middleware/OfficeAdmin.php(25): Illuminate\\Pipeline\\Pipeline->Illuminate\\Pipeline\\{closure}()
#16 /home/ouknik/Desktop/brahim_projects/j/j v2/jeunesscar/framework/vendor/laravel/framework/src/Illuminate/Pipeline/Pipeline.php(183): App\\Http\\Middleware\\OfficeAdmin->handle()
#17 /home/ouknik/Desktop/brahim_projects/j/j v2/jeunesscar/framework/app/Http/Middleware/SetLocale.php(37): Illuminate\\Pipeline\\Pipeline->Illuminate\\Pipeline\\{closure}()
#18 /home/ouknik/Desktop/brahim_projects/j/j v2/jeunesscar/framework/vendor/laravel/framework/src/Illuminate/Pipeline/Pipeline.php(183): App\\Http\\Middleware\\SetLocale->handle()
#19 /home/ouknik/Desktop/brahim_projects/j/j v2/jeunesscar/framework/vendor/laravel/framework/src/Illuminate/Routing/Middleware/SubstituteBindings.php(50): Illuminate\\Pipeline\\Pipeline->Illuminate\\Pipeline\\{closure}()
#20 /home/ouknik/Desktop/brahim_projects/j/j v2/jeunesscar/framework/vendor/laravel/framework/src/Illuminate/Pipeline/Pipeline.php(183): Illuminate\\Routing\\Middleware\\SubstituteBindings->handle()
#21 /home/ouknik/Desktop/brahim_projects/j/j v2/jeunesscar/framework/vendor/laravel/framework/src/Illuminate/Auth/Middleware/Authenticate.php(57): Illuminate\\Pipeline\\Pipeline->Illuminate\\Pipeline\\{closure}()
#22 /home/ouknik/Desktop/brahim_projects/j/j v2/jeunesscar/framework/vendor/laravel/framework/src/Illuminate/Pipeline/Pipeline.php(183): Illuminate\\Auth\\Middleware\\Authenticate->handle()
#23 /home/ouknik/Desktop/brahim_projects/j/j v2/jeunesscar/framework/vendor/laravel/framework/src/Illuminate/Foundation/Http/Middleware/VerifyCsrfToken.php(78): Illuminate\\Pipeline\\Pipeline->Illuminate\\Pipeline\\{closure}()
#24 /home/ouknik/Desktop/brahim_projects/j/j v2/jeunesscar/framework/vendor/laravel/framework/src/Illuminate/Pipeline/Pipeline.php(183): Illuminate\\Foundation\\Http\\Middleware\\VerifyCsrfToken->handle()
#25 /home/ouknik/Desktop/brahim_projects/j/j v2/jeunesscar/framework/vendor/laravel/framework/src/Illuminate/View/Middleware/ShareErrorsFromSession.php(49): Illuminate\\Pipeline\\Pipeline->Illuminate\\Pipeline\\{closure}()
#26 /home/ouknik/Desktop/brahim_projects/j/j v2/jeunesscar/framework/vendor/laravel/framework/src/Illuminate/Pipeline/Pipeline.php(183): Illuminate\\View\\Middleware\\ShareErrorsFromSession->handle()
#27 /home/ouknik/Desktop/brahim_projects/j/j v2/jeunesscar/framework/vendor/laravel/framework/src/Illuminate/Session/Middleware/StartSession.php(121): Illuminate\\Pipeline\\Pipeline->Illuminate\\Pipeline\\{closure}()
#28 /home/ouknik/Desktop/brahim_projects/j/j v2/jeunesscar/framework/vendor/laravel/framework/src/Illuminate/Session/Middleware/StartSession.php(64): Illuminate\\Session\\Middleware\\StartSession->handleStatefulRequest()
#29 /home/ouknik/Desktop/brahim_projects/j/j v2/jeunesscar/framework/vendor/laravel/framework/src/Illuminate/Pipeline/Pipeline.php(183): Illuminate\\Session\\Middleware\\StartSession->handle()
#30 /home/ouknik/Desktop/brahim_projects/j/j v2/jeunesscar/framework/vendor/laravel/framework/src/Illuminate/Cookie/Middleware/AddQueuedCookiesToResponse.php(37): Illuminate\\Pipeline\\Pipeline->Illuminate\\Pipeline\\{closure}()
#31 /home/ouknik/Desktop/brahim_projects/j/j v2/jeunesscar/framework/vendor/laravel/framework/src/Illuminate/Pipeline/Pipeline.php(183): Illuminate\\Cookie\\Middleware\\AddQueuedCookiesToResponse->handle()
#32 /home/ouknik/Desktop/brahim_projects/j/j v2/jeunesscar/framework/vendor/laravel/framework/src/Illuminate/Cookie/Middleware/EncryptCookies.php(67): Illuminate\\Pipeline\\Pipeline->Illuminate\\Pipeline\\{closure}()
#33 /home/ouknik/Desktop/brahim_projects/j/j v2/jeunesscar/framework/vendor/laravel/framework/src/Illuminate/Pipeline/Pipeline.php(183): Illuminate\\Cookie\\Middleware\\EncryptCookies->handle()
#34 /home/ouknik/Desktop/brahim_projects/j/j v2/jeunesscar/framework/vendor/laravel/framework/src/Illuminate/Pipeline/Pipeline.php(119): Illuminate\\Pipeline\\Pipeline->Illuminate\\Pipeline\\{closure}()
#35 /home/ouknik/Desktop/brahim_projects/j/j v2/jeunesscar/framework/vendor/laravel/framework/src/Illuminate/Routing/Router.php(805): Illuminate\\Pipeline\\Pipeline->then()
#36 /home/ouknik/Desktop/brahim_projects/j/j v2/jeunesscar/framework/vendor/laravel/framework/src/Illuminate/Routing/Router.php(784): Illuminate\\Routing\\Router->runRouteWithinStack()
#37 /home/ouknik/Desktop/brahim_projects/j/j v2/jeunesscar/framework/vendor/laravel/framework/src/Illuminate/Routing/Router.php(748): Illuminate\\Routing\\Router->runRoute()
#38 /home/ouknik/Desktop/brahim_projects/j/j v2/jeunesscar/framework/vendor/laravel/framework/src/Illuminate/Routing/Router.php(737): Illuminate\\Routing\\Router->dispatchToRoute()
#39 /home/ouknik/Desktop/brahim_projects/j/j v2/jeunesscar/framework/vendor/laravel/framework/src/Illuminate/Foundation/Http/Kernel.php(200): Illuminate\\Routing\\Router->dispatch()
#40 /home/ouknik/Desktop/brahim_projects/j/j v2/jeunesscar/framework/vendor/laravel/framework/src/Illuminate/Pipeline/Pipeline.php(144): Illuminate\\Foundation\\Http\\Kernel->Illuminate\\Foundation\\Http\\{closure}()
#41 /home/ouknik/Desktop/brahim_projects/j/j v2/jeunesscar/framework/vendor/laravel/framework/src/Illuminate/Foundation/Http/Middleware/TransformsRequest.php(21): Illuminate\\Pipeline\\Pipeline->Illuminate\\Pipeline\\{closure}()
#42 /home/ouknik/Desktop/brahim_projects/j/j v2/jeunesscar/framework/vendor/laravel/framework/src/Illuminate/Foundation/Http/Middleware/ConvertEmptyStringsToNull.php(31): Illuminate\\Foundation\\Http\\Middleware\\TransformsRequest->handle()
#43 /home/ouknik/Desktop/brahim_projects/j/j v2/jeunesscar/framework/vendor/laravel/framework/src/Illuminate/Pipeline/Pipeline.php(183): Illuminate\\Foundation\\Http\\Middleware\\ConvertEmptyStringsToNull->handle()
#44 /home/ouknik/Desktop/brahim_projects/j/j v2/jeunesscar/framework/vendor/laravel/framework/src/Illuminate/Foundation/Http/Middleware/TransformsRequest.php(21): Illuminate\\Pipeline\\Pipeline->Illuminate\\Pipeline\\{closure}()
#45 /home/ouknik/Desktop/brahim_projects/j/j v2/jeunesscar/framework/vendor/laravel/framework/src/Illuminate/Foundation/Http/Middleware/TrimStrings.php(40): Illuminate\\Foundation\\Http\\Middleware\\TransformsRequest->handle()
#46 /home/ouknik/Desktop/brahim_projects/j/j v2/jeunesscar/framework/vendor/laravel/framework/src/Illuminate/Pipeline/Pipeline.php(183): Illuminate\\Foundation\\Http\\Middleware\\TrimStrings->handle()
#47 /home/ouknik/Desktop/brahim_projects/j/j v2/jeunesscar/framework/vendor/laravel/framework/src/Illuminate/Foundation/Http/Middleware/ValidatePostSize.php(27): Illuminate\\Pipeline\\Pipeline->Illuminate\\Pipeline\\{closure}()
#48 /home/ouknik/Desktop/brahim_projects/j/j v2/jeunesscar/framework/vendor/laravel/framework/src/Illuminate/Pipeline/Pipeline.php(183): Illuminate\\Foundation\\Http\\Middleware\\ValidatePostSize->handle()
#49 /home/ouknik/Desktop/brahim_projects/j/j v2/jeunesscar/framework/vendor/laravel/framework/src/Illuminate/Foundation/Http/Middleware/PreventRequestsDuringMaintenance.php(99): Illuminate\\Pipeline\\Pipeline->Illuminate\\Pipeline\\{closure}()
#50 /home/ouknik/Desktop/brahim_projects/j/j v2/jeunesscar/framework/vendor/laravel/framework/src/Illuminate/Pipeline/Pipeline.php(183): Illuminate\\Foundation\\Http\\Middleware\\PreventRequestsDuringMaintenance->handle()
#51 /home/ouknik/Desktop/brahim_projects/j/j v2/jeunesscar/framework/vendor/laravel/framework/src/Illuminate/Pipeline/Pipeline.php(119): Illuminate\\Pipeline\\Pipeline->Illuminate\\Pipeline\\{closure}()
#52 /home/ouknik/Desktop/brahim_projects/j/j v2/jeunesscar/framework/vendor/laravel/framework/src/Illuminate/Foundation/Http/Kernel.php(175): Illuminate\\Pipeline\\Pipeline->then()
#53 /home/ouknik/Desktop/brahim_projects/j/j v2/jeunesscar/framework/vendor/laravel/framework/src/Illuminate/Foundation/Http/Kernel.php(144): Illuminate\\Foundation\\Http\\Kernel->sendRequestThroughRouter()
#54 /home/ouknik/Desktop/brahim_projects/j/j v2/jeunesscar/index.php(13): Illuminate\\Foundation\\Http\\Kernel->handle()
#55 {main}

[previous exception] [object] (ErrorException(code: 0): Undefined property: stdClass::$id at /home/ouknik/Desktop/brahim_projects/j/j v2/jeunesscar/framework/storage/framework/views/054a7f97e22dd60d9386e8204ccc6585.php:753)
[stacktrace]
#0 /home/ouknik/Desktop/brahim_projects/j/j v2/jeunesscar/framework/vendor/laravel/framework/src/Illuminate/Foundation/Bootstrap/HandleExceptions.php(255): Illuminate\\Foundation\\Bootstrap\\HandleExceptions->handleError()
#1 /home/ouknik/Desktop/brahim_projects/j/j v2/jeunesscar/framework/storage/framework/views/054a7f97e22dd60d9386e8204ccc6585.php(753): Illuminate\\Foundation\\Bootstrap\\HandleExceptions->Illuminate\\Foundation\\Bootstrap\\{closure}()
#2 /home/ouknik/Desktop/brahim_projects/j/j v2/jeunesscar/framework/vendor/laravel/framework/src/Illuminate/Filesystem/Filesystem.php(123): require('...')
#3 /home/ouknik/Desktop/brahim_projects/j/j v2/jeunesscar/framework/vendor/laravel/framework/src/Illuminate/Filesystem/Filesystem.php(124): Illuminate\\Filesystem\\Filesystem::Illuminate\\Filesystem\\{closure}()
#4 /home/ouknik/Desktop/brahim_projects/j/j v2/jeunesscar/framework/vendor/laravel/framework/src/Illuminate/View/Engines/PhpEngine.php(58): Illuminate\\Filesystem\\Filesystem->getRequire()
#5 /home/ouknik/Desktop/brahim_projects/j/j v2/jeunesscar/framework/vendor/laravel/framework/src/Illuminate/View/Engines/CompilerEngine.php(72): Illuminate\\View\\Engines\\PhpEngine->evaluatePath()
#6 /home/ouknik/Desktop/brahim_projects/j/j v2/jeunesscar/framework/vendor/laravel/framework/src/Illuminate/View/View.php(207): Illuminate\\View\\Engines\\CompilerEngine->get()
#7 /home/ouknik/Desktop/brahim_projects/j/j v2/jeunesscar/framework/vendor/laravel/framework/src/Illuminate/View/View.php(190): Illuminate\\View\\View->getContents()
#8 /home/ouknik/Desktop/brahim_projects/j/j v2/jeunesscar/framework/vendor/laravel/framework/src/Illuminate/View/View.php(159): Illuminate\\View\\View->renderContents()
#9 /home/ouknik/Desktop/brahim_projects/j/j v2/jeunesscar/framework/vendor/laravel/framework/src/Illuminate/Http/Response.php(69): Illuminate\\View\\View->render()
#10 /home/ouknik/Desktop/brahim_projects/j/j v2/jeunesscar/framework/vendor/laravel/framework/src/Illuminate/Http/Response.php(35): Illuminate\\Http\\Response->setContent()
#11 /home/ouknik/Desktop/brahim_projects/j/j v2/jeunesscar/framework/vendor/laravel/framework/src/Illuminate/Routing/Router.php(918): Illuminate\\Http\\Response->__construct()
#12 /home/ouknik/Desktop/brahim_projects/j/j v2/jeunesscar/framework/vendor/laravel/framework/src/Illuminate/Routing/Router.php(885): Illuminate\\Routing\\Router::toResponse()
#13 /home/ouknik/Desktop/brahim_projects/j/j v2/jeunesscar/framework/vendor/laravel/framework/src/Illuminate/Routing/Router.php(805): Illuminate\\Routing\\Router->prepareResponse()
#14 /home/ouknik/Desktop/brahim_projects/j/j v2/jeunesscar/framework/vendor/laravel/framework/src/Illuminate/Pipeline/Pipeline.php(144): Illuminate\\Routing\\Router->Illuminate\\Routing\\{closure}()
#15 /home/ouknik/Desktop/brahim_projects/j/j v2/jeunesscar/framework/app/Http/Middleware/IsInstalled.php(29): Illuminate\\Pipeline\\Pipeline->Illuminate\\Pipeline\\{closure}()
#16 /home/ouknik/Desktop/brahim_projects/j/j v2/jeunesscar/framework/vendor/laravel/framework/src/Illuminate/Pipeline/Pipeline.php(183): App\\Http\\Middleware\\IsInstalled->handle()
#17 /home/ouknik/Desktop/brahim_projects/j/j v2/jeunesscar/framework/app/Http/Middleware/OfficeAdmin.php(25): Illuminate\\Pipeline\\Pipeline->Illuminate\\Pipeline\\{closure}()
#18 /home/ouknik/Desktop/brahim_projects/j/j v2/jeunesscar/framework/vendor/laravel/framework/src/Illuminate/Pipeline/Pipeline.php(183): App\\Http\\Middleware\\OfficeAdmin->handle()
#19 /home/ouknik/Desktop/brahim_projects/j/j v2/jeunesscar/framework/app/Http/Middleware/SetLocale.php(37): Illuminate\\Pipeline\\Pipeline->Illuminate\\Pipeline\\{closure}()
#20 /home/ouknik/Desktop/brahim_projects/j/j v2/jeunesscar/framework/vendor/laravel/framework/src/Illuminate/Pipeline/Pipeline.php(183): App\\Http\\Middleware\\SetLocale->handle()
#21 /home/ouknik/Desktop/brahim_projects/j/j v2/jeunesscar/framework/vendor/laravel/framework/src/Illuminate/Routing/Middleware/SubstituteBindings.php(50): Illuminate\\Pipeline\\Pipeline->Illuminate\\Pipeline\\{closure}()
#22 /home/ouknik/Desktop/brahim_projects/j/j v2/jeunesscar/framework/vendor/laravel/framework/src/Illuminate/Pipeline/Pipeline.php(183): Illuminate\\Routing\\Middleware\\SubstituteBindings->handle()
#23 /home/ouknik/Desktop/brahim_projects/j/j v2/jeunesscar/framework/vendor/laravel/framework/src/Illuminate/Auth/Middleware/Authenticate.php(57): Illuminate\\Pipeline\\Pipeline->Illuminate\\Pipeline\\{closure}()
#24 /home/ouknik/Desktop/brahim_projects/j/j v2/jeunesscar/framework/vendor/laravel/framework/src/Illuminate/Pipeline/Pipeline.php(183): Illuminate\\Auth\\Middleware\\Authenticate->handle()
#25 /home/ouknik/Desktop/brahim_projects/j/j v2/jeunesscar/framework/vendor/laravel/framework/src/Illuminate/Foundation/Http/Middleware/VerifyCsrfToken.php(78): Illuminate\\Pipeline\\Pipeline->Illuminate\\Pipeline\\{closure}()
#26 /home/ouknik/Desktop/brahim_projects/j/j v2/jeunesscar/framework/vendor/laravel/framework/src/Illuminate/Pipeline/Pipeline.php(183): Illuminate\\Foundation\\Http\\Middleware\\VerifyCsrfToken->handle()
#27 /home/ouknik/Desktop/brahim_projects/j/j v2/jeunesscar/framework/vendor/laravel/framework/src/Illuminate/View/Middleware/ShareErrorsFromSession.php(49): Illuminate\\Pipeline\\Pipeline->Illuminate\\Pipeline\\{closure}()
#28 /home/ouknik/Desktop/brahim_projects/j/j v2/jeunesscar/framework/vendor/laravel/framework/src/Illuminate/Pipeline/Pipeline.php(183): Illuminate\\View\\Middleware\\ShareErrorsFromSession->handle()
#29 /home/ouknik/Desktop/brahim_projects/j/j v2/jeunesscar/framework/vendor/laravel/framework/src/Illuminate/Session/Middleware/StartSession.php(121): Illuminate\\Pipeline\\Pipeline->Illuminate\\Pipeline\\{closure}()
#30 /home/ouknik/Desktop/brahim_projects/j/j v2/jeunesscar/framework/vendor/laravel/framework/src/Illuminate/Session/Middleware/StartSession.php(64): Illuminate\\Session\\Middleware\\StartSession->handleStatefulRequest()
#31 /home/ouknik/Desktop/brahim_projects/j/j v2/jeunesscar/framework/vendor/laravel/framework/src/Illuminate/Pipeline/Pipeline.php(183): Illuminate\\Session\\Middleware\\StartSession->handle()
#32 /home/ouknik/Desktop/brahim_projects/j/j v2/jeunesscar/framework/vendor/laravel/framework/src/Illuminate/Cookie/Middleware/AddQueuedCookiesToResponse.php(37): Illuminate\\Pipeline\\Pipeline->Illuminate\\Pipeline\\{closure}()
#33 /home/ouknik/Desktop/brahim_projects/j/j v2/jeunesscar/framework/vendor/laravel/framework/src/Illuminate/Pipeline/Pipeline.php(183): Illuminate\\Cookie\\Middleware\\AddQueuedCookiesToResponse->handle()
#34 /home/ouknik/Desktop/brahim_projects/j/j v2/jeunesscar/framework/vendor/laravel/framework/src/Illuminate/Cookie/Middleware/EncryptCookies.php(67): Illuminate\\Pipeline\\Pipeline->Illuminate\\Pipeline\\{closure}()
#35 /home/ouknik/Desktop/brahim_projects/j/j v2/jeunesscar/framework/vendor/laravel/framework/src/Illuminate/Pipeline/Pipeline.php(183): Illuminate\\Cookie\\Middleware\\EncryptCookies->handle()
#36 /home/ouknik/Desktop/brahim_projects/j/j v2/jeunesscar/framework/vendor/laravel/framework/src/Illuminate/Pipeline/Pipeline.php(119): Illuminate\\Pipeline\\Pipeline->Illuminate\\Pipeline\\{closure}()
#37 /home/ouknik/Desktop/brahim_projects/j/j v2/jeunesscar/framework/vendor/laravel/framework/src/Illuminate/Routing/Router.php(805): Illuminate\\Pipeline\\Pipeline->then()
#38 /home/ouknik/Desktop/brahim_projects/j/j v2/jeunesscar/framework/vendor/laravel/framework/src/Illuminate/Routing/Router.php(784): Illuminate\\Routing\\Router->runRouteWithinStack()
#39 /home/ouknik/Desktop/brahim_projects/j/j v2/jeunesscar/framework/vendor/laravel/framework/src/Illuminate/Routing/Router.php(748): Illuminate\\Routing\\Router->runRoute()
#40 /home/ouknik/Desktop/brahim_projects/j/j v2/jeunesscar/framework/vendor/laravel/framework/src/Illuminate/Routing/Router.php(737): Illuminate\\Routing\\Router->dispatchToRoute()
#41 /home/ouknik/Desktop/brahim_projects/j/j v2/jeunesscar/framework/vendor/laravel/framework/src/Illuminate/Foundation/Http/Kernel.php(200): Illuminate\\Routing\\Router->dispatch()
#42 /home/ouknik/Desktop/brahim_projects/j/j v2/jeunesscar/framework/vendor/laravel/framework/src/Illuminate/Pipeline/Pipeline.php(144): Illuminate\\Foundation\\Http\\Kernel->Illuminate\\Foundation\\Http\\{closure}()
#43 /home/ouknik/Desktop/brahim_projects/j/j v2/jeunesscar/framework/vendor/laravel/framework/src/Illuminate/Foundation/Http/Middleware/TransformsRequest.php(21): Illuminate\\Pipeline\\Pipeline->Illuminate\\Pipeline\\{closure}()
#44 /home/ouknik/Desktop/brahim_projects/j/j v2/jeunesscar/framework/vendor/laravel/framework/src/Illuminate/Foundation/Http/Middleware/ConvertEmptyStringsToNull.php(31): Illuminate\\Foundation\\Http\\Middleware\\TransformsRequest->handle()
#45 /home/ouknik/Desktop/brahim_projects/j/j v2/jeunesscar/framework/vendor/laravel/framework/src/Illuminate/Pipeline/Pipeline.php(183): Illuminate\\Foundation\\Http\\Middleware\\ConvertEmptyStringsToNull->handle()
#46 /home/ouknik/Desktop/brahim_projects/j/j v2/jeunesscar/framework/vendor/laravel/framework/src/Illuminate/Foundation/Http/Middleware/TransformsRequest.php(21): Illuminate\\Pipeline\\Pipeline->Illuminate\\Pipeline\\{closure}()
#47 /home/ouknik/Desktop/brahim_projects/j/j v2/jeunesscar/framework/vendor/laravel/framework/src/Illuminate/Foundation/Http/Middleware/TrimStrings.php(40): Illuminate\\Foundation\\Http\\Middleware\\TransformsRequest->handle()
#48 /home/ouknik/Desktop/brahim_projects/j/j v2/jeunesscar/framework/vendor/laravel/framework/src/Illuminate/Pipeline/Pipeline.php(183): Illuminate\\Foundation\\Http\\Middleware\\TrimStrings->handle()
#49 /home/ouknik/Desktop/brahim_projects/j/j v2/jeunesscar/framework/vendor/laravel/framework/src/Illuminate/Foundation/Http/Middleware/ValidatePostSize.php(27): Illuminate\\Pipeline\\Pipeline->Illuminate\\Pipeline\\{closure}()
#50 /home/ouknik/Desktop/brahim_projects/j/j v2/jeunesscar/framework/vendor/laravel/framework/src/Illuminate/Pipeline/Pipeline.php(183): Illuminate\\Foundation\\Http\\Middleware\\ValidatePostSize->handle()
#51 /home/ouknik/Desktop/brahim_projects/j/j v2/jeunesscar/framework/vendor/laravel/framework/src/Illuminate/Foundation/Http/Middleware/PreventRequestsDuringMaintenance.php(99): Illuminate\\Pipeline\\Pipeline->Illuminate\\Pipeline\\{closure}()
#52 /home/ouknik/Desktop/brahim_projects/j/j v2/jeunesscar/framework/vendor/laravel/framework/src/Illuminate/Pipeline/Pipeline.php(183): Illuminate\\Foundation\\Http\\Middleware\\PreventRequestsDuringMaintenance->handle()
#53 /home/ouknik/Desktop/brahim_projects/j/j v2/jeunesscar/framework/vendor/laravel/framework/src/Illuminate/Pipeline/Pipeline.php(119): Illuminate\\Pipeline\\Pipeline->Illuminate\\Pipeline\\{closure}()
#54 /home/ouknik/Desktop/brahim_projects/j/j v2/jeunesscar/framework/vendor/laravel/framework/src/Illuminate/Foundation/Http/Kernel.php(175): Illuminate\\Pipeline\\Pipeline->then()
#55 /home/ouknik/Desktop/brahim_projects/j/j v2/jeunesscar/framework/vendor/laravel/framework/src/Illuminate/Foundation/Http/Kernel.php(144): Illuminate\\Foundation\\Http\\Kernel->sendRequestThroughRouter()
#56 /home/ouknik/Desktop/brahim_projects/j/j v2/jeunesscar/index.php(13): Illuminate\\Foundation\\Http\\Kernel->handle()
#57 {main}
"} 
[2025-05-15 22:55:55] local.ERROR: Undefined property: stdClass::$id {"view":{"view":"/home/ouknik/Desktop/brahim_projects/j/j v2/jeunesscar/framework/resources/views/contract/test.blade.php","data":[]},"userId":1,"exception":"[object] (Spatie\\LaravelIgnition\\Exceptions\\ViewException(code: 0): Undefined property: stdClass::$id at /home/ouknik/Desktop/brahim_projects/j/j v2/jeunesscar/framework/resources/views/contract/test.blade.php:762)
[stacktrace]
#0 /home/ouknik/Desktop/brahim_projects/j/j v2/jeunesscar/framework/vendor/laravel/framework/src/Illuminate/Filesystem/Filesystem.php(123): require('...')
#1 /home/ouknik/Desktop/brahim_projects/j/j v2/jeunesscar/framework/vendor/laravel/framework/src/Illuminate/Filesystem/Filesystem.php(124): Illuminate\\Filesystem\\Filesystem::Illuminate\\Filesystem\\{closure}()
#2 /home/ouknik/Desktop/brahim_projects/j/j v2/jeunesscar/framework/vendor/laravel/framework/src/Illuminate/View/Engines/PhpEngine.php(58): Illuminate\\Filesystem\\Filesystem->getRequire()
#3 /home/ouknik/Desktop/brahim_projects/j/j v2/jeunesscar/framework/vendor/laravel/framework/src/Illuminate/View/Engines/CompilerEngine.php(72): Illuminate\\View\\Engines\\PhpEngine->evaluatePath()
#4 /home/ouknik/Desktop/brahim_projects/j/j v2/jeunesscar/framework/vendor/laravel/framework/src/Illuminate/View/View.php(207): Illuminate\\View\\Engines\\CompilerEngine->get()
#5 /home/ouknik/Desktop/brahim_projects/j/j v2/jeunesscar/framework/vendor/laravel/framework/src/Illuminate/View/View.php(190): Illuminate\\View\\View->getContents()
#6 /home/ouknik/Desktop/brahim_projects/j/j v2/jeunesscar/framework/vendor/laravel/framework/src/Illuminate/View/View.php(159): Illuminate\\View\\View->renderContents()
#7 /home/ouknik/Desktop/brahim_projects/j/j v2/jeunesscar/framework/vendor/laravel/framework/src/Illuminate/Http/Response.php(69): Illuminate\\View\\View->render()
#8 /home/ouknik/Desktop/brahim_projects/j/j v2/jeunesscar/framework/vendor/laravel/framework/src/Illuminate/Http/Response.php(35): Illuminate\\Http\\Response->setContent()
#9 /home/ouknik/Desktop/brahim_projects/j/j v2/jeunesscar/framework/vendor/laravel/framework/src/Illuminate/Routing/Router.php(918): Illuminate\\Http\\Response->__construct()
#10 /home/ouknik/Desktop/brahim_projects/j/j v2/jeunesscar/framework/vendor/laravel/framework/src/Illuminate/Routing/Router.php(885): Illuminate\\Routing\\Router::toResponse()
#11 /home/ouknik/Desktop/brahim_projects/j/j v2/jeunesscar/framework/vendor/laravel/framework/src/Illuminate/Routing/Router.php(805): Illuminate\\Routing\\Router->prepareResponse()
#12 /home/ouknik/Desktop/brahim_projects/j/j v2/jeunesscar/framework/vendor/laravel/framework/src/Illuminate/Pipeline/Pipeline.php(144): Illuminate\\Routing\\Router->Illuminate\\Routing\\{closure}()
#13 /home/ouknik/Desktop/brahim_projects/j/j v2/jeunesscar/framework/app/Http/Middleware/IsInstalled.php(29): Illuminate\\Pipeline\\Pipeline->Illuminate\\Pipeline\\{closure}()
#14 /home/ouknik/Desktop/brahim_projects/j/j v2/jeunesscar/framework/vendor/laravel/framework/src/Illuminate/Pipeline/Pipeline.php(183): App\\Http\\Middleware\\IsInstalled->handle()
#15 /home/ouknik/Desktop/brahim_projects/j/j v2/jeunesscar/framework/app/Http/Middleware/OfficeAdmin.php(25): Illuminate\\Pipeline\\Pipeline->Illuminate\\Pipeline\\{closure}()
#16 /home/ouknik/Desktop/brahim_projects/j/j v2/jeunesscar/framework/vendor/laravel/framework/src/Illuminate/Pipeline/Pipeline.php(183): App\\Http\\Middleware\\OfficeAdmin->handle()
#17 /home/ouknik/Desktop/brahim_projects/j/j v2/jeunesscar/framework/app/Http/Middleware/SetLocale.php(37): Illuminate\\Pipeline\\Pipeline->Illuminate\\Pipeline\\{closure}()
#18 /home/ouknik/Desktop/brahim_projects/j/j v2/jeunesscar/framework/vendor/laravel/framework/src/Illuminate/Pipeline/Pipeline.php(183): App\\Http\\Middleware\\SetLocale->handle()
#19 /home/ouknik/Desktop/brahim_projects/j/j v2/jeunesscar/framework/vendor/laravel/framework/src/Illuminate/Routing/Middleware/SubstituteBindings.php(50): Illuminate\\Pipeline\\Pipeline->Illuminate\\Pipeline\\{closure}()
#20 /home/ouknik/Desktop/brahim_projects/j/j v2/jeunesscar/framework/vendor/laravel/framework/src/Illuminate/Pipeline/Pipeline.php(183): Illuminate\\Routing\\Middleware\\SubstituteBindings->handle()
#21 /home/ouknik/Desktop/brahim_projects/j/j v2/jeunesscar/framework/vendor/laravel/framework/src/Illuminate/Auth/Middleware/Authenticate.php(57): Illuminate\\Pipeline\\Pipeline->Illuminate\\Pipeline\\{closure}()
#22 /home/ouknik/Desktop/brahim_projects/j/j v2/jeunesscar/framework/vendor/laravel/framework/src/Illuminate/Pipeline/Pipeline.php(183): Illuminate\\Auth\\Middleware\\Authenticate->handle()
#23 /home/ouknik/Desktop/brahim_projects/j/j v2/jeunesscar/framework/vendor/laravel/framework/src/Illuminate/Foundation/Http/Middleware/VerifyCsrfToken.php(78): Illuminate\\Pipeline\\Pipeline->Illuminate\\Pipeline\\{closure}()
#24 /home/ouknik/Desktop/brahim_projects/j/j v2/jeunesscar/framework/vendor/laravel/framework/src/Illuminate/Pipeline/Pipeline.php(183): Illuminate\\Foundation\\Http\\Middleware\\VerifyCsrfToken->handle()
#25 /home/ouknik/Desktop/brahim_projects/j/j v2/jeunesscar/framework/vendor/laravel/framework/src/Illuminate/View/Middleware/ShareErrorsFromSession.php(49): Illuminate\\Pipeline\\Pipeline->Illuminate\\Pipeline\\{closure}()
#26 /home/ouknik/Desktop/brahim_projects/j/j v2/jeunesscar/framework/vendor/laravel/framework/src/Illuminate/Pipeline/Pipeline.php(183): Illuminate\\View\\Middleware\\ShareErrorsFromSession->handle()
#27 /home/ouknik/Desktop/brahim_projects/j/j v2/jeunesscar/framework/vendor/laravel/framework/src/Illuminate/Session/Middleware/StartSession.php(121): Illuminate\\Pipeline\\Pipeline->Illuminate\\Pipeline\\{closure}()
#28 /home/ouknik/Desktop/brahim_projects/j/j v2/jeunesscar/framework/vendor/laravel/framework/src/Illuminate/Session/Middleware/StartSession.php(64): Illuminate\\Session\\Middleware\\StartSession->handleStatefulRequest()
#29 /home/ouknik/Desktop/brahim_projects/j/j v2/jeunesscar/framework/vendor/laravel/framework/src/Illuminate/Pipeline/Pipeline.php(183): Illuminate\\Session\\Middleware\\StartSession->handle()
#30 /home/ouknik/Desktop/brahim_projects/j/j v2/jeunesscar/framework/vendor/laravel/framework/src/Illuminate/Cookie/Middleware/AddQueuedCookiesToResponse.php(37): Illuminate\\Pipeline\\Pipeline->Illuminate\\Pipeline\\{closure}()
#31 /home/ouknik/Desktop/brahim_projects/j/j v2/jeunesscar/framework/vendor/laravel/framework/src/Illuminate/Pipeline/Pipeline.php(183): Illuminate\\Cookie\\Middleware\\AddQueuedCookiesToResponse->handle()
#32 /home/ouknik/Desktop/brahim_projects/j/j v2/jeunesscar/framework/vendor/laravel/framework/src/Illuminate/Cookie/Middleware/EncryptCookies.php(67): Illuminate\\Pipeline\\Pipeline->Illuminate\\Pipeline\\{closure}()
#33 /home/ouknik/Desktop/brahim_projects/j/j v2/jeunesscar/framework/vendor/laravel/framework/src/Illuminate/Pipeline/Pipeline.php(183): Illuminate\\Cookie\\Middleware\\EncryptCookies->handle()
#34 /home/ouknik/Desktop/brahim_projects/j/j v2/jeunesscar/framework/vendor/laravel/framework/src/Illuminate/Pipeline/Pipeline.php(119): Illuminate\\Pipeline\\Pipeline->Illuminate\\Pipeline\\{closure}()
#35 /home/ouknik/Desktop/brahim_projects/j/j v2/jeunesscar/framework/vendor/laravel/framework/src/Illuminate/Routing/Router.php(805): Illuminate\\Pipeline\\Pipeline->then()
#36 /home/ouknik/Desktop/brahim_projects/j/j v2/jeunesscar/framework/vendor/laravel/framework/src/Illuminate/Routing/Router.php(784): Illuminate\\Routing\\Router->runRouteWithinStack()
#37 /home/ouknik/Desktop/brahim_projects/j/j v2/jeunesscar/framework/vendor/laravel/framework/src/Illuminate/Routing/Router.php(748): Illuminate\\Routing\\Router->runRoute()
#38 /home/ouknik/Desktop/brahim_projects/j/j v2/jeunesscar/framework/vendor/laravel/framework/src/Illuminate/Routing/Router.php(737): Illuminate\\Routing\\Router->dispatchToRoute()
#39 /home/ouknik/Desktop/brahim_projects/j/j v2/jeunesscar/framework/vendor/laravel/framework/src/Illuminate/Foundation/Http/Kernel.php(200): Illuminate\\Routing\\Router->dispatch()
#40 /home/ouknik/Desktop/brahim_projects/j/j v2/jeunesscar/framework/vendor/laravel/framework/src/Illuminate/Pipeline/Pipeline.php(144): Illuminate\\Foundation\\Http\\Kernel->Illuminate\\Foundation\\Http\\{closure}()
#41 /home/ouknik/Desktop/brahim_projects/j/j v2/jeunesscar/framework/vendor/laravel/framework/src/Illuminate/Foundation/Http/Middleware/TransformsRequest.php(21): Illuminate\\Pipeline\\Pipeline->Illuminate\\Pipeline\\{closure}()
#42 /home/ouknik/Desktop/brahim_projects/j/j v2/jeunesscar/framework/vendor/laravel/framework/src/Illuminate/Foundation/Http/Middleware/ConvertEmptyStringsToNull.php(31): Illuminate\\Foundation\\Http\\Middleware\\TransformsRequest->handle()
#43 /home/ouknik/Desktop/brahim_projects/j/j v2/jeunesscar/framework/vendor/laravel/framework/src/Illuminate/Pipeline/Pipeline.php(183): Illuminate\\Foundation\\Http\\Middleware\\ConvertEmptyStringsToNull->handle()
#44 /home/ouknik/Desktop/brahim_projects/j/j v2/jeunesscar/framework/vendor/laravel/framework/src/Illuminate/Foundation/Http/Middleware/TransformsRequest.php(21): Illuminate\\Pipeline\\Pipeline->Illuminate\\Pipeline\\{closure}()
#45 /home/ouknik/Desktop/brahim_projects/j/j v2/jeunesscar/framework/vendor/laravel/framework/src/Illuminate/Foundation/Http/Middleware/TrimStrings.php(40): Illuminate\\Foundation\\Http\\Middleware\\TransformsRequest->handle()
#46 /home/ouknik/Desktop/brahim_projects/j/j v2/jeunesscar/framework/vendor/laravel/framework/src/Illuminate/Pipeline/Pipeline.php(183): Illuminate\\Foundation\\Http\\Middleware\\TrimStrings->handle()
#47 /home/ouknik/Desktop/brahim_projects/j/j v2/jeunesscar/framework/vendor/laravel/framework/src/Illuminate/Foundation/Http/Middleware/ValidatePostSize.php(27): Illuminate\\Pipeline\\Pipeline->Illuminate\\Pipeline\\{closure}()
#48 /home/ouknik/Desktop/brahim_projects/j/j v2/jeunesscar/framework/vendor/laravel/framework/src/Illuminate/Pipeline/Pipeline.php(183): Illuminate\\Foundation\\Http\\Middleware\\ValidatePostSize->handle()
#49 /home/ouknik/Desktop/brahim_projects/j/j v2/jeunesscar/framework/vendor/laravel/framework/src/Illuminate/Foundation/Http/Middleware/PreventRequestsDuringMaintenance.php(99): Illuminate\\Pipeline\\Pipeline->Illuminate\\Pipeline\\{closure}()
#50 /home/ouknik/Desktop/brahim_projects/j/j v2/jeunesscar/framework/vendor/laravel/framework/src/Illuminate/Pipeline/Pipeline.php(183): Illuminate\\Foundation\\Http\\Middleware\\PreventRequestsDuringMaintenance->handle()
#51 /home/ouknik/Desktop/brahim_projects/j/j v2/jeunesscar/framework/vendor/laravel/framework/src/Illuminate/Pipeline/Pipeline.php(119): Illuminate\\Pipeline\\Pipeline->Illuminate\\Pipeline\\{closure}()
#52 /home/ouknik/Desktop/brahim_projects/j/j v2/jeunesscar/framework/vendor/laravel/framework/src/Illuminate/Foundation/Http/Kernel.php(175): Illuminate\\Pipeline\\Pipeline->then()
#53 /home/ouknik/Desktop/brahim_projects/j/j v2/jeunesscar/framework/vendor/laravel/framework/src/Illuminate/Foundation/Http/Kernel.php(144): Illuminate\\Foundation\\Http\\Kernel->sendRequestThroughRouter()
#54 /home/ouknik/Desktop/brahim_projects/j/j v2/jeunesscar/index.php(13): Illuminate\\Foundation\\Http\\Kernel->handle()
#55 {main}

[previous exception] [object] (ErrorException(code: 0): Undefined property: stdClass::$id at /home/ouknik/Desktop/brahim_projects/j/j v2/jeunesscar/framework/storage/framework/views/054a7f97e22dd60d9386e8204ccc6585.php:752)
[stacktrace]
#0 /home/ouknik/Desktop/brahim_projects/j/j v2/jeunesscar/framework/vendor/laravel/framework/src/Illuminate/Foundation/Bootstrap/HandleExceptions.php(255): Illuminate\\Foundation\\Bootstrap\\HandleExceptions->handleError()
#1 /home/ouknik/Desktop/brahim_projects/j/j v2/jeunesscar/framework/storage/framework/views/054a7f97e22dd60d9386e8204ccc6585.php(752): Illuminate\\Foundation\\Bootstrap\\HandleExceptions->Illuminate\\Foundation\\Bootstrap\\{closure}()
#2 /home/ouknik/Desktop/brahim_projects/j/j v2/jeunesscar/framework/vendor/laravel/framework/src/Illuminate/Filesystem/Filesystem.php(123): require('...')
#3 /home/ouknik/Desktop/brahim_projects/j/j v2/jeunesscar/framework/vendor/laravel/framework/src/Illuminate/Filesystem/Filesystem.php(124): Illuminate\\Filesystem\\Filesystem::Illuminate\\Filesystem\\{closure}()
#4 /home/ouknik/Desktop/brahim_projects/j/j v2/jeunesscar/framework/vendor/laravel/framework/src/Illuminate/View/Engines/PhpEngine.php(58): Illuminate\\Filesystem\\Filesystem->getRequire()
#5 /home/ouknik/Desktop/brahim_projects/j/j v2/jeunesscar/framework/vendor/laravel/framework/src/Illuminate/View/Engines/CompilerEngine.php(72): Illuminate\\View\\Engines\\PhpEngine->evaluatePath()
#6 /home/ouknik/Desktop/brahim_projects/j/j v2/jeunesscar/framework/vendor/laravel/framework/src/Illuminate/View/View.php(207): Illuminate\\View\\Engines\\CompilerEngine->get()
#7 /home/ouknik/Desktop/brahim_projects/j/j v2/jeunesscar/framework/vendor/laravel/framework/src/Illuminate/View/View.php(190): Illuminate\\View\\View->getContents()
#8 /home/ouknik/Desktop/brahim_projects/j/j v2/jeunesscar/framework/vendor/laravel/framework/src/Illuminate/View/View.php(159): Illuminate\\View\\View->renderContents()
#9 /home/ouknik/Desktop/brahim_projects/j/j v2/jeunesscar/framework/vendor/laravel/framework/src/Illuminate/Http/Response.php(69): Illuminate\\View\\View->render()
#10 /home/ouknik/Desktop/brahim_projects/j/j v2/jeunesscar/framework/vendor/laravel/framework/src/Illuminate/Http/Response.php(35): Illuminate\\Http\\Response->setContent()
#11 /home/ouknik/Desktop/brahim_projects/j/j v2/jeunesscar/framework/vendor/laravel/framework/src/Illuminate/Routing/Router.php(918): Illuminate\\Http\\Response->__construct()
#12 /home/ouknik/Desktop/brahim_projects/j/j v2/jeunesscar/framework/vendor/laravel/framework/src/Illuminate/Routing/Router.php(885): Illuminate\\Routing\\Router::toResponse()
#13 /home/ouknik/Desktop/brahim_projects/j/j v2/jeunesscar/framework/vendor/laravel/framework/src/Illuminate/Routing/Router.php(805): Illuminate\\Routing\\Router->prepareResponse()
#14 /home/ouknik/Desktop/brahim_projects/j/j v2/jeunesscar/framework/vendor/laravel/framework/src/Illuminate/Pipeline/Pipeline.php(144): Illuminate\\Routing\\Router->Illuminate\\Routing\\{closure}()
#15 /home/ouknik/Desktop/brahim_projects/j/j v2/jeunesscar/framework/app/Http/Middleware/IsInstalled.php(29): Illuminate\\Pipeline\\Pipeline->Illuminate\\Pipeline\\{closure}()
#16 /home/ouknik/Desktop/brahim_projects/j/j v2/jeunesscar/framework/vendor/laravel/framework/src/Illuminate/Pipeline/Pipeline.php(183): App\\Http\\Middleware\\IsInstalled->handle()
#17 /home/ouknik/Desktop/brahim_projects/j/j v2/jeunesscar/framework/app/Http/Middleware/OfficeAdmin.php(25): Illuminate\\Pipeline\\Pipeline->Illuminate\\Pipeline\\{closure}()
#18 /home/ouknik/Desktop/brahim_projects/j/j v2/jeunesscar/framework/vendor/laravel/framework/src/Illuminate/Pipeline/Pipeline.php(183): App\\Http\\Middleware\\OfficeAdmin->handle()
#19 /home/ouknik/Desktop/brahim_projects/j/j v2/jeunesscar/framework/app/Http/Middleware/SetLocale.php(37): Illuminate\\Pipeline\\Pipeline->Illuminate\\Pipeline\\{closure}()
#20 /home/ouknik/Desktop/brahim_projects/j/j v2/jeunesscar/framework/vendor/laravel/framework/src/Illuminate/Pipeline/Pipeline.php(183): App\\Http\\Middleware\\SetLocale->handle()
#21 /home/ouknik/Desktop/brahim_projects/j/j v2/jeunesscar/framework/vendor/laravel/framework/src/Illuminate/Routing/Middleware/SubstituteBindings.php(50): Illuminate\\Pipeline\\Pipeline->Illuminate\\Pipeline\\{closure}()
#22 /home/ouknik/Desktop/brahim_projects/j/j v2/jeunesscar/framework/vendor/laravel/framework/src/Illuminate/Pipeline/Pipeline.php(183): Illuminate\\Routing\\Middleware\\SubstituteBindings->handle()
#23 /home/ouknik/Desktop/brahim_projects/j/j v2/jeunesscar/framework/vendor/laravel/framework/src/Illuminate/Auth/Middleware/Authenticate.php(57): Illuminate\\Pipeline\\Pipeline->Illuminate\\Pipeline\\{closure}()
#24 /home/ouknik/Desktop/brahim_projects/j/j v2/jeunesscar/framework/vendor/laravel/framework/src/Illuminate/Pipeline/Pipeline.php(183): Illuminate\\Auth\\Middleware\\Authenticate->handle()
#25 /home/ouknik/Desktop/brahim_projects/j/j v2/jeunesscar/framework/vendor/laravel/framework/src/Illuminate/Foundation/Http/Middleware/VerifyCsrfToken.php(78): Illuminate\\Pipeline\\Pipeline->Illuminate\\Pipeline\\{closure}()
#26 /home/ouknik/Desktop/brahim_projects/j/j v2/jeunesscar/framework/vendor/laravel/framework/src/Illuminate/Pipeline/Pipeline.php(183): Illuminate\\Foundation\\Http\\Middleware\\VerifyCsrfToken->handle()
#27 /home/ouknik/Desktop/brahim_projects/j/j v2/jeunesscar/framework/vendor/laravel/framework/src/Illuminate/View/Middleware/ShareErrorsFromSession.php(49): Illuminate\\Pipeline\\Pipeline->Illuminate\\Pipeline\\{closure}()
#28 /home/ouknik/Desktop/brahim_projects/j/j v2/jeunesscar/framework/vendor/laravel/framework/src/Illuminate/Pipeline/Pipeline.php(183): Illuminate\\View\\Middleware\\ShareErrorsFromSession->handle()
#29 /home/ouknik/Desktop/brahim_projects/j/j v2/jeunesscar/framework/vendor/laravel/framework/src/Illuminate/Session/Middleware/StartSession.php(121): Illuminate\\Pipeline\\Pipeline->Illuminate\\Pipeline\\{closure}()
#30 /home/ouknik/Desktop/brahim_projects/j/j v2/jeunesscar/framework/vendor/laravel/framework/src/Illuminate/Session/Middleware/StartSession.php(64): Illuminate\\Session\\Middleware\\StartSession->handleStatefulRequest()
#31 /home/ouknik/Desktop/brahim_projects/j/j v2/jeunesscar/framework/vendor/laravel/framework/src/Illuminate/Pipeline/Pipeline.php(183): Illuminate\\Session\\Middleware\\StartSession->handle()
#32 /home/ouknik/Desktop/brahim_projects/j/j v2/jeunesscar/framework/vendor/laravel/framework/src/Illuminate/Cookie/Middleware/AddQueuedCookiesToResponse.php(37): Illuminate\\Pipeline\\Pipeline->Illuminate\\Pipeline\\{closure}()
#33 /home/ouknik/Desktop/brahim_projects/j/j v2/jeunesscar/framework/vendor/laravel/framework/src/Illuminate/Pipeline/Pipeline.php(183): Illuminate\\Cookie\\Middleware\\AddQueuedCookiesToResponse->handle()
#34 /home/ouknik/Desktop/brahim_projects/j/j v2/jeunesscar/framework/vendor/laravel/framework/src/Illuminate/Cookie/Middleware/EncryptCookies.php(67): Illuminate\\Pipeline\\Pipeline->Illuminate\\Pipeline\\{closure}()
#35 /home/ouknik/Desktop/brahim_projects/j/j v2/jeunesscar/framework/vendor/laravel/framework/src/Illuminate/Pipeline/Pipeline.php(183): Illuminate\\Cookie\\Middleware\\EncryptCookies->handle()
#36 /home/ouknik/Desktop/brahim_projects/j/j v2/jeunesscar/framework/vendor/laravel/framework/src/Illuminate/Pipeline/Pipeline.php(119): Illuminate\\Pipeline\\Pipeline->Illuminate\\Pipeline\\{closure}()
#37 /home/ouknik/Desktop/brahim_projects/j/j v2/jeunesscar/framework/vendor/laravel/framework/src/Illuminate/Routing/Router.php(805): Illuminate\\Pipeline\\Pipeline->then()
#38 /home/ouknik/Desktop/brahim_projects/j/j v2/jeunesscar/framework/vendor/laravel/framework/src/Illuminate/Routing/Router.php(784): Illuminate\\Routing\\Router->runRouteWithinStack()
#39 /home/ouknik/Desktop/brahim_projects/j/j v2/jeunesscar/framework/vendor/laravel/framework/src/Illuminate/Routing/Router.php(748): Illuminate\\Routing\\Router->runRoute()
#40 /home/ouknik/Desktop/brahim_projects/j/j v2/jeunesscar/framework/vendor/laravel/framework/src/Illuminate/Routing/Router.php(737): Illuminate\\Routing\\Router->dispatchToRoute()
#41 /home/ouknik/Desktop/brahim_projects/j/j v2/jeunesscar/framework/vendor/laravel/framework/src/Illuminate/Foundation/Http/Kernel.php(200): Illuminate\\Routing\\Router->dispatch()
#42 /home/ouknik/Desktop/brahim_projects/j/j v2/jeunesscar/framework/vendor/laravel/framework/src/Illuminate/Pipeline/Pipeline.php(144): Illuminate\\Foundation\\Http\\Kernel->Illuminate\\Foundation\\Http\\{closure}()
#43 /home/ouknik/Desktop/brahim_projects/j/j v2/jeunesscar/framework/vendor/laravel/framework/src/Illuminate/Foundation/Http/Middleware/TransformsRequest.php(21): Illuminate\\Pipeline\\Pipeline->Illuminate\\Pipeline\\{closure}()
#44 /home/ouknik/Desktop/brahim_projects/j/j v2/jeunesscar/framework/vendor/laravel/framework/src/Illuminate/Foundation/Http/Middleware/ConvertEmptyStringsToNull.php(31): Illuminate\\Foundation\\Http\\Middleware\\TransformsRequest->handle()
#45 /home/ouknik/Desktop/brahim_projects/j/j v2/jeunesscar/framework/vendor/laravel/framework/src/Illuminate/Pipeline/Pipeline.php(183): Illuminate\\Foundation\\Http\\Middleware\\ConvertEmptyStringsToNull->handle()
#46 /home/ouknik/Desktop/brahim_projects/j/j v2/jeunesscar/framework/vendor/laravel/framework/src/Illuminate/Foundation/Http/Middleware/TransformsRequest.php(21): Illuminate\\Pipeline\\Pipeline->Illuminate\\Pipeline\\{closure}()
#47 /home/ouknik/Desktop/brahim_projects/j/j v2/jeunesscar/framework/vendor/laravel/framework/src/Illuminate/Foundation/Http/Middleware/TrimStrings.php(40): Illuminate\\Foundation\\Http\\Middleware\\TransformsRequest->handle()
#48 /home/ouknik/Desktop/brahim_projects/j/j v2/jeunesscar/framework/vendor/laravel/framework/src/Illuminate/Pipeline/Pipeline.php(183): Illuminate\\Foundation\\Http\\Middleware\\TrimStrings->handle()
#49 /home/ouknik/Desktop/brahim_projects/j/j v2/jeunesscar/framework/vendor/laravel/framework/src/Illuminate/Foundation/Http/Middleware/ValidatePostSize.php(27): Illuminate\\Pipeline\\Pipeline->Illuminate\\Pipeline\\{closure}()
#50 /home/ouknik/Desktop/brahim_projects/j/j v2/jeunesscar/framework/vendor/laravel/framework/src/Illuminate/Pipeline/Pipeline.php(183): Illuminate\\Foundation\\Http\\Middleware\\ValidatePostSize->handle()
#51 /home/ouknik/Desktop/brahim_projects/j/j v2/jeunesscar/framework/vendor/laravel/framework/src/Illuminate/Foundation/Http/Middleware/PreventRequestsDuringMaintenance.php(99): Illuminate\\Pipeline\\Pipeline->Illuminate\\Pipeline\\{closure}()
#52 /home/ouknik/Desktop/brahim_projects/j/j v2/jeunesscar/framework/vendor/laravel/framework/src/Illuminate/Pipeline/Pipeline.php(183): Illuminate\\Foundation\\Http\\Middleware\\PreventRequestsDuringMaintenance->handle()
#53 /home/ouknik/Desktop/brahim_projects/j/j v2/jeunesscar/framework/vendor/laravel/framework/src/Illuminate/Pipeline/Pipeline.php(119): Illuminate\\Pipeline\\Pipeline->Illuminate\\Pipeline\\{closure}()
#54 /home/ouknik/Desktop/brahim_projects/j/j v2/jeunesscar/framework/vendor/laravel/framework/src/Illuminate/Foundation/Http/Kernel.php(175): Illuminate\\Pipeline\\Pipeline->then()
#55 /home/ouknik/Desktop/brahim_projects/j/j v2/jeunesscar/framework/vendor/laravel/framework/src/Illuminate/Foundation/Http/Kernel.php(144): Illuminate\\Foundation\\Http\\Kernel->sendRequestThroughRouter()
#56 /home/ouknik/Desktop/brahim_projects/j/j v2/jeunesscar/index.php(13): Illuminate\\Foundation\\Http\\Kernel->handle()
#57 {main}
"} 
