[2025-05-14 18:46:16] local.ERROR: Attempt to read property "name" on null {"view":{"view":"/home/ouknik/Desktop/brahim_projects/j/j v2/jeunesscar/framework/resources/views/income/index.blade.php","data":[]},"userId":1,"exception":"[object] (Spatie\\LaravelIgnition\\Exceptions\\ViewException(code: 0): Attempt to read property \"name\" on null at /home/ouknik/Desktop/brahim_projects/j/j v2/jeunesscar/framework/resources/views/income/index.blade.php:244)
[stacktrace]
#0 /home/ouknik/Desktop/brahim_projects/j/j v2/jeunesscar/framework/vendor/laravel/framework/src/Illuminate/Filesystem/Filesystem.php(123): require('...')
#1 /home/ouknik/Desktop/brahim_projects/j/j v2/jeunesscar/framework/vendor/laravel/framework/src/Illuminate/Filesystem/Filesystem.php(124): Illuminate\\Filesystem\\Filesystem::Illuminate\\Filesystem\\{closure}()
#2 /home/ouknik/Desktop/brahim_projects/j/j v2/jeunesscar/framework/vendor/laravel/framework/src/Illuminate/View/Engines/PhpEngine.php(58): Illuminate\\Filesystem\\Filesystem->getRequire()
#3 /home/ouknik/Desktop/brahim_projects/j/j v2/jeunesscar/framework/vendor/laravel/framework/src/Illuminate/View/Engines/CompilerEngine.php(72): Illuminate\\View\\Engines\\PhpEngine->evaluatePath()
#4 /home/ouknik/Desktop/brahim_projects/j/j v2/jeunesscar/framework/vendor/laravel/framework/src/Illuminate/View/View.php(207): Illuminate\\View\\Engines\\CompilerEngine->get()
#5 /home/ouknik/Desktop/brahim_projects/j/j v2/jeunesscar/framework/vendor/laravel/framework/src/Illuminate/View/View.php(190): Illuminate\\View\\View->getContents()
#6 /home/ouknik/Desktop/brahim_projects/j/j v2/jeunesscar/framework/vendor/laravel/framework/src/Illuminate/View/View.php(159): Illuminate\\View\\View->renderContents()
#7 /home/ouknik/Desktop/brahim_projects/j/j v2/jeunesscar/framework/vendor/laravel/framework/src/Illuminate/Http/Response.php(69): Illuminate\\View\\View->render()
#8 /home/ouknik/Desktop/brahim_projects/j/j v2/jeunesscar/framework/vendor/laravel/framework/src/Illuminate/Http/Response.php(35): Illuminate\\Http\\Response->setContent()
#9 /home/ouknik/Desktop/brahim_projects/j/j v2/jeunesscar/framework/vendor/laravel/framework/src/Illuminate/Routing/Router.php(918): Illuminate\\Http\\Response->__construct()
#10 /home/ouknik/Desktop/brahim_projects/j/j v2/jeunesscar/framework/vendor/laravel/framework/src/Illuminate/Routing/Router.php(885): Illuminate\\Routing\\Router::toResponse()
#11 /home/ouknik/Desktop/brahim_projects/j/j v2/jeunesscar/framework/vendor/laravel/framework/src/Illuminate/Routing/Router.php(805): Illuminate\\Routing\\Router->prepareResponse()
#12 /home/ouknik/Desktop/brahim_projects/j/j v2/jeunesscar/framework/vendor/laravel/framework/src/Illuminate/Pipeline/Pipeline.php(144): Illuminate\\Routing\\Router->Illuminate\\Routing\\{closure}()
#13 /home/ouknik/Desktop/brahim_projects/j/j v2/jeunesscar/framework/vendor/spatie/laravel-permission/src/Middlewares/PermissionMiddleware.php(24): Illuminate\\Pipeline\\Pipeline->Illuminate\\Pipeline\\{closure}()
#14 /home/ouknik/Desktop/brahim_projects/j/j v2/jeunesscar/framework/vendor/laravel/framework/src/Illuminate/Pipeline/Pipeline.php(183): Spatie\\Permission\\Middlewares\\PermissionMiddleware->handle()
#15 /home/ouknik/Desktop/brahim_projects/j/j v2/jeunesscar/framework/app/Http/Middleware/SetLocale.php(37): Illuminate\\Pipeline\\Pipeline->Illuminate\\Pipeline\\{closure}()
#16 /home/ouknik/Desktop/brahim_projects/j/j v2/jeunesscar/framework/vendor/laravel/framework/src/Illuminate/Pipeline/Pipeline.php(183): App\\Http\\Middleware\\SetLocale->handle()
#17 /home/ouknik/Desktop/brahim_projects/j/j v2/jeunesscar/framework/vendor/laravel/framework/src/Illuminate/Routing/Middleware/SubstituteBindings.php(50): Illuminate\\Pipeline\\Pipeline->Illuminate\\Pipeline\\{closure}()
#18 /home/ouknik/Desktop/brahim_projects/j/j v2/jeunesscar/framework/vendor/laravel/framework/src/Illuminate/Pipeline/Pipeline.php(183): Illuminate\\Routing\\Middleware\\SubstituteBindings->handle()
#19 /home/ouknik/Desktop/brahim_projects/j/j v2/jeunesscar/framework/vendor/laravel/framework/src/Illuminate/Auth/Middleware/Authenticate.php(57): Illuminate\\Pipeline\\Pipeline->Illuminate\\Pipeline\\{closure}()
#20 /home/ouknik/Desktop/brahim_projects/j/j v2/jeunesscar/framework/vendor/laravel/framework/src/Illuminate/Pipeline/Pipeline.php(183): Illuminate\\Auth\\Middleware\\Authenticate->handle()
#21 /home/ouknik/Desktop/brahim_projects/j/j v2/jeunesscar/framework/vendor/laravel/framework/src/Illuminate/Foundation/Http/Middleware/VerifyCsrfToken.php(78): Illuminate\\Pipeline\\Pipeline->Illuminate\\Pipeline\\{closure}()
#22 /home/ouknik/Desktop/brahim_projects/j/j v2/jeunesscar/framework/vendor/laravel/framework/src/Illuminate/Pipeline/Pipeline.php(183): Illuminate\\Foundation\\Http\\Middleware\\VerifyCsrfToken->handle()
#23 /home/ouknik/Desktop/brahim_projects/j/j v2/jeunesscar/framework/vendor/laravel/framework/src/Illuminate/View/Middleware/ShareErrorsFromSession.php(49): Illuminate\\Pipeline\\Pipeline->Illuminate\\Pipeline\\{closure}()
#24 /home/ouknik/Desktop/brahim_projects/j/j v2/jeunesscar/framework/vendor/laravel/framework/src/Illuminate/Pipeline/Pipeline.php(183): Illuminate\\View\\Middleware\\ShareErrorsFromSession->handle()
#25 /home/ouknik/Desktop/brahim_projects/j/j v2/jeunesscar/framework/vendor/laravel/framework/src/Illuminate/Session/Middleware/StartSession.php(121): Illuminate\\Pipeline\\Pipeline->Illuminate\\Pipeline\\{closure}()
#26 /home/ouknik/Desktop/brahim_projects/j/j v2/jeunesscar/framework/vendor/laravel/framework/src/Illuminate/Session/Middleware/StartSession.php(64): Illuminate\\Session\\Middleware\\StartSession->handleStatefulRequest()
#27 /home/ouknik/Desktop/brahim_projects/j/j v2/jeunesscar/framework/vendor/laravel/framework/src/Illuminate/Pipeline/Pipeline.php(183): Illuminate\\Session\\Middleware\\StartSession->handle()
#28 /home/ouknik/Desktop/brahim_projects/j/j v2/jeunesscar/framework/vendor/laravel/framework/src/Illuminate/Cookie/Middleware/AddQueuedCookiesToResponse.php(37): Illuminate\\Pipeline\\Pipeline->Illuminate\\Pipeline\\{closure}()
#29 /home/ouknik/Desktop/brahim_projects/j/j v2/jeunesscar/framework/vendor/laravel/framework/src/Illuminate/Pipeline/Pipeline.php(183): Illuminate\\Cookie\\Middleware\\AddQueuedCookiesToResponse->handle()
#30 /home/ouknik/Desktop/brahim_projects/j/j v2/jeunesscar/framework/vendor/laravel/framework/src/Illuminate/Cookie/Middleware/EncryptCookies.php(67): Illuminate\\Pipeline\\Pipeline->Illuminate\\Pipeline\\{closure}()
#31 /home/ouknik/Desktop/brahim_projects/j/j v2/jeunesscar/framework/vendor/laravel/framework/src/Illuminate/Pipeline/Pipeline.php(183): Illuminate\\Cookie\\Middleware\\EncryptCookies->handle()
#32 /home/ouknik/Desktop/brahim_projects/j/j v2/jeunesscar/framework/vendor/laravel/framework/src/Illuminate/Pipeline/Pipeline.php(119): Illuminate\\Pipeline\\Pipeline->Illuminate\\Pipeline\\{closure}()
#33 /home/ouknik/Desktop/brahim_projects/j/j v2/jeunesscar/framework/vendor/laravel/framework/src/Illuminate/Routing/Router.php(805): Illuminate\\Pipeline\\Pipeline->then()
#34 /home/ouknik/Desktop/brahim_projects/j/j v2/jeunesscar/framework/vendor/laravel/framework/src/Illuminate/Routing/Router.php(784): Illuminate\\Routing\\Router->runRouteWithinStack()
#35 /home/ouknik/Desktop/brahim_projects/j/j v2/jeunesscar/framework/vendor/laravel/framework/src/Illuminate/Routing/Router.php(748): Illuminate\\Routing\\Router->runRoute()
#36 /home/ouknik/Desktop/brahim_projects/j/j v2/jeunesscar/framework/vendor/laravel/framework/src/Illuminate/Routing/Router.php(737): Illuminate\\Routing\\Router->dispatchToRoute()
#37 /home/ouknik/Desktop/brahim_projects/j/j v2/jeunesscar/framework/vendor/laravel/framework/src/Illuminate/Foundation/Http/Kernel.php(200): Illuminate\\Routing\\Router->dispatch()
#38 /home/ouknik/Desktop/brahim_projects/j/j v2/jeunesscar/framework/vendor/laravel/framework/src/Illuminate/Pipeline/Pipeline.php(144): Illuminate\\Foundation\\Http\\Kernel->Illuminate\\Foundation\\Http\\{closure}()
#39 /home/ouknik/Desktop/brahim_projects/j/j v2/jeunesscar/framework/vendor/laravel/framework/src/Illuminate/Foundation/Http/Middleware/TransformsRequest.php(21): Illuminate\\Pipeline\\Pipeline->Illuminate\\Pipeline\\{closure}()
#40 /home/ouknik/Desktop/brahim_projects/j/j v2/jeunesscar/framework/vendor/laravel/framework/src/Illuminate/Foundation/Http/Middleware/ConvertEmptyStringsToNull.php(31): Illuminate\\Foundation\\Http\\Middleware\\TransformsRequest->handle()
#41 /home/ouknik/Desktop/brahim_projects/j/j v2/jeunesscar/framework/vendor/laravel/framework/src/Illuminate/Pipeline/Pipeline.php(183): Illuminate\\Foundation\\Http\\Middleware\\ConvertEmptyStringsToNull->handle()
#42 /home/ouknik/Desktop/brahim_projects/j/j v2/jeunesscar/framework/vendor/laravel/framework/src/Illuminate/Foundation/Http/Middleware/TransformsRequest.php(21): Illuminate\\Pipeline\\Pipeline->Illuminate\\Pipeline\\{closure}()
#43 /home/ouknik/Desktop/brahim_projects/j/j v2/jeunesscar/framework/vendor/laravel/framework/src/Illuminate/Foundation/Http/Middleware/TrimStrings.php(40): Illuminate\\Foundation\\Http\\Middleware\\TransformsRequest->handle()
#44 /home/ouknik/Desktop/brahim_projects/j/j v2/jeunesscar/framework/vendor/laravel/framework/src/Illuminate/Pipeline/Pipeline.php(183): Illuminate\\Foundation\\Http\\Middleware\\TrimStrings->handle()
#45 /home/ouknik/Desktop/brahim_projects/j/j v2/jeunesscar/framework/vendor/laravel/framework/src/Illuminate/Foundation/Http/Middleware/ValidatePostSize.php(27): Illuminate\\Pipeline\\Pipeline->Illuminate\\Pipeline\\{closure}()
#46 /home/ouknik/Desktop/brahim_projects/j/j v2/jeunesscar/framework/vendor/laravel/framework/src/Illuminate/Pipeline/Pipeline.php(183): Illuminate\\Foundation\\Http\\Middleware\\ValidatePostSize->handle()
#47 /home/ouknik/Desktop/brahim_projects/j/j v2/jeunesscar/framework/vendor/laravel/framework/src/Illuminate/Foundation/Http/Middleware/PreventRequestsDuringMaintenance.php(99): Illuminate\\Pipeline\\Pipeline->Illuminate\\Pipeline\\{closure}()
#48 /home/ouknik/Desktop/brahim_projects/j/j v2/jeunesscar/framework/vendor/laravel/framework/src/Illuminate/Pipeline/Pipeline.php(183): Illuminate\\Foundation\\Http\\Middleware\\PreventRequestsDuringMaintenance->handle()
#49 /home/ouknik/Desktop/brahim_projects/j/j v2/jeunesscar/framework/vendor/laravel/framework/src/Illuminate/Pipeline/Pipeline.php(119): Illuminate\\Pipeline\\Pipeline->Illuminate\\Pipeline\\{closure}()
#50 /home/ouknik/Desktop/brahim_projects/j/j v2/jeunesscar/framework/vendor/laravel/framework/src/Illuminate/Foundation/Http/Kernel.php(175): Illuminate\\Pipeline\\Pipeline->then()
#51 /home/ouknik/Desktop/brahim_projects/j/j v2/jeunesscar/framework/vendor/laravel/framework/src/Illuminate/Foundation/Http/Kernel.php(144): Illuminate\\Foundation\\Http\\Kernel->sendRequestThroughRouter()
#52 /home/ouknik/Desktop/brahim_projects/j/j v2/jeunesscar/index.php(13): Illuminate\\Foundation\\Http\\Kernel->handle()
#53 {main}

[previous exception] [object] (ErrorException(code: 0): Attempt to read property \"name\" on null at /home/ouknik/Desktop/brahim_projects/j/j v2/jeunesscar/framework/storage/framework/views/aae21edbdbfba5a59456aec6874246f1.php:262)
[stacktrace]
#0 /home/ouknik/Desktop/brahim_projects/j/j v2/jeunesscar/framework/vendor/laravel/framework/src/Illuminate/Foundation/Bootstrap/HandleExceptions.php(255): Illuminate\\Foundation\\Bootstrap\\HandleExceptions->handleError()
#1 /home/ouknik/Desktop/brahim_projects/j/j v2/jeunesscar/framework/storage/framework/views/aae21edbdbfba5a59456aec6874246f1.php(262): Illuminate\\Foundation\\Bootstrap\\HandleExceptions->Illuminate\\Foundation\\Bootstrap\\{closure}()
#2 /home/ouknik/Desktop/brahim_projects/j/j v2/jeunesscar/framework/vendor/laravel/framework/src/Illuminate/Filesystem/Filesystem.php(123): require('...')
#3 /home/ouknik/Desktop/brahim_projects/j/j v2/jeunesscar/framework/vendor/laravel/framework/src/Illuminate/Filesystem/Filesystem.php(124): Illuminate\\Filesystem\\Filesystem::Illuminate\\Filesystem\\{closure}()
#4 /home/ouknik/Desktop/brahim_projects/j/j v2/jeunesscar/framework/vendor/laravel/framework/src/Illuminate/View/Engines/PhpEngine.php(58): Illuminate\\Filesystem\\Filesystem->getRequire()
#5 /home/ouknik/Desktop/brahim_projects/j/j v2/jeunesscar/framework/vendor/laravel/framework/src/Illuminate/View/Engines/CompilerEngine.php(72): Illuminate\\View\\Engines\\PhpEngine->evaluatePath()
#6 /home/ouknik/Desktop/brahim_projects/j/j v2/jeunesscar/framework/vendor/laravel/framework/src/Illuminate/View/View.php(207): Illuminate\\View\\Engines\\CompilerEngine->get()
#7 /home/ouknik/Desktop/brahim_projects/j/j v2/jeunesscar/framework/vendor/laravel/framework/src/Illuminate/View/View.php(190): Illuminate\\View\\View->getContents()
#8 /home/ouknik/Desktop/brahim_projects/j/j v2/jeunesscar/framework/vendor/laravel/framework/src/Illuminate/View/View.php(159): Illuminate\\View\\View->renderContents()
#9 /home/ouknik/Desktop/brahim_projects/j/j v2/jeunesscar/framework/vendor/laravel/framework/src/Illuminate/Http/Response.php(69): Illuminate\\View\\View->render()
#10 /home/ouknik/Desktop/brahim_projects/j/j v2/jeunesscar/framework/vendor/laravel/framework/src/Illuminate/Http/Response.php(35): Illuminate\\Http\\Response->setContent()
#11 /home/ouknik/Desktop/brahim_projects/j/j v2/jeunesscar/framework/vendor/laravel/framework/src/Illuminate/Routing/Router.php(918): Illuminate\\Http\\Response->__construct()
#12 /home/ouknik/Desktop/brahim_projects/j/j v2/jeunesscar/framework/vendor/laravel/framework/src/Illuminate/Routing/Router.php(885): Illuminate\\Routing\\Router::toResponse()
#13 /home/ouknik/Desktop/brahim_projects/j/j v2/jeunesscar/framework/vendor/laravel/framework/src/Illuminate/Routing/Router.php(805): Illuminate\\Routing\\Router->prepareResponse()
#14 /home/ouknik/Desktop/brahim_projects/j/j v2/jeunesscar/framework/vendor/laravel/framework/src/Illuminate/Pipeline/Pipeline.php(144): Illuminate\\Routing\\Router->Illuminate\\Routing\\{closure}()
#15 /home/ouknik/Desktop/brahim_projects/j/j v2/jeunesscar/framework/vendor/spatie/laravel-permission/src/Middlewares/PermissionMiddleware.php(24): Illuminate\\Pipeline\\Pipeline->Illuminate\\Pipeline\\{closure}()
#16 /home/ouknik/Desktop/brahim_projects/j/j v2/jeunesscar/framework/vendor/laravel/framework/src/Illuminate/Pipeline/Pipeline.php(183): Spatie\\Permission\\Middlewares\\PermissionMiddleware->handle()
#17 /home/ouknik/Desktop/brahim_projects/j/j v2/jeunesscar/framework/app/Http/Middleware/SetLocale.php(37): Illuminate\\Pipeline\\Pipeline->Illuminate\\Pipeline\\{closure}()
#18 /home/ouknik/Desktop/brahim_projects/j/j v2/jeunesscar/framework/vendor/laravel/framework/src/Illuminate/Pipeline/Pipeline.php(183): App\\Http\\Middleware\\SetLocale->handle()
#19 /home/ouknik/Desktop/brahim_projects/j/j v2/jeunesscar/framework/vendor/laravel/framework/src/Illuminate/Routing/Middleware/SubstituteBindings.php(50): Illuminate\\Pipeline\\Pipeline->Illuminate\\Pipeline\\{closure}()
#20 /home/ouknik/Desktop/brahim_projects/j/j v2/jeunesscar/framework/vendor/laravel/framework/src/Illuminate/Pipeline/Pipeline.php(183): Illuminate\\Routing\\Middleware\\SubstituteBindings->handle()
#21 /home/ouknik/Desktop/brahim_projects/j/j v2/jeunesscar/framework/vendor/laravel/framework/src/Illuminate/Auth/Middleware/Authenticate.php(57): Illuminate\\Pipeline\\Pipeline->Illuminate\\Pipeline\\{closure}()
#22 /home/ouknik/Desktop/brahim_projects/j/j v2/jeunesscar/framework/vendor/laravel/framework/src/Illuminate/Pipeline/Pipeline.php(183): Illuminate\\Auth\\Middleware\\Authenticate->handle()
#23 /home/ouknik/Desktop/brahim_projects/j/j v2/jeunesscar/framework/vendor/laravel/framework/src/Illuminate/Foundation/Http/Middleware/VerifyCsrfToken.php(78): Illuminate\\Pipeline\\Pipeline->Illuminate\\Pipeline\\{closure}()
#24 /home/ouknik/Desktop/brahim_projects/j/j v2/jeunesscar/framework/vendor/laravel/framework/src/Illuminate/Pipeline/Pipeline.php(183): Illuminate\\Foundation\\Http\\Middleware\\VerifyCsrfToken->handle()
#25 /home/ouknik/Desktop/brahim_projects/j/j v2/jeunesscar/framework/vendor/laravel/framework/src/Illuminate/View/Middleware/ShareErrorsFromSession.php(49): Illuminate\\Pipeline\\Pipeline->Illuminate\\Pipeline\\{closure}()
#26 /home/ouknik/Desktop/brahim_projects/j/j v2/jeunesscar/framework/vendor/laravel/framework/src/Illuminate/Pipeline/Pipeline.php(183): Illuminate\\View\\Middleware\\ShareErrorsFromSession->handle()
#27 /home/ouknik/Desktop/brahim_projects/j/j v2/jeunesscar/framework/vendor/laravel/framework/src/Illuminate/Session/Middleware/StartSession.php(121): Illuminate\\Pipeline\\Pipeline->Illuminate\\Pipeline\\{closure}()
#28 /home/ouknik/Desktop/brahim_projects/j/j v2/jeunesscar/framework/vendor/laravel/framework/src/Illuminate/Session/Middleware/StartSession.php(64): Illuminate\\Session\\Middleware\\StartSession->handleStatefulRequest()
#29 /home/ouknik/Desktop/brahim_projects/j/j v2/jeunesscar/framework/vendor/laravel/framework/src/Illuminate/Pipeline/Pipeline.php(183): Illuminate\\Session\\Middleware\\StartSession->handle()
#30 /home/ouknik/Desktop/brahim_projects/j/j v2/jeunesscar/framework/vendor/laravel/framework/src/Illuminate/Cookie/Middleware/AddQueuedCookiesToResponse.php(37): Illuminate\\Pipeline\\Pipeline->Illuminate\\Pipeline\\{closure}()
#31 /home/ouknik/Desktop/brahim_projects/j/j v2/jeunesscar/framework/vendor/laravel/framework/src/Illuminate/Pipeline/Pipeline.php(183): Illuminate\\Cookie\\Middleware\\AddQueuedCookiesToResponse->handle()
#32 /home/ouknik/Desktop/brahim_projects/j/j v2/jeunesscar/framework/vendor/laravel/framework/src/Illuminate/Cookie/Middleware/EncryptCookies.php(67): Illuminate\\Pipeline\\Pipeline->Illuminate\\Pipeline\\{closure}()
#33 /home/ouknik/Desktop/brahim_projects/j/j v2/jeunesscar/framework/vendor/laravel/framework/src/Illuminate/Pipeline/Pipeline.php(183): Illuminate\\Cookie\\Middleware\\EncryptCookies->handle()
#34 /home/ouknik/Desktop/brahim_projects/j/j v2/jeunesscar/framework/vendor/laravel/framework/src/Illuminate/Pipeline/Pipeline.php(119): Illuminate\\Pipeline\\Pipeline->Illuminate\\Pipeline\\{closure}()
#35 /home/ouknik/Desktop/brahim_projects/j/j v2/jeunesscar/framework/vendor/laravel/framework/src/Illuminate/Routing/Router.php(805): Illuminate\\Pipeline\\Pipeline->then()
#36 /home/ouknik/Desktop/brahim_projects/j/j v2/jeunesscar/framework/vendor/laravel/framework/src/Illuminate/Routing/Router.php(784): Illuminate\\Routing\\Router->runRouteWithinStack()
#37 /home/ouknik/Desktop/brahim_projects/j/j v2/jeunesscar/framework/vendor/laravel/framework/src/Illuminate/Routing/Router.php(748): Illuminate\\Routing\\Router->runRoute()
#38 /home/ouknik/Desktop/brahim_projects/j/j v2/jeunesscar/framework/vendor/laravel/framework/src/Illuminate/Routing/Router.php(737): Illuminate\\Routing\\Router->dispatchToRoute()
#39 /home/ouknik/Desktop/brahim_projects/j/j v2/jeunesscar/framework/vendor/laravel/framework/src/Illuminate/Foundation/Http/Kernel.php(200): Illuminate\\Routing\\Router->dispatch()
#40 /home/ouknik/Desktop/brahim_projects/j/j v2/jeunesscar/framework/vendor/laravel/framework/src/Illuminate/Pipeline/Pipeline.php(144): Illuminate\\Foundation\\Http\\Kernel->Illuminate\\Foundation\\Http\\{closure}()
#41 /home/ouknik/Desktop/brahim_projects/j/j v2/jeunesscar/framework/vendor/laravel/framework/src/Illuminate/Foundation/Http/Middleware/TransformsRequest.php(21): Illuminate\\Pipeline\\Pipeline->Illuminate\\Pipeline\\{closure}()
#42 /home/ouknik/Desktop/brahim_projects/j/j v2/jeunesscar/framework/vendor/laravel/framework/src/Illuminate/Foundation/Http/Middleware/ConvertEmptyStringsToNull.php(31): Illuminate\\Foundation\\Http\\Middleware\\TransformsRequest->handle()
#43 /home/ouknik/Desktop/brahim_projects/j/j v2/jeunesscar/framework/vendor/laravel/framework/src/Illuminate/Pipeline/Pipeline.php(183): Illuminate\\Foundation\\Http\\Middleware\\ConvertEmptyStringsToNull->handle()
#44 /home/ouknik/Desktop/brahim_projects/j/j v2/jeunesscar/framework/vendor/laravel/framework/src/Illuminate/Foundation/Http/Middleware/TransformsRequest.php(21): Illuminate\\Pipeline\\Pipeline->Illuminate\\Pipeline\\{closure}()
#45 /home/ouknik/Desktop/brahim_projects/j/j v2/jeunesscar/framework/vendor/laravel/framework/src/Illuminate/Foundation/Http/Middleware/TrimStrings.php(40): Illuminate\\Foundation\\Http\\Middleware\\TransformsRequest->handle()
#46 /home/ouknik/Desktop/brahim_projects/j/j v2/jeunesscar/framework/vendor/laravel/framework/src/Illuminate/Pipeline/Pipeline.php(183): Illuminate\\Foundation\\Http\\Middleware\\TrimStrings->handle()
#47 /home/ouknik/Desktop/brahim_projects/j/j v2/jeunesscar/framework/vendor/laravel/framework/src/Illuminate/Foundation/Http/Middleware/ValidatePostSize.php(27): Illuminate\\Pipeline\\Pipeline->Illuminate\\Pipeline\\{closure}()
#48 /home/ouknik/Desktop/brahim_projects/j/j v2/jeunesscar/framework/vendor/laravel/framework/src/Illuminate/Pipeline/Pipeline.php(183): Illuminate\\Foundation\\Http\\Middleware\\ValidatePostSize->handle()
#49 /home/ouknik/Desktop/brahim_projects/j/j v2/jeunesscar/framework/vendor/laravel/framework/src/Illuminate/Foundation/Http/Middleware/PreventRequestsDuringMaintenance.php(99): Illuminate\\Pipeline\\Pipeline->Illuminate\\Pipeline\\{closure}()
#50 /home/ouknik/Desktop/brahim_projects/j/j v2/jeunesscar/framework/vendor/laravel/framework/src/Illuminate/Pipeline/Pipeline.php(183): Illuminate\\Foundation\\Http\\Middleware\\PreventRequestsDuringMaintenance->handle()
#51 /home/ouknik/Desktop/brahim_projects/j/j v2/jeunesscar/framework/vendor/laravel/framework/src/Illuminate/Pipeline/Pipeline.php(119): Illuminate\\Pipeline\\Pipeline->Illuminate\\Pipeline\\{closure}()
#52 /home/ouknik/Desktop/brahim_projects/j/j v2/jeunesscar/framework/vendor/laravel/framework/src/Illuminate/Foundation/Http/Kernel.php(175): Illuminate\\Pipeline\\Pipeline->then()
#53 /home/ouknik/Desktop/brahim_projects/j/j v2/jeunesscar/framework/vendor/laravel/framework/src/Illuminate/Foundation/Http/Kernel.php(144): Illuminate\\Foundation\\Http\\Kernel->sendRequestThroughRouter()
#54 /home/ouknik/Desktop/brahim_projects/j/j v2/jeunesscar/index.php(13): Illuminate\\Foundation\\Http\\Kernel->handle()
#55 {main}
"} 
[2025-05-14 18:46:28] local.ERROR: Attempt to read property "name" on null {"view":{"view":"/home/ouknik/Desktop/brahim_projects/j/j v2/jeunesscar/framework/resources/views/income/index.blade.php","data":[]},"userId":1,"exception":"[object] (Spatie\\LaravelIgnition\\Exceptions\\ViewException(code: 0): Attempt to read property \"name\" on null at /home/ouknik/Desktop/brahim_projects/j/j v2/jeunesscar/framework/resources/views/income/index.blade.php:244)
[stacktrace]
#0 /home/ouknik/Desktop/brahim_projects/j/j v2/jeunesscar/framework/vendor/laravel/framework/src/Illuminate/Filesystem/Filesystem.php(123): require('...')
#1 /home/ouknik/Desktop/brahim_projects/j/j v2/jeunesscar/framework/vendor/laravel/framework/src/Illuminate/Filesystem/Filesystem.php(124): Illuminate\\Filesystem\\Filesystem::Illuminate\\Filesystem\\{closure}()
#2 /home/ouknik/Desktop/brahim_projects/j/j v2/jeunesscar/framework/vendor/laravel/framework/src/Illuminate/View/Engines/PhpEngine.php(58): Illuminate\\Filesystem\\Filesystem->getRequire()
#3 /home/ouknik/Desktop/brahim_projects/j/j v2/jeunesscar/framework/vendor/laravel/framework/src/Illuminate/View/Engines/CompilerEngine.php(72): Illuminate\\View\\Engines\\PhpEngine->evaluatePath()
#4 /home/ouknik/Desktop/brahim_projects/j/j v2/jeunesscar/framework/vendor/laravel/framework/src/Illuminate/View/View.php(207): Illuminate\\View\\Engines\\CompilerEngine->get()
#5 /home/ouknik/Desktop/brahim_projects/j/j v2/jeunesscar/framework/vendor/laravel/framework/src/Illuminate/View/View.php(190): Illuminate\\View\\View->getContents()
#6 /home/ouknik/Desktop/brahim_projects/j/j v2/jeunesscar/framework/vendor/laravel/framework/src/Illuminate/View/View.php(159): Illuminate\\View\\View->renderContents()
#7 /home/ouknik/Desktop/brahim_projects/j/j v2/jeunesscar/framework/vendor/laravel/framework/src/Illuminate/Http/Response.php(69): Illuminate\\View\\View->render()
#8 /home/ouknik/Desktop/brahim_projects/j/j v2/jeunesscar/framework/vendor/laravel/framework/src/Illuminate/Http/Response.php(35): Illuminate\\Http\\Response->setContent()
#9 /home/ouknik/Desktop/brahim_projects/j/j v2/jeunesscar/framework/vendor/laravel/framework/src/Illuminate/Routing/Router.php(918): Illuminate\\Http\\Response->__construct()
#10 /home/ouknik/Desktop/brahim_projects/j/j v2/jeunesscar/framework/vendor/laravel/framework/src/Illuminate/Routing/Router.php(885): Illuminate\\Routing\\Router::toResponse()
#11 /home/ouknik/Desktop/brahim_projects/j/j v2/jeunesscar/framework/vendor/laravel/framework/src/Illuminate/Routing/Router.php(805): Illuminate\\Routing\\Router->prepareResponse()
#12 /home/ouknik/Desktop/brahim_projects/j/j v2/jeunesscar/framework/vendor/laravel/framework/src/Illuminate/Pipeline/Pipeline.php(144): Illuminate\\Routing\\Router->Illuminate\\Routing\\{closure}()
#13 /home/ouknik/Desktop/brahim_projects/j/j v2/jeunesscar/framework/vendor/spatie/laravel-permission/src/Middlewares/PermissionMiddleware.php(24): Illuminate\\Pipeline\\Pipeline->Illuminate\\Pipeline\\{closure}()
#14 /home/ouknik/Desktop/brahim_projects/j/j v2/jeunesscar/framework/vendor/laravel/framework/src/Illuminate/Pipeline/Pipeline.php(183): Spatie\\Permission\\Middlewares\\PermissionMiddleware->handle()
#15 /home/ouknik/Desktop/brahim_projects/j/j v2/jeunesscar/framework/app/Http/Middleware/SetLocale.php(37): Illuminate\\Pipeline\\Pipeline->Illuminate\\Pipeline\\{closure}()
#16 /home/ouknik/Desktop/brahim_projects/j/j v2/jeunesscar/framework/vendor/laravel/framework/src/Illuminate/Pipeline/Pipeline.php(183): App\\Http\\Middleware\\SetLocale->handle()
#17 /home/ouknik/Desktop/brahim_projects/j/j v2/jeunesscar/framework/vendor/laravel/framework/src/Illuminate/Routing/Middleware/SubstituteBindings.php(50): Illuminate\\Pipeline\\Pipeline->Illuminate\\Pipeline\\{closure}()
#18 /home/ouknik/Desktop/brahim_projects/j/j v2/jeunesscar/framework/vendor/laravel/framework/src/Illuminate/Pipeline/Pipeline.php(183): Illuminate\\Routing\\Middleware\\SubstituteBindings->handle()
#19 /home/ouknik/Desktop/brahim_projects/j/j v2/jeunesscar/framework/vendor/laravel/framework/src/Illuminate/Auth/Middleware/Authenticate.php(57): Illuminate\\Pipeline\\Pipeline->Illuminate\\Pipeline\\{closure}()
#20 /home/ouknik/Desktop/brahim_projects/j/j v2/jeunesscar/framework/vendor/laravel/framework/src/Illuminate/Pipeline/Pipeline.php(183): Illuminate\\Auth\\Middleware\\Authenticate->handle()
#21 /home/ouknik/Desktop/brahim_projects/j/j v2/jeunesscar/framework/vendor/laravel/framework/src/Illuminate/Foundation/Http/Middleware/VerifyCsrfToken.php(78): Illuminate\\Pipeline\\Pipeline->Illuminate\\Pipeline\\{closure}()
#22 /home/ouknik/Desktop/brahim_projects/j/j v2/jeunesscar/framework/vendor/laravel/framework/src/Illuminate/Pipeline/Pipeline.php(183): Illuminate\\Foundation\\Http\\Middleware\\VerifyCsrfToken->handle()
#23 /home/ouknik/Desktop/brahim_projects/j/j v2/jeunesscar/framework/vendor/laravel/framework/src/Illuminate/View/Middleware/ShareErrorsFromSession.php(49): Illuminate\\Pipeline\\Pipeline->Illuminate\\Pipeline\\{closure}()
#24 /home/ouknik/Desktop/brahim_projects/j/j v2/jeunesscar/framework/vendor/laravel/framework/src/Illuminate/Pipeline/Pipeline.php(183): Illuminate\\View\\Middleware\\ShareErrorsFromSession->handle()
#25 /home/ouknik/Desktop/brahim_projects/j/j v2/jeunesscar/framework/vendor/laravel/framework/src/Illuminate/Session/Middleware/StartSession.php(121): Illuminate\\Pipeline\\Pipeline->Illuminate\\Pipeline\\{closure}()
#26 /home/ouknik/Desktop/brahim_projects/j/j v2/jeunesscar/framework/vendor/laravel/framework/src/Illuminate/Session/Middleware/StartSession.php(64): Illuminate\\Session\\Middleware\\StartSession->handleStatefulRequest()
#27 /home/ouknik/Desktop/brahim_projects/j/j v2/jeunesscar/framework/vendor/laravel/framework/src/Illuminate/Pipeline/Pipeline.php(183): Illuminate\\Session\\Middleware\\StartSession->handle()
#28 /home/ouknik/Desktop/brahim_projects/j/j v2/jeunesscar/framework/vendor/laravel/framework/src/Illuminate/Cookie/Middleware/AddQueuedCookiesToResponse.php(37): Illuminate\\Pipeline\\Pipeline->Illuminate\\Pipeline\\{closure}()
#29 /home/ouknik/Desktop/brahim_projects/j/j v2/jeunesscar/framework/vendor/laravel/framework/src/Illuminate/Pipeline/Pipeline.php(183): Illuminate\\Cookie\\Middleware\\AddQueuedCookiesToResponse->handle()
#30 /home/ouknik/Desktop/brahim_projects/j/j v2/jeunesscar/framework/vendor/laravel/framework/src/Illuminate/Cookie/Middleware/EncryptCookies.php(67): Illuminate\\Pipeline\\Pipeline->Illuminate\\Pipeline\\{closure}()
#31 /home/ouknik/Desktop/brahim_projects/j/j v2/jeunesscar/framework/vendor/laravel/framework/src/Illuminate/Pipeline/Pipeline.php(183): Illuminate\\Cookie\\Middleware\\EncryptCookies->handle()
#32 /home/ouknik/Desktop/brahim_projects/j/j v2/jeunesscar/framework/vendor/laravel/framework/src/Illuminate/Pipeline/Pipeline.php(119): Illuminate\\Pipeline\\Pipeline->Illuminate\\Pipeline\\{closure}()
#33 /home/ouknik/Desktop/brahim_projects/j/j v2/jeunesscar/framework/vendor/laravel/framework/src/Illuminate/Routing/Router.php(805): Illuminate\\Pipeline\\Pipeline->then()
#34 /home/ouknik/Desktop/brahim_projects/j/j v2/jeunesscar/framework/vendor/laravel/framework/src/Illuminate/Routing/Router.php(784): Illuminate\\Routing\\Router->runRouteWithinStack()
#35 /home/ouknik/Desktop/brahim_projects/j/j v2/jeunesscar/framework/vendor/laravel/framework/src/Illuminate/Routing/Router.php(748): Illuminate\\Routing\\Router->runRoute()
#36 /home/ouknik/Desktop/brahim_projects/j/j v2/jeunesscar/framework/vendor/laravel/framework/src/Illuminate/Routing/Router.php(737): Illuminate\\Routing\\Router->dispatchToRoute()
#37 /home/ouknik/Desktop/brahim_projects/j/j v2/jeunesscar/framework/vendor/laravel/framework/src/Illuminate/Foundation/Http/Kernel.php(200): Illuminate\\Routing\\Router->dispatch()
#38 /home/ouknik/Desktop/brahim_projects/j/j v2/jeunesscar/framework/vendor/laravel/framework/src/Illuminate/Pipeline/Pipeline.php(144): Illuminate\\Foundation\\Http\\Kernel->Illuminate\\Foundation\\Http\\{closure}()
#39 /home/ouknik/Desktop/brahim_projects/j/j v2/jeunesscar/framework/vendor/laravel/framework/src/Illuminate/Foundation/Http/Middleware/TransformsRequest.php(21): Illuminate\\Pipeline\\Pipeline->Illuminate\\Pipeline\\{closure}()
#40 /home/ouknik/Desktop/brahim_projects/j/j v2/jeunesscar/framework/vendor/laravel/framework/src/Illuminate/Foundation/Http/Middleware/ConvertEmptyStringsToNull.php(31): Illuminate\\Foundation\\Http\\Middleware\\TransformsRequest->handle()
#41 /home/ouknik/Desktop/brahim_projects/j/j v2/jeunesscar/framework/vendor/laravel/framework/src/Illuminate/Pipeline/Pipeline.php(183): Illuminate\\Foundation\\Http\\Middleware\\ConvertEmptyStringsToNull->handle()
#42 /home/ouknik/Desktop/brahim_projects/j/j v2/jeunesscar/framework/vendor/laravel/framework/src/Illuminate/Foundation/Http/Middleware/TransformsRequest.php(21): Illuminate\\Pipeline\\Pipeline->Illuminate\\Pipeline\\{closure}()
#43 /home/ouknik/Desktop/brahim_projects/j/j v2/jeunesscar/framework/vendor/laravel/framework/src/Illuminate/Foundation/Http/Middleware/TrimStrings.php(40): Illuminate\\Foundation\\Http\\Middleware\\TransformsRequest->handle()
#44 /home/ouknik/Desktop/brahim_projects/j/j v2/jeunesscar/framework/vendor/laravel/framework/src/Illuminate/Pipeline/Pipeline.php(183): Illuminate\\Foundation\\Http\\Middleware\\TrimStrings->handle()
#45 /home/ouknik/Desktop/brahim_projects/j/j v2/jeunesscar/framework/vendor/laravel/framework/src/Illuminate/Foundation/Http/Middleware/ValidatePostSize.php(27): Illuminate\\Pipeline\\Pipeline->Illuminate\\Pipeline\\{closure}()
#46 /home/ouknik/Desktop/brahim_projects/j/j v2/jeunesscar/framework/vendor/laravel/framework/src/Illuminate/Pipeline/Pipeline.php(183): Illuminate\\Foundation\\Http\\Middleware\\ValidatePostSize->handle()
#47 /home/ouknik/Desktop/brahim_projects/j/j v2/jeunesscar/framework/vendor/laravel/framework/src/Illuminate/Foundation/Http/Middleware/PreventRequestsDuringMaintenance.php(99): Illuminate\\Pipeline\\Pipeline->Illuminate\\Pipeline\\{closure}()
#48 /home/ouknik/Desktop/brahim_projects/j/j v2/jeunesscar/framework/vendor/laravel/framework/src/Illuminate/Pipeline/Pipeline.php(183): Illuminate\\Foundation\\Http\\Middleware\\PreventRequestsDuringMaintenance->handle()
#49 /home/ouknik/Desktop/brahim_projects/j/j v2/jeunesscar/framework/vendor/laravel/framework/src/Illuminate/Pipeline/Pipeline.php(119): Illuminate\\Pipeline\\Pipeline->Illuminate\\Pipeline\\{closure}()
#50 /home/ouknik/Desktop/brahim_projects/j/j v2/jeunesscar/framework/vendor/laravel/framework/src/Illuminate/Foundation/Http/Kernel.php(175): Illuminate\\Pipeline\\Pipeline->then()
#51 /home/ouknik/Desktop/brahim_projects/j/j v2/jeunesscar/framework/vendor/laravel/framework/src/Illuminate/Foundation/Http/Kernel.php(144): Illuminate\\Foundation\\Http\\Kernel->sendRequestThroughRouter()
#52 /home/ouknik/Desktop/brahim_projects/j/j v2/jeunesscar/index.php(13): Illuminate\\Foundation\\Http\\Kernel->handle()
#53 {main}

[previous exception] [object] (ErrorException(code: 0): Attempt to read property \"name\" on null at /home/ouknik/Desktop/brahim_projects/j/j v2/jeunesscar/framework/storage/framework/views/aae21edbdbfba5a59456aec6874246f1.php:262)
[stacktrace]
#0 /home/ouknik/Desktop/brahim_projects/j/j v2/jeunesscar/framework/vendor/laravel/framework/src/Illuminate/Foundation/Bootstrap/HandleExceptions.php(255): Illuminate\\Foundation\\Bootstrap\\HandleExceptions->handleError()
#1 /home/ouknik/Desktop/brahim_projects/j/j v2/jeunesscar/framework/storage/framework/views/aae21edbdbfba5a59456aec6874246f1.php(262): Illuminate\\Foundation\\Bootstrap\\HandleExceptions->Illuminate\\Foundation\\Bootstrap\\{closure}()
#2 /home/ouknik/Desktop/brahim_projects/j/j v2/jeunesscar/framework/vendor/laravel/framework/src/Illuminate/Filesystem/Filesystem.php(123): require('...')
#3 /home/ouknik/Desktop/brahim_projects/j/j v2/jeunesscar/framework/vendor/laravel/framework/src/Illuminate/Filesystem/Filesystem.php(124): Illuminate\\Filesystem\\Filesystem::Illuminate\\Filesystem\\{closure}()
#4 /home/ouknik/Desktop/brahim_projects/j/j v2/jeunesscar/framework/vendor/laravel/framework/src/Illuminate/View/Engines/PhpEngine.php(58): Illuminate\\Filesystem\\Filesystem->getRequire()
#5 /home/ouknik/Desktop/brahim_projects/j/j v2/jeunesscar/framework/vendor/laravel/framework/src/Illuminate/View/Engines/CompilerEngine.php(72): Illuminate\\View\\Engines\\PhpEngine->evaluatePath()
#6 /home/ouknik/Desktop/brahim_projects/j/j v2/jeunesscar/framework/vendor/laravel/framework/src/Illuminate/View/View.php(207): Illuminate\\View\\Engines\\CompilerEngine->get()
#7 /home/ouknik/Desktop/brahim_projects/j/j v2/jeunesscar/framework/vendor/laravel/framework/src/Illuminate/View/View.php(190): Illuminate\\View\\View->getContents()
#8 /home/ouknik/Desktop/brahim_projects/j/j v2/jeunesscar/framework/vendor/laravel/framework/src/Illuminate/View/View.php(159): Illuminate\\View\\View->renderContents()
#9 /home/ouknik/Desktop/brahim_projects/j/j v2/jeunesscar/framework/vendor/laravel/framework/src/Illuminate/Http/Response.php(69): Illuminate\\View\\View->render()
#10 /home/ouknik/Desktop/brahim_projects/j/j v2/jeunesscar/framework/vendor/laravel/framework/src/Illuminate/Http/Response.php(35): Illuminate\\Http\\Response->setContent()
#11 /home/ouknik/Desktop/brahim_projects/j/j v2/jeunesscar/framework/vendor/laravel/framework/src/Illuminate/Routing/Router.php(918): Illuminate\\Http\\Response->__construct()
#12 /home/ouknik/Desktop/brahim_projects/j/j v2/jeunesscar/framework/vendor/laravel/framework/src/Illuminate/Routing/Router.php(885): Illuminate\\Routing\\Router::toResponse()
#13 /home/ouknik/Desktop/brahim_projects/j/j v2/jeunesscar/framework/vendor/laravel/framework/src/Illuminate/Routing/Router.php(805): Illuminate\\Routing\\Router->prepareResponse()
#14 /home/ouknik/Desktop/brahim_projects/j/j v2/jeunesscar/framework/vendor/laravel/framework/src/Illuminate/Pipeline/Pipeline.php(144): Illuminate\\Routing\\Router->Illuminate\\Routing\\{closure}()
#15 /home/ouknik/Desktop/brahim_projects/j/j v2/jeunesscar/framework/vendor/spatie/laravel-permission/src/Middlewares/PermissionMiddleware.php(24): Illuminate\\Pipeline\\Pipeline->Illuminate\\Pipeline\\{closure}()
#16 /home/ouknik/Desktop/brahim_projects/j/j v2/jeunesscar/framework/vendor/laravel/framework/src/Illuminate/Pipeline/Pipeline.php(183): Spatie\\Permission\\Middlewares\\PermissionMiddleware->handle()
#17 /home/ouknik/Desktop/brahim_projects/j/j v2/jeunesscar/framework/app/Http/Middleware/SetLocale.php(37): Illuminate\\Pipeline\\Pipeline->Illuminate\\Pipeline\\{closure}()
#18 /home/ouknik/Desktop/brahim_projects/j/j v2/jeunesscar/framework/vendor/laravel/framework/src/Illuminate/Pipeline/Pipeline.php(183): App\\Http\\Middleware\\SetLocale->handle()
#19 /home/ouknik/Desktop/brahim_projects/j/j v2/jeunesscar/framework/vendor/laravel/framework/src/Illuminate/Routing/Middleware/SubstituteBindings.php(50): Illuminate\\Pipeline\\Pipeline->Illuminate\\Pipeline\\{closure}()
#20 /home/ouknik/Desktop/brahim_projects/j/j v2/jeunesscar/framework/vendor/laravel/framework/src/Illuminate/Pipeline/Pipeline.php(183): Illuminate\\Routing\\Middleware\\SubstituteBindings->handle()
#21 /home/ouknik/Desktop/brahim_projects/j/j v2/jeunesscar/framework/vendor/laravel/framework/src/Illuminate/Auth/Middleware/Authenticate.php(57): Illuminate\\Pipeline\\Pipeline->Illuminate\\Pipeline\\{closure}()
#22 /home/ouknik/Desktop/brahim_projects/j/j v2/jeunesscar/framework/vendor/laravel/framework/src/Illuminate/Pipeline/Pipeline.php(183): Illuminate\\Auth\\Middleware\\Authenticate->handle()
#23 /home/ouknik/Desktop/brahim_projects/j/j v2/jeunesscar/framework/vendor/laravel/framework/src/Illuminate/Foundation/Http/Middleware/VerifyCsrfToken.php(78): Illuminate\\Pipeline\\Pipeline->Illuminate\\Pipeline\\{closure}()
#24 /home/ouknik/Desktop/brahim_projects/j/j v2/jeunesscar/framework/vendor/laravel/framework/src/Illuminate/Pipeline/Pipeline.php(183): Illuminate\\Foundation\\Http\\Middleware\\VerifyCsrfToken->handle()
#25 /home/ouknik/Desktop/brahim_projects/j/j v2/jeunesscar/framework/vendor/laravel/framework/src/Illuminate/View/Middleware/ShareErrorsFromSession.php(49): Illuminate\\Pipeline\\Pipeline->Illuminate\\Pipeline\\{closure}()
#26 /home/ouknik/Desktop/brahim_projects/j/j v2/jeunesscar/framework/vendor/laravel/framework/src/Illuminate/Pipeline/Pipeline.php(183): Illuminate\\View\\Middleware\\ShareErrorsFromSession->handle()
#27 /home/ouknik/Desktop/brahim_projects/j/j v2/jeunesscar/framework/vendor/laravel/framework/src/Illuminate/Session/Middleware/StartSession.php(121): Illuminate\\Pipeline\\Pipeline->Illuminate\\Pipeline\\{closure}()
#28 /home/ouknik/Desktop/brahim_projects/j/j v2/jeunesscar/framework/vendor/laravel/framework/src/Illuminate/Session/Middleware/StartSession.php(64): Illuminate\\Session\\Middleware\\StartSession->handleStatefulRequest()
#29 /home/ouknik/Desktop/brahim_projects/j/j v2/jeunesscar/framework/vendor/laravel/framework/src/Illuminate/Pipeline/Pipeline.php(183): Illuminate\\Session\\Middleware\\StartSession->handle()
#30 /home/ouknik/Desktop/brahim_projects/j/j v2/jeunesscar/framework/vendor/laravel/framework/src/Illuminate/Cookie/Middleware/AddQueuedCookiesToResponse.php(37): Illuminate\\Pipeline\\Pipeline->Illuminate\\Pipeline\\{closure}()
#31 /home/ouknik/Desktop/brahim_projects/j/j v2/jeunesscar/framework/vendor/laravel/framework/src/Illuminate/Pipeline/Pipeline.php(183): Illuminate\\Cookie\\Middleware\\AddQueuedCookiesToResponse->handle()
#32 /home/ouknik/Desktop/brahim_projects/j/j v2/jeunesscar/framework/vendor/laravel/framework/src/Illuminate/Cookie/Middleware/EncryptCookies.php(67): Illuminate\\Pipeline\\Pipeline->Illuminate\\Pipeline\\{closure}()
#33 /home/ouknik/Desktop/brahim_projects/j/j v2/jeunesscar/framework/vendor/laravel/framework/src/Illuminate/Pipeline/Pipeline.php(183): Illuminate\\Cookie\\Middleware\\EncryptCookies->handle()
#34 /home/ouknik/Desktop/brahim_projects/j/j v2/jeunesscar/framework/vendor/laravel/framework/src/Illuminate/Pipeline/Pipeline.php(119): Illuminate\\Pipeline\\Pipeline->Illuminate\\Pipeline\\{closure}()
#35 /home/ouknik/Desktop/brahim_projects/j/j v2/jeunesscar/framework/vendor/laravel/framework/src/Illuminate/Routing/Router.php(805): Illuminate\\Pipeline\\Pipeline->then()
#36 /home/ouknik/Desktop/brahim_projects/j/j v2/jeunesscar/framework/vendor/laravel/framework/src/Illuminate/Routing/Router.php(784): Illuminate\\Routing\\Router->runRouteWithinStack()
#37 /home/ouknik/Desktop/brahim_projects/j/j v2/jeunesscar/framework/vendor/laravel/framework/src/Illuminate/Routing/Router.php(748): Illuminate\\Routing\\Router->runRoute()
#38 /home/ouknik/Desktop/brahim_projects/j/j v2/jeunesscar/framework/vendor/laravel/framework/src/Illuminate/Routing/Router.php(737): Illuminate\\Routing\\Router->dispatchToRoute()
#39 /home/ouknik/Desktop/brahim_projects/j/j v2/jeunesscar/framework/vendor/laravel/framework/src/Illuminate/Foundation/Http/Kernel.php(200): Illuminate\\Routing\\Router->dispatch()
#40 /home/ouknik/Desktop/brahim_projects/j/j v2/jeunesscar/framework/vendor/laravel/framework/src/Illuminate/Pipeline/Pipeline.php(144): Illuminate\\Foundation\\Http\\Kernel->Illuminate\\Foundation\\Http\\{closure}()
#41 /home/ouknik/Desktop/brahim_projects/j/j v2/jeunesscar/framework/vendor/laravel/framework/src/Illuminate/Foundation/Http/Middleware/TransformsRequest.php(21): Illuminate\\Pipeline\\Pipeline->Illuminate\\Pipeline\\{closure}()
#42 /home/ouknik/Desktop/brahim_projects/j/j v2/jeunesscar/framework/vendor/laravel/framework/src/Illuminate/Foundation/Http/Middleware/ConvertEmptyStringsToNull.php(31): Illuminate\\Foundation\\Http\\Middleware\\TransformsRequest->handle()
#43 /home/ouknik/Desktop/brahim_projects/j/j v2/jeunesscar/framework/vendor/laravel/framework/src/Illuminate/Pipeline/Pipeline.php(183): Illuminate\\Foundation\\Http\\Middleware\\ConvertEmptyStringsToNull->handle()
#44 /home/ouknik/Desktop/brahim_projects/j/j v2/jeunesscar/framework/vendor/laravel/framework/src/Illuminate/Foundation/Http/Middleware/TransformsRequest.php(21): Illuminate\\Pipeline\\Pipeline->Illuminate\\Pipeline\\{closure}()
#45 /home/ouknik/Desktop/brahim_projects/j/j v2/jeunesscar/framework/vendor/laravel/framework/src/Illuminate/Foundation/Http/Middleware/TrimStrings.php(40): Illuminate\\Foundation\\Http\\Middleware\\TransformsRequest->handle()
#46 /home/ouknik/Desktop/brahim_projects/j/j v2/jeunesscar/framework/vendor/laravel/framework/src/Illuminate/Pipeline/Pipeline.php(183): Illuminate\\Foundation\\Http\\Middleware\\TrimStrings->handle()
#47 /home/ouknik/Desktop/brahim_projects/j/j v2/jeunesscar/framework/vendor/laravel/framework/src/Illuminate/Foundation/Http/Middleware/ValidatePostSize.php(27): Illuminate\\Pipeline\\Pipeline->Illuminate\\Pipeline\\{closure}()
#48 /home/ouknik/Desktop/brahim_projects/j/j v2/jeunesscar/framework/vendor/laravel/framework/src/Illuminate/Pipeline/Pipeline.php(183): Illuminate\\Foundation\\Http\\Middleware\\ValidatePostSize->handle()
#49 /home/ouknik/Desktop/brahim_projects/j/j v2/jeunesscar/framework/vendor/laravel/framework/src/Illuminate/Foundation/Http/Middleware/PreventRequestsDuringMaintenance.php(99): Illuminate\\Pipeline\\Pipeline->Illuminate\\Pipeline\\{closure}()
#50 /home/ouknik/Desktop/brahim_projects/j/j v2/jeunesscar/framework/vendor/laravel/framework/src/Illuminate/Pipeline/Pipeline.php(183): Illuminate\\Foundation\\Http\\Middleware\\PreventRequestsDuringMaintenance->handle()
#51 /home/ouknik/Desktop/brahim_projects/j/j v2/jeunesscar/framework/vendor/laravel/framework/src/Illuminate/Pipeline/Pipeline.php(119): Illuminate\\Pipeline\\Pipeline->Illuminate\\Pipeline\\{closure}()
#52 /home/ouknik/Desktop/brahim_projects/j/j v2/jeunesscar/framework/vendor/laravel/framework/src/Illuminate/Foundation/Http/Kernel.php(175): Illuminate\\Pipeline\\Pipeline->then()
#53 /home/ouknik/Desktop/brahim_projects/j/j v2/jeunesscar/framework/vendor/laravel/framework/src/Illuminate/Foundation/Http/Kernel.php(144): Illuminate\\Foundation\\Http\\Kernel->sendRequestThroughRouter()
#54 /home/ouknik/Desktop/brahim_projects/j/j v2/jeunesscar/index.php(13): Illuminate\\Foundation\\Http\\Kernel->handle()
#55 {main}
"} 
[2025-05-14 18:46:49] local.ERROR: Attempt to read property "name" on null {"view":{"view":"/home/ouknik/Desktop/brahim_projects/j/j v2/jeunesscar/framework/resources/views/income/index.blade.php","data":[]},"userId":1,"exception":"[object] (Spatie\\LaravelIgnition\\Exceptions\\ViewException(code: 0): Attempt to read property \"name\" on null at /home/ouknik/Desktop/brahim_projects/j/j v2/jeunesscar/framework/resources/views/income/index.blade.php:244)
[stacktrace]
#0 /home/ouknik/Desktop/brahim_projects/j/j v2/jeunesscar/framework/vendor/laravel/framework/src/Illuminate/Filesystem/Filesystem.php(123): require('...')
#1 /home/ouknik/Desktop/brahim_projects/j/j v2/jeunesscar/framework/vendor/laravel/framework/src/Illuminate/Filesystem/Filesystem.php(124): Illuminate\\Filesystem\\Filesystem::Illuminate\\Filesystem\\{closure}()
#2 /home/ouknik/Desktop/brahim_projects/j/j v2/jeunesscar/framework/vendor/laravel/framework/src/Illuminate/View/Engines/PhpEngine.php(58): Illuminate\\Filesystem\\Filesystem->getRequire()
#3 /home/ouknik/Desktop/brahim_projects/j/j v2/jeunesscar/framework/vendor/laravel/framework/src/Illuminate/View/Engines/CompilerEngine.php(72): Illuminate\\View\\Engines\\PhpEngine->evaluatePath()
#4 /home/ouknik/Desktop/brahim_projects/j/j v2/jeunesscar/framework/vendor/laravel/framework/src/Illuminate/View/View.php(207): Illuminate\\View\\Engines\\CompilerEngine->get()
#5 /home/ouknik/Desktop/brahim_projects/j/j v2/jeunesscar/framework/vendor/laravel/framework/src/Illuminate/View/View.php(190): Illuminate\\View\\View->getContents()
#6 /home/ouknik/Desktop/brahim_projects/j/j v2/jeunesscar/framework/vendor/laravel/framework/src/Illuminate/View/View.php(159): Illuminate\\View\\View->renderContents()
#7 /home/ouknik/Desktop/brahim_projects/j/j v2/jeunesscar/framework/vendor/laravel/framework/src/Illuminate/Http/Response.php(69): Illuminate\\View\\View->render()
#8 /home/ouknik/Desktop/brahim_projects/j/j v2/jeunesscar/framework/vendor/laravel/framework/src/Illuminate/Http/Response.php(35): Illuminate\\Http\\Response->setContent()
#9 /home/ouknik/Desktop/brahim_projects/j/j v2/jeunesscar/framework/vendor/laravel/framework/src/Illuminate/Routing/Router.php(918): Illuminate\\Http\\Response->__construct()
#10 /home/ouknik/Desktop/brahim_projects/j/j v2/jeunesscar/framework/vendor/laravel/framework/src/Illuminate/Routing/Router.php(885): Illuminate\\Routing\\Router::toResponse()
#11 /home/ouknik/Desktop/brahim_projects/j/j v2/jeunesscar/framework/vendor/laravel/framework/src/Illuminate/Routing/Router.php(805): Illuminate\\Routing\\Router->prepareResponse()
#12 /home/ouknik/Desktop/brahim_projects/j/j v2/jeunesscar/framework/vendor/laravel/framework/src/Illuminate/Pipeline/Pipeline.php(144): Illuminate\\Routing\\Router->Illuminate\\Routing\\{closure}()
#13 /home/ouknik/Desktop/brahim_projects/j/j v2/jeunesscar/framework/vendor/spatie/laravel-permission/src/Middlewares/PermissionMiddleware.php(24): Illuminate\\Pipeline\\Pipeline->Illuminate\\Pipeline\\{closure}()
#14 /home/ouknik/Desktop/brahim_projects/j/j v2/jeunesscar/framework/vendor/laravel/framework/src/Illuminate/Pipeline/Pipeline.php(183): Spatie\\Permission\\Middlewares\\PermissionMiddleware->handle()
#15 /home/ouknik/Desktop/brahim_projects/j/j v2/jeunesscar/framework/app/Http/Middleware/SetLocale.php(37): Illuminate\\Pipeline\\Pipeline->Illuminate\\Pipeline\\{closure}()
#16 /home/ouknik/Desktop/brahim_projects/j/j v2/jeunesscar/framework/vendor/laravel/framework/src/Illuminate/Pipeline/Pipeline.php(183): App\\Http\\Middleware\\SetLocale->handle()
#17 /home/ouknik/Desktop/brahim_projects/j/j v2/jeunesscar/framework/vendor/laravel/framework/src/Illuminate/Routing/Middleware/SubstituteBindings.php(50): Illuminate\\Pipeline\\Pipeline->Illuminate\\Pipeline\\{closure}()
#18 /home/ouknik/Desktop/brahim_projects/j/j v2/jeunesscar/framework/vendor/laravel/framework/src/Illuminate/Pipeline/Pipeline.php(183): Illuminate\\Routing\\Middleware\\SubstituteBindings->handle()
#19 /home/ouknik/Desktop/brahim_projects/j/j v2/jeunesscar/framework/vendor/laravel/framework/src/Illuminate/Auth/Middleware/Authenticate.php(57): Illuminate\\Pipeline\\Pipeline->Illuminate\\Pipeline\\{closure}()
#20 /home/ouknik/Desktop/brahim_projects/j/j v2/jeunesscar/framework/vendor/laravel/framework/src/Illuminate/Pipeline/Pipeline.php(183): Illuminate\\Auth\\Middleware\\Authenticate->handle()
#21 /home/ouknik/Desktop/brahim_projects/j/j v2/jeunesscar/framework/vendor/laravel/framework/src/Illuminate/Foundation/Http/Middleware/VerifyCsrfToken.php(78): Illuminate\\Pipeline\\Pipeline->Illuminate\\Pipeline\\{closure}()
#22 /home/ouknik/Desktop/brahim_projects/j/j v2/jeunesscar/framework/vendor/laravel/framework/src/Illuminate/Pipeline/Pipeline.php(183): Illuminate\\Foundation\\Http\\Middleware\\VerifyCsrfToken->handle()
#23 /home/ouknik/Desktop/brahim_projects/j/j v2/jeunesscar/framework/vendor/laravel/framework/src/Illuminate/View/Middleware/ShareErrorsFromSession.php(49): Illuminate\\Pipeline\\Pipeline->Illuminate\\Pipeline\\{closure}()
#24 /home/ouknik/Desktop/brahim_projects/j/j v2/jeunesscar/framework/vendor/laravel/framework/src/Illuminate/Pipeline/Pipeline.php(183): Illuminate\\View\\Middleware\\ShareErrorsFromSession->handle()
#25 /home/ouknik/Desktop/brahim_projects/j/j v2/jeunesscar/framework/vendor/laravel/framework/src/Illuminate/Session/Middleware/StartSession.php(121): Illuminate\\Pipeline\\Pipeline->Illuminate\\Pipeline\\{closure}()
#26 /home/ouknik/Desktop/brahim_projects/j/j v2/jeunesscar/framework/vendor/laravel/framework/src/Illuminate/Session/Middleware/StartSession.php(64): Illuminate\\Session\\Middleware\\StartSession->handleStatefulRequest()
#27 /home/ouknik/Desktop/brahim_projects/j/j v2/jeunesscar/framework/vendor/laravel/framework/src/Illuminate/Pipeline/Pipeline.php(183): Illuminate\\Session\\Middleware\\StartSession->handle()
#28 /home/ouknik/Desktop/brahim_projects/j/j v2/jeunesscar/framework/vendor/laravel/framework/src/Illuminate/Cookie/Middleware/AddQueuedCookiesToResponse.php(37): Illuminate\\Pipeline\\Pipeline->Illuminate\\Pipeline\\{closure}()
#29 /home/ouknik/Desktop/brahim_projects/j/j v2/jeunesscar/framework/vendor/laravel/framework/src/Illuminate/Pipeline/Pipeline.php(183): Illuminate\\Cookie\\Middleware\\AddQueuedCookiesToResponse->handle()
#30 /home/ouknik/Desktop/brahim_projects/j/j v2/jeunesscar/framework/vendor/laravel/framework/src/Illuminate/Cookie/Middleware/EncryptCookies.php(67): Illuminate\\Pipeline\\Pipeline->Illuminate\\Pipeline\\{closure}()
#31 /home/ouknik/Desktop/brahim_projects/j/j v2/jeunesscar/framework/vendor/laravel/framework/src/Illuminate/Pipeline/Pipeline.php(183): Illuminate\\Cookie\\Middleware\\EncryptCookies->handle()
#32 /home/ouknik/Desktop/brahim_projects/j/j v2/jeunesscar/framework/vendor/laravel/framework/src/Illuminate/Pipeline/Pipeline.php(119): Illuminate\\Pipeline\\Pipeline->Illuminate\\Pipeline\\{closure}()
#33 /home/ouknik/Desktop/brahim_projects/j/j v2/jeunesscar/framework/vendor/laravel/framework/src/Illuminate/Routing/Router.php(805): Illuminate\\Pipeline\\Pipeline->then()
#34 /home/ouknik/Desktop/brahim_projects/j/j v2/jeunesscar/framework/vendor/laravel/framework/src/Illuminate/Routing/Router.php(784): Illuminate\\Routing\\Router->runRouteWithinStack()
#35 /home/ouknik/Desktop/brahim_projects/j/j v2/jeunesscar/framework/vendor/laravel/framework/src/Illuminate/Routing/Router.php(748): Illuminate\\Routing\\Router->runRoute()
#36 /home/ouknik/Desktop/brahim_projects/j/j v2/jeunesscar/framework/vendor/laravel/framework/src/Illuminate/Routing/Router.php(737): Illuminate\\Routing\\Router->dispatchToRoute()
#37 /home/ouknik/Desktop/brahim_projects/j/j v2/jeunesscar/framework/vendor/laravel/framework/src/Illuminate/Foundation/Http/Kernel.php(200): Illuminate\\Routing\\Router->dispatch()
#38 /home/ouknik/Desktop/brahim_projects/j/j v2/jeunesscar/framework/vendor/laravel/framework/src/Illuminate/Pipeline/Pipeline.php(144): Illuminate\\Foundation\\Http\\Kernel->Illuminate\\Foundation\\Http\\{closure}()
#39 /home/ouknik/Desktop/brahim_projects/j/j v2/jeunesscar/framework/vendor/laravel/framework/src/Illuminate/Foundation/Http/Middleware/TransformsRequest.php(21): Illuminate\\Pipeline\\Pipeline->Illuminate\\Pipeline\\{closure}()
#40 /home/ouknik/Desktop/brahim_projects/j/j v2/jeunesscar/framework/vendor/laravel/framework/src/Illuminate/Foundation/Http/Middleware/ConvertEmptyStringsToNull.php(31): Illuminate\\Foundation\\Http\\Middleware\\TransformsRequest->handle()
#41 /home/ouknik/Desktop/brahim_projects/j/j v2/jeunesscar/framework/vendor/laravel/framework/src/Illuminate/Pipeline/Pipeline.php(183): Illuminate\\Foundation\\Http\\Middleware\\ConvertEmptyStringsToNull->handle()
#42 /home/ouknik/Desktop/brahim_projects/j/j v2/jeunesscar/framework/vendor/laravel/framework/src/Illuminate/Foundation/Http/Middleware/TransformsRequest.php(21): Illuminate\\Pipeline\\Pipeline->Illuminate\\Pipeline\\{closure}()
#43 /home/ouknik/Desktop/brahim_projects/j/j v2/jeunesscar/framework/vendor/laravel/framework/src/Illuminate/Foundation/Http/Middleware/TrimStrings.php(40): Illuminate\\Foundation\\Http\\Middleware\\TransformsRequest->handle()
#44 /home/ouknik/Desktop/brahim_projects/j/j v2/jeunesscar/framework/vendor/laravel/framework/src/Illuminate/Pipeline/Pipeline.php(183): Illuminate\\Foundation\\Http\\Middleware\\TrimStrings->handle()
#45 /home/ouknik/Desktop/brahim_projects/j/j v2/jeunesscar/framework/vendor/laravel/framework/src/Illuminate/Foundation/Http/Middleware/ValidatePostSize.php(27): Illuminate\\Pipeline\\Pipeline->Illuminate\\Pipeline\\{closure}()
#46 /home/ouknik/Desktop/brahim_projects/j/j v2/jeunesscar/framework/vendor/laravel/framework/src/Illuminate/Pipeline/Pipeline.php(183): Illuminate\\Foundation\\Http\\Middleware\\ValidatePostSize->handle()
#47 /home/ouknik/Desktop/brahim_projects/j/j v2/jeunesscar/framework/vendor/laravel/framework/src/Illuminate/Foundation/Http/Middleware/PreventRequestsDuringMaintenance.php(99): Illuminate\\Pipeline\\Pipeline->Illuminate\\Pipeline\\{closure}()
#48 /home/ouknik/Desktop/brahim_projects/j/j v2/jeunesscar/framework/vendor/laravel/framework/src/Illuminate/Pipeline/Pipeline.php(183): Illuminate\\Foundation\\Http\\Middleware\\PreventRequestsDuringMaintenance->handle()
#49 /home/ouknik/Desktop/brahim_projects/j/j v2/jeunesscar/framework/vendor/laravel/framework/src/Illuminate/Pipeline/Pipeline.php(119): Illuminate\\Pipeline\\Pipeline->Illuminate\\Pipeline\\{closure}()
#50 /home/ouknik/Desktop/brahim_projects/j/j v2/jeunesscar/framework/vendor/laravel/framework/src/Illuminate/Foundation/Http/Kernel.php(175): Illuminate\\Pipeline\\Pipeline->then()
#51 /home/ouknik/Desktop/brahim_projects/j/j v2/jeunesscar/framework/vendor/laravel/framework/src/Illuminate/Foundation/Http/Kernel.php(144): Illuminate\\Foundation\\Http\\Kernel->sendRequestThroughRouter()
#52 /home/ouknik/Desktop/brahim_projects/j/j v2/jeunesscar/index.php(13): Illuminate\\Foundation\\Http\\Kernel->handle()
#53 {main}

[previous exception] [object] (ErrorException(code: 0): Attempt to read property \"name\" on null at /home/ouknik/Desktop/brahim_projects/j/j v2/jeunesscar/framework/storage/framework/views/aae21edbdbfba5a59456aec6874246f1.php:262)
[stacktrace]
#0 /home/ouknik/Desktop/brahim_projects/j/j v2/jeunesscar/framework/vendor/laravel/framework/src/Illuminate/Foundation/Bootstrap/HandleExceptions.php(255): Illuminate\\Foundation\\Bootstrap\\HandleExceptions->handleError()
#1 /home/ouknik/Desktop/brahim_projects/j/j v2/jeunesscar/framework/storage/framework/views/aae21edbdbfba5a59456aec6874246f1.php(262): Illuminate\\Foundation\\Bootstrap\\HandleExceptions->Illuminate\\Foundation\\Bootstrap\\{closure}()
#2 /home/ouknik/Desktop/brahim_projects/j/j v2/jeunesscar/framework/vendor/laravel/framework/src/Illuminate/Filesystem/Filesystem.php(123): require('...')
#3 /home/ouknik/Desktop/brahim_projects/j/j v2/jeunesscar/framework/vendor/laravel/framework/src/Illuminate/Filesystem/Filesystem.php(124): Illuminate\\Filesystem\\Filesystem::Illuminate\\Filesystem\\{closure}()
#4 /home/ouknik/Desktop/brahim_projects/j/j v2/jeunesscar/framework/vendor/laravel/framework/src/Illuminate/View/Engines/PhpEngine.php(58): Illuminate\\Filesystem\\Filesystem->getRequire()
#5 /home/ouknik/Desktop/brahim_projects/j/j v2/jeunesscar/framework/vendor/laravel/framework/src/Illuminate/View/Engines/CompilerEngine.php(72): Illuminate\\View\\Engines\\PhpEngine->evaluatePath()
#6 /home/ouknik/Desktop/brahim_projects/j/j v2/jeunesscar/framework/vendor/laravel/framework/src/Illuminate/View/View.php(207): Illuminate\\View\\Engines\\CompilerEngine->get()
#7 /home/ouknik/Desktop/brahim_projects/j/j v2/jeunesscar/framework/vendor/laravel/framework/src/Illuminate/View/View.php(190): Illuminate\\View\\View->getContents()
#8 /home/ouknik/Desktop/brahim_projects/j/j v2/jeunesscar/framework/vendor/laravel/framework/src/Illuminate/View/View.php(159): Illuminate\\View\\View->renderContents()
#9 /home/ouknik/Desktop/brahim_projects/j/j v2/jeunesscar/framework/vendor/laravel/framework/src/Illuminate/Http/Response.php(69): Illuminate\\View\\View->render()
#10 /home/ouknik/Desktop/brahim_projects/j/j v2/jeunesscar/framework/vendor/laravel/framework/src/Illuminate/Http/Response.php(35): Illuminate\\Http\\Response->setContent()
#11 /home/ouknik/Desktop/brahim_projects/j/j v2/jeunesscar/framework/vendor/laravel/framework/src/Illuminate/Routing/Router.php(918): Illuminate\\Http\\Response->__construct()
#12 /home/ouknik/Desktop/brahim_projects/j/j v2/jeunesscar/framework/vendor/laravel/framework/src/Illuminate/Routing/Router.php(885): Illuminate\\Routing\\Router::toResponse()
#13 /home/ouknik/Desktop/brahim_projects/j/j v2/jeunesscar/framework/vendor/laravel/framework/src/Illuminate/Routing/Router.php(805): Illuminate\\Routing\\Router->prepareResponse()
#14 /home/ouknik/Desktop/brahim_projects/j/j v2/jeunesscar/framework/vendor/laravel/framework/src/Illuminate/Pipeline/Pipeline.php(144): Illuminate\\Routing\\Router->Illuminate\\Routing\\{closure}()
#15 /home/ouknik/Desktop/brahim_projects/j/j v2/jeunesscar/framework/vendor/spatie/laravel-permission/src/Middlewares/PermissionMiddleware.php(24): Illuminate\\Pipeline\\Pipeline->Illuminate\\Pipeline\\{closure}()
#16 /home/ouknik/Desktop/brahim_projects/j/j v2/jeunesscar/framework/vendor/laravel/framework/src/Illuminate/Pipeline/Pipeline.php(183): Spatie\\Permission\\Middlewares\\PermissionMiddleware->handle()
#17 /home/ouknik/Desktop/brahim_projects/j/j v2/jeunesscar/framework/app/Http/Middleware/SetLocale.php(37): Illuminate\\Pipeline\\Pipeline->Illuminate\\Pipeline\\{closure}()
#18 /home/ouknik/Desktop/brahim_projects/j/j v2/jeunesscar/framework/vendor/laravel/framework/src/Illuminate/Pipeline/Pipeline.php(183): App\\Http\\Middleware\\SetLocale->handle()
#19 /home/ouknik/Desktop/brahim_projects/j/j v2/jeunesscar/framework/vendor/laravel/framework/src/Illuminate/Routing/Middleware/SubstituteBindings.php(50): Illuminate\\Pipeline\\Pipeline->Illuminate\\Pipeline\\{closure}()
#20 /home/ouknik/Desktop/brahim_projects/j/j v2/jeunesscar/framework/vendor/laravel/framework/src/Illuminate/Pipeline/Pipeline.php(183): Illuminate\\Routing\\Middleware\\SubstituteBindings->handle()
#21 /home/ouknik/Desktop/brahim_projects/j/j v2/jeunesscar/framework/vendor/laravel/framework/src/Illuminate/Auth/Middleware/Authenticate.php(57): Illuminate\\Pipeline\\Pipeline->Illuminate\\Pipeline\\{closure}()
#22 /home/ouknik/Desktop/brahim_projects/j/j v2/jeunesscar/framework/vendor/laravel/framework/src/Illuminate/Pipeline/Pipeline.php(183): Illuminate\\Auth\\Middleware\\Authenticate->handle()
#23 /home/ouknik/Desktop/brahim_projects/j/j v2/jeunesscar/framework/vendor/laravel/framework/src/Illuminate/Foundation/Http/Middleware/VerifyCsrfToken.php(78): Illuminate\\Pipeline\\Pipeline->Illuminate\\Pipeline\\{closure}()
#24 /home/ouknik/Desktop/brahim_projects/j/j v2/jeunesscar/framework/vendor/laravel/framework/src/Illuminate/Pipeline/Pipeline.php(183): Illuminate\\Foundation\\Http\\Middleware\\VerifyCsrfToken->handle()
#25 /home/ouknik/Desktop/brahim_projects/j/j v2/jeunesscar/framework/vendor/laravel/framework/src/Illuminate/View/Middleware/ShareErrorsFromSession.php(49): Illuminate\\Pipeline\\Pipeline->Illuminate\\Pipeline\\{closure}()
#26 /home/ouknik/Desktop/brahim_projects/j/j v2/jeunesscar/framework/vendor/laravel/framework/src/Illuminate/Pipeline/Pipeline.php(183): Illuminate\\View\\Middleware\\ShareErrorsFromSession->handle()
#27 /home/ouknik/Desktop/brahim_projects/j/j v2/jeunesscar/framework/vendor/laravel/framework/src/Illuminate/Session/Middleware/StartSession.php(121): Illuminate\\Pipeline\\Pipeline->Illuminate\\Pipeline\\{closure}()
#28 /home/ouknik/Desktop/brahim_projects/j/j v2/jeunesscar/framework/vendor/laravel/framework/src/Illuminate/Session/Middleware/StartSession.php(64): Illuminate\\Session\\Middleware\\StartSession->handleStatefulRequest()
#29 /home/ouknik/Desktop/brahim_projects/j/j v2/jeunesscar/framework/vendor/laravel/framework/src/Illuminate/Pipeline/Pipeline.php(183): Illuminate\\Session\\Middleware\\StartSession->handle()
#30 /home/ouknik/Desktop/brahim_projects/j/j v2/jeunesscar/framework/vendor/laravel/framework/src/Illuminate/Cookie/Middleware/AddQueuedCookiesToResponse.php(37): Illuminate\\Pipeline\\Pipeline->Illuminate\\Pipeline\\{closure}()
#31 /home/ouknik/Desktop/brahim_projects/j/j v2/jeunesscar/framework/vendor/laravel/framework/src/Illuminate/Pipeline/Pipeline.php(183): Illuminate\\Cookie\\Middleware\\AddQueuedCookiesToResponse->handle()
#32 /home/ouknik/Desktop/brahim_projects/j/j v2/jeunesscar/framework/vendor/laravel/framework/src/Illuminate/Cookie/Middleware/EncryptCookies.php(67): Illuminate\\Pipeline\\Pipeline->Illuminate\\Pipeline\\{closure}()
#33 /home/ouknik/Desktop/brahim_projects/j/j v2/jeunesscar/framework/vendor/laravel/framework/src/Illuminate/Pipeline/Pipeline.php(183): Illuminate\\Cookie\\Middleware\\EncryptCookies->handle()
#34 /home/ouknik/Desktop/brahim_projects/j/j v2/jeunesscar/framework/vendor/laravel/framework/src/Illuminate/Pipeline/Pipeline.php(119): Illuminate\\Pipeline\\Pipeline->Illuminate\\Pipeline\\{closure}()
#35 /home/ouknik/Desktop/brahim_projects/j/j v2/jeunesscar/framework/vendor/laravel/framework/src/Illuminate/Routing/Router.php(805): Illuminate\\Pipeline\\Pipeline->then()
#36 /home/ouknik/Desktop/brahim_projects/j/j v2/jeunesscar/framework/vendor/laravel/framework/src/Illuminate/Routing/Router.php(784): Illuminate\\Routing\\Router->runRouteWithinStack()
#37 /home/ouknik/Desktop/brahim_projects/j/j v2/jeunesscar/framework/vendor/laravel/framework/src/Illuminate/Routing/Router.php(748): Illuminate\\Routing\\Router->runRoute()
#38 /home/ouknik/Desktop/brahim_projects/j/j v2/jeunesscar/framework/vendor/laravel/framework/src/Illuminate/Routing/Router.php(737): Illuminate\\Routing\\Router->dispatchToRoute()
#39 /home/ouknik/Desktop/brahim_projects/j/j v2/jeunesscar/framework/vendor/laravel/framework/src/Illuminate/Foundation/Http/Kernel.php(200): Illuminate\\Routing\\Router->dispatch()
#40 /home/ouknik/Desktop/brahim_projects/j/j v2/jeunesscar/framework/vendor/laravel/framework/src/Illuminate/Pipeline/Pipeline.php(144): Illuminate\\Foundation\\Http\\Kernel->Illuminate\\Foundation\\Http\\{closure}()
#41 /home/ouknik/Desktop/brahim_projects/j/j v2/jeunesscar/framework/vendor/laravel/framework/src/Illuminate/Foundation/Http/Middleware/TransformsRequest.php(21): Illuminate\\Pipeline\\Pipeline->Illuminate\\Pipeline\\{closure}()
#42 /home/ouknik/Desktop/brahim_projects/j/j v2/jeunesscar/framework/vendor/laravel/framework/src/Illuminate/Foundation/Http/Middleware/ConvertEmptyStringsToNull.php(31): Illuminate\\Foundation\\Http\\Middleware\\TransformsRequest->handle()
#43 /home/ouknik/Desktop/brahim_projects/j/j v2/jeunesscar/framework/vendor/laravel/framework/src/Illuminate/Pipeline/Pipeline.php(183): Illuminate\\Foundation\\Http\\Middleware\\ConvertEmptyStringsToNull->handle()
#44 /home/ouknik/Desktop/brahim_projects/j/j v2/jeunesscar/framework/vendor/laravel/framework/src/Illuminate/Foundation/Http/Middleware/TransformsRequest.php(21): Illuminate\\Pipeline\\Pipeline->Illuminate\\Pipeline\\{closure}()
#45 /home/ouknik/Desktop/brahim_projects/j/j v2/jeunesscar/framework/vendor/laravel/framework/src/Illuminate/Foundation/Http/Middleware/TrimStrings.php(40): Illuminate\\Foundation\\Http\\Middleware\\TransformsRequest->handle()
#46 /home/ouknik/Desktop/brahim_projects/j/j v2/jeunesscar/framework/vendor/laravel/framework/src/Illuminate/Pipeline/Pipeline.php(183): Illuminate\\Foundation\\Http\\Middleware\\TrimStrings->handle()
#47 /home/ouknik/Desktop/brahim_projects/j/j v2/jeunesscar/framework/vendor/laravel/framework/src/Illuminate/Foundation/Http/Middleware/ValidatePostSize.php(27): Illuminate\\Pipeline\\Pipeline->Illuminate\\Pipeline\\{closure}()
#48 /home/ouknik/Desktop/brahim_projects/j/j v2/jeunesscar/framework/vendor/laravel/framework/src/Illuminate/Pipeline/Pipeline.php(183): Illuminate\\Foundation\\Http\\Middleware\\ValidatePostSize->handle()
#49 /home/ouknik/Desktop/brahim_projects/j/j v2/jeunesscar/framework/vendor/laravel/framework/src/Illuminate/Foundation/Http/Middleware/PreventRequestsDuringMaintenance.php(99): Illuminate\\Pipeline\\Pipeline->Illuminate\\Pipeline\\{closure}()
#50 /home/ouknik/Desktop/brahim_projects/j/j v2/jeunesscar/framework/vendor/laravel/framework/src/Illuminate/Pipeline/Pipeline.php(183): Illuminate\\Foundation\\Http\\Middleware\\PreventRequestsDuringMaintenance->handle()
#51 /home/ouknik/Desktop/brahim_projects/j/j v2/jeunesscar/framework/vendor/laravel/framework/src/Illuminate/Pipeline/Pipeline.php(119): Illuminate\\Pipeline\\Pipeline->Illuminate\\Pipeline\\{closure}()
#52 /home/ouknik/Desktop/brahim_projects/j/j v2/jeunesscar/framework/vendor/laravel/framework/src/Illuminate/Foundation/Http/Kernel.php(175): Illuminate\\Pipeline\\Pipeline->then()
#53 /home/ouknik/Desktop/brahim_projects/j/j v2/jeunesscar/framework/vendor/laravel/framework/src/Illuminate/Foundation/Http/Kernel.php(144): Illuminate\\Foundation\\Http\\Kernel->sendRequestThroughRouter()
#54 /home/ouknik/Desktop/brahim_projects/j/j v2/jeunesscar/index.php(13): Illuminate\\Foundation\\Http\\Kernel->handle()
#55 {main}
"} 
[2025-05-14 18:48:44] local.ERROR: Attempt to read property "name" on null {"view":{"view":"/home/ouknik/Desktop/brahim_projects/j/j v2/jeunesscar/framework/resources/views/income/index.blade.php","data":[]},"userId":1,"exception":"[object] (Spatie\\LaravelIgnition\\Exceptions\\ViewException(code: 0): Attempt to read property \"name\" on null at /home/ouknik/Desktop/brahim_projects/j/j v2/jeunesscar/framework/resources/views/income/index.blade.php:244)
[stacktrace]
#0 /home/ouknik/Desktop/brahim_projects/j/j v2/jeunesscar/framework/vendor/laravel/framework/src/Illuminate/Filesystem/Filesystem.php(123): require('...')
#1 /home/ouknik/Desktop/brahim_projects/j/j v2/jeunesscar/framework/vendor/laravel/framework/src/Illuminate/Filesystem/Filesystem.php(124): Illuminate\\Filesystem\\Filesystem::Illuminate\\Filesystem\\{closure}()
#2 /home/ouknik/Desktop/brahim_projects/j/j v2/jeunesscar/framework/vendor/laravel/framework/src/Illuminate/View/Engines/PhpEngine.php(58): Illuminate\\Filesystem\\Filesystem->getRequire()
#3 /home/ouknik/Desktop/brahim_projects/j/j v2/jeunesscar/framework/vendor/laravel/framework/src/Illuminate/View/Engines/CompilerEngine.php(72): Illuminate\\View\\Engines\\PhpEngine->evaluatePath()
#4 /home/ouknik/Desktop/brahim_projects/j/j v2/jeunesscar/framework/vendor/laravel/framework/src/Illuminate/View/View.php(207): Illuminate\\View\\Engines\\CompilerEngine->get()
#5 /home/ouknik/Desktop/brahim_projects/j/j v2/jeunesscar/framework/vendor/laravel/framework/src/Illuminate/View/View.php(190): Illuminate\\View\\View->getContents()
#6 /home/ouknik/Desktop/brahim_projects/j/j v2/jeunesscar/framework/vendor/laravel/framework/src/Illuminate/View/View.php(159): Illuminate\\View\\View->renderContents()
#7 /home/ouknik/Desktop/brahim_projects/j/j v2/jeunesscar/framework/vendor/laravel/framework/src/Illuminate/Http/Response.php(69): Illuminate\\View\\View->render()
#8 /home/ouknik/Desktop/brahim_projects/j/j v2/jeunesscar/framework/vendor/laravel/framework/src/Illuminate/Http/Response.php(35): Illuminate\\Http\\Response->setContent()
#9 /home/ouknik/Desktop/brahim_projects/j/j v2/jeunesscar/framework/vendor/laravel/framework/src/Illuminate/Routing/Router.php(918): Illuminate\\Http\\Response->__construct()
#10 /home/ouknik/Desktop/brahim_projects/j/j v2/jeunesscar/framework/vendor/laravel/framework/src/Illuminate/Routing/Router.php(885): Illuminate\\Routing\\Router::toResponse()
#11 /home/ouknik/Desktop/brahim_projects/j/j v2/jeunesscar/framework/vendor/laravel/framework/src/Illuminate/Routing/Router.php(805): Illuminate\\Routing\\Router->prepareResponse()
#12 /home/ouknik/Desktop/brahim_projects/j/j v2/jeunesscar/framework/vendor/laravel/framework/src/Illuminate/Pipeline/Pipeline.php(144): Illuminate\\Routing\\Router->Illuminate\\Routing\\{closure}()
#13 /home/ouknik/Desktop/brahim_projects/j/j v2/jeunesscar/framework/vendor/spatie/laravel-permission/src/Middlewares/PermissionMiddleware.php(24): Illuminate\\Pipeline\\Pipeline->Illuminate\\Pipeline\\{closure}()
#14 /home/ouknik/Desktop/brahim_projects/j/j v2/jeunesscar/framework/vendor/laravel/framework/src/Illuminate/Pipeline/Pipeline.php(183): Spatie\\Permission\\Middlewares\\PermissionMiddleware->handle()
#15 /home/ouknik/Desktop/brahim_projects/j/j v2/jeunesscar/framework/app/Http/Middleware/SetLocale.php(37): Illuminate\\Pipeline\\Pipeline->Illuminate\\Pipeline\\{closure}()
#16 /home/ouknik/Desktop/brahim_projects/j/j v2/jeunesscar/framework/vendor/laravel/framework/src/Illuminate/Pipeline/Pipeline.php(183): App\\Http\\Middleware\\SetLocale->handle()
#17 /home/ouknik/Desktop/brahim_projects/j/j v2/jeunesscar/framework/vendor/laravel/framework/src/Illuminate/Routing/Middleware/SubstituteBindings.php(50): Illuminate\\Pipeline\\Pipeline->Illuminate\\Pipeline\\{closure}()
#18 /home/ouknik/Desktop/brahim_projects/j/j v2/jeunesscar/framework/vendor/laravel/framework/src/Illuminate/Pipeline/Pipeline.php(183): Illuminate\\Routing\\Middleware\\SubstituteBindings->handle()
#19 /home/ouknik/Desktop/brahim_projects/j/j v2/jeunesscar/framework/vendor/laravel/framework/src/Illuminate/Auth/Middleware/Authenticate.php(57): Illuminate\\Pipeline\\Pipeline->Illuminate\\Pipeline\\{closure}()
#20 /home/ouknik/Desktop/brahim_projects/j/j v2/jeunesscar/framework/vendor/laravel/framework/src/Illuminate/Pipeline/Pipeline.php(183): Illuminate\\Auth\\Middleware\\Authenticate->handle()
#21 /home/ouknik/Desktop/brahim_projects/j/j v2/jeunesscar/framework/vendor/laravel/framework/src/Illuminate/Foundation/Http/Middleware/VerifyCsrfToken.php(78): Illuminate\\Pipeline\\Pipeline->Illuminate\\Pipeline\\{closure}()
#22 /home/ouknik/Desktop/brahim_projects/j/j v2/jeunesscar/framework/vendor/laravel/framework/src/Illuminate/Pipeline/Pipeline.php(183): Illuminate\\Foundation\\Http\\Middleware\\VerifyCsrfToken->handle()
#23 /home/ouknik/Desktop/brahim_projects/j/j v2/jeunesscar/framework/vendor/laravel/framework/src/Illuminate/View/Middleware/ShareErrorsFromSession.php(49): Illuminate\\Pipeline\\Pipeline->Illuminate\\Pipeline\\{closure}()
#24 /home/ouknik/Desktop/brahim_projects/j/j v2/jeunesscar/framework/vendor/laravel/framework/src/Illuminate/Pipeline/Pipeline.php(183): Illuminate\\View\\Middleware\\ShareErrorsFromSession->handle()
#25 /home/ouknik/Desktop/brahim_projects/j/j v2/jeunesscar/framework/vendor/laravel/framework/src/Illuminate/Session/Middleware/StartSession.php(121): Illuminate\\Pipeline\\Pipeline->Illuminate\\Pipeline\\{closure}()
#26 /home/ouknik/Desktop/brahim_projects/j/j v2/jeunesscar/framework/vendor/laravel/framework/src/Illuminate/Session/Middleware/StartSession.php(64): Illuminate\\Session\\Middleware\\StartSession->handleStatefulRequest()
#27 /home/ouknik/Desktop/brahim_projects/j/j v2/jeunesscar/framework/vendor/laravel/framework/src/Illuminate/Pipeline/Pipeline.php(183): Illuminate\\Session\\Middleware\\StartSession->handle()
#28 /home/ouknik/Desktop/brahim_projects/j/j v2/jeunesscar/framework/vendor/laravel/framework/src/Illuminate/Cookie/Middleware/AddQueuedCookiesToResponse.php(37): Illuminate\\Pipeline\\Pipeline->Illuminate\\Pipeline\\{closure}()
#29 /home/ouknik/Desktop/brahim_projects/j/j v2/jeunesscar/framework/vendor/laravel/framework/src/Illuminate/Pipeline/Pipeline.php(183): Illuminate\\Cookie\\Middleware\\AddQueuedCookiesToResponse->handle()
#30 /home/ouknik/Desktop/brahim_projects/j/j v2/jeunesscar/framework/vendor/laravel/framework/src/Illuminate/Cookie/Middleware/EncryptCookies.php(67): Illuminate\\Pipeline\\Pipeline->Illuminate\\Pipeline\\{closure}()
#31 /home/ouknik/Desktop/brahim_projects/j/j v2/jeunesscar/framework/vendor/laravel/framework/src/Illuminate/Pipeline/Pipeline.php(183): Illuminate\\Cookie\\Middleware\\EncryptCookies->handle()
#32 /home/ouknik/Desktop/brahim_projects/j/j v2/jeunesscar/framework/vendor/laravel/framework/src/Illuminate/Pipeline/Pipeline.php(119): Illuminate\\Pipeline\\Pipeline->Illuminate\\Pipeline\\{closure}()
#33 /home/ouknik/Desktop/brahim_projects/j/j v2/jeunesscar/framework/vendor/laravel/framework/src/Illuminate/Routing/Router.php(805): Illuminate\\Pipeline\\Pipeline->then()
#34 /home/ouknik/Desktop/brahim_projects/j/j v2/jeunesscar/framework/vendor/laravel/framework/src/Illuminate/Routing/Router.php(784): Illuminate\\Routing\\Router->runRouteWithinStack()
#35 /home/ouknik/Desktop/brahim_projects/j/j v2/jeunesscar/framework/vendor/laravel/framework/src/Illuminate/Routing/Router.php(748): Illuminate\\Routing\\Router->runRoute()
#36 /home/ouknik/Desktop/brahim_projects/j/j v2/jeunesscar/framework/vendor/laravel/framework/src/Illuminate/Routing/Router.php(737): Illuminate\\Routing\\Router->dispatchToRoute()
#37 /home/ouknik/Desktop/brahim_projects/j/j v2/jeunesscar/framework/vendor/laravel/framework/src/Illuminate/Foundation/Http/Kernel.php(200): Illuminate\\Routing\\Router->dispatch()
#38 /home/ouknik/Desktop/brahim_projects/j/j v2/jeunesscar/framework/vendor/laravel/framework/src/Illuminate/Pipeline/Pipeline.php(144): Illuminate\\Foundation\\Http\\Kernel->Illuminate\\Foundation\\Http\\{closure}()
#39 /home/ouknik/Desktop/brahim_projects/j/j v2/jeunesscar/framework/vendor/laravel/framework/src/Illuminate/Foundation/Http/Middleware/TransformsRequest.php(21): Illuminate\\Pipeline\\Pipeline->Illuminate\\Pipeline\\{closure}()
#40 /home/ouknik/Desktop/brahim_projects/j/j v2/jeunesscar/framework/vendor/laravel/framework/src/Illuminate/Foundation/Http/Middleware/ConvertEmptyStringsToNull.php(31): Illuminate\\Foundation\\Http\\Middleware\\TransformsRequest->handle()
#41 /home/ouknik/Desktop/brahim_projects/j/j v2/jeunesscar/framework/vendor/laravel/framework/src/Illuminate/Pipeline/Pipeline.php(183): Illuminate\\Foundation\\Http\\Middleware\\ConvertEmptyStringsToNull->handle()
#42 /home/ouknik/Desktop/brahim_projects/j/j v2/jeunesscar/framework/vendor/laravel/framework/src/Illuminate/Foundation/Http/Middleware/TransformsRequest.php(21): Illuminate\\Pipeline\\Pipeline->Illuminate\\Pipeline\\{closure}()
#43 /home/ouknik/Desktop/brahim_projects/j/j v2/jeunesscar/framework/vendor/laravel/framework/src/Illuminate/Foundation/Http/Middleware/TrimStrings.php(40): Illuminate\\Foundation\\Http\\Middleware\\TransformsRequest->handle()
#44 /home/ouknik/Desktop/brahim_projects/j/j v2/jeunesscar/framework/vendor/laravel/framework/src/Illuminate/Pipeline/Pipeline.php(183): Illuminate\\Foundation\\Http\\Middleware\\TrimStrings->handle()
#45 /home/ouknik/Desktop/brahim_projects/j/j v2/jeunesscar/framework/vendor/laravel/framework/src/Illuminate/Foundation/Http/Middleware/ValidatePostSize.php(27): Illuminate\\Pipeline\\Pipeline->Illuminate\\Pipeline\\{closure}()
#46 /home/ouknik/Desktop/brahim_projects/j/j v2/jeunesscar/framework/vendor/laravel/framework/src/Illuminate/Pipeline/Pipeline.php(183): Illuminate\\Foundation\\Http\\Middleware\\ValidatePostSize->handle()
#47 /home/ouknik/Desktop/brahim_projects/j/j v2/jeunesscar/framework/vendor/laravel/framework/src/Illuminate/Foundation/Http/Middleware/PreventRequestsDuringMaintenance.php(99): Illuminate\\Pipeline\\Pipeline->Illuminate\\Pipeline\\{closure}()
#48 /home/ouknik/Desktop/brahim_projects/j/j v2/jeunesscar/framework/vendor/laravel/framework/src/Illuminate/Pipeline/Pipeline.php(183): Illuminate\\Foundation\\Http\\Middleware\\PreventRequestsDuringMaintenance->handle()
#49 /home/ouknik/Desktop/brahim_projects/j/j v2/jeunesscar/framework/vendor/laravel/framework/src/Illuminate/Pipeline/Pipeline.php(119): Illuminate\\Pipeline\\Pipeline->Illuminate\\Pipeline\\{closure}()
#50 /home/ouknik/Desktop/brahim_projects/j/j v2/jeunesscar/framework/vendor/laravel/framework/src/Illuminate/Foundation/Http/Kernel.php(175): Illuminate\\Pipeline\\Pipeline->then()
#51 /home/ouknik/Desktop/brahim_projects/j/j v2/jeunesscar/framework/vendor/laravel/framework/src/Illuminate/Foundation/Http/Kernel.php(144): Illuminate\\Foundation\\Http\\Kernel->sendRequestThroughRouter()
#52 /home/ouknik/Desktop/brahim_projects/j/j v2/jeunesscar/index.php(13): Illuminate\\Foundation\\Http\\Kernel->handle()
#53 {main}

[previous exception] [object] (ErrorException(code: 0): Attempt to read property \"name\" on null at /home/ouknik/Desktop/brahim_projects/j/j v2/jeunesscar/framework/storage/framework/views/aae21edbdbfba5a59456aec6874246f1.php:262)
[stacktrace]
#0 /home/ouknik/Desktop/brahim_projects/j/j v2/jeunesscar/framework/vendor/laravel/framework/src/Illuminate/Foundation/Bootstrap/HandleExceptions.php(255): Illuminate\\Foundation\\Bootstrap\\HandleExceptions->handleError()
#1 /home/ouknik/Desktop/brahim_projects/j/j v2/jeunesscar/framework/storage/framework/views/aae21edbdbfba5a59456aec6874246f1.php(262): Illuminate\\Foundation\\Bootstrap\\HandleExceptions->Illuminate\\Foundation\\Bootstrap\\{closure}()
#2 /home/ouknik/Desktop/brahim_projects/j/j v2/jeunesscar/framework/vendor/laravel/framework/src/Illuminate/Filesystem/Filesystem.php(123): require('...')
#3 /home/ouknik/Desktop/brahim_projects/j/j v2/jeunesscar/framework/vendor/laravel/framework/src/Illuminate/Filesystem/Filesystem.php(124): Illuminate\\Filesystem\\Filesystem::Illuminate\\Filesystem\\{closure}()
#4 /home/ouknik/Desktop/brahim_projects/j/j v2/jeunesscar/framework/vendor/laravel/framework/src/Illuminate/View/Engines/PhpEngine.php(58): Illuminate\\Filesystem\\Filesystem->getRequire()
#5 /home/ouknik/Desktop/brahim_projects/j/j v2/jeunesscar/framework/vendor/laravel/framework/src/Illuminate/View/Engines/CompilerEngine.php(72): Illuminate\\View\\Engines\\PhpEngine->evaluatePath()
#6 /home/ouknik/Desktop/brahim_projects/j/j v2/jeunesscar/framework/vendor/laravel/framework/src/Illuminate/View/View.php(207): Illuminate\\View\\Engines\\CompilerEngine->get()
#7 /home/ouknik/Desktop/brahim_projects/j/j v2/jeunesscar/framework/vendor/laravel/framework/src/Illuminate/View/View.php(190): Illuminate\\View\\View->getContents()
#8 /home/ouknik/Desktop/brahim_projects/j/j v2/jeunesscar/framework/vendor/laravel/framework/src/Illuminate/View/View.php(159): Illuminate\\View\\View->renderContents()
#9 /home/ouknik/Desktop/brahim_projects/j/j v2/jeunesscar/framework/vendor/laravel/framework/src/Illuminate/Http/Response.php(69): Illuminate\\View\\View->render()
#10 /home/ouknik/Desktop/brahim_projects/j/j v2/jeunesscar/framework/vendor/laravel/framework/src/Illuminate/Http/Response.php(35): Illuminate\\Http\\Response->setContent()
#11 /home/ouknik/Desktop/brahim_projects/j/j v2/jeunesscar/framework/vendor/laravel/framework/src/Illuminate/Routing/Router.php(918): Illuminate\\Http\\Response->__construct()
#12 /home/ouknik/Desktop/brahim_projects/j/j v2/jeunesscar/framework/vendor/laravel/framework/src/Illuminate/Routing/Router.php(885): Illuminate\\Routing\\Router::toResponse()
#13 /home/ouknik/Desktop/brahim_projects/j/j v2/jeunesscar/framework/vendor/laravel/framework/src/Illuminate/Routing/Router.php(805): Illuminate\\Routing\\Router->prepareResponse()
#14 /home/ouknik/Desktop/brahim_projects/j/j v2/jeunesscar/framework/vendor/laravel/framework/src/Illuminate/Pipeline/Pipeline.php(144): Illuminate\\Routing\\Router->Illuminate\\Routing\\{closure}()
#15 /home/ouknik/Desktop/brahim_projects/j/j v2/jeunesscar/framework/vendor/spatie/laravel-permission/src/Middlewares/PermissionMiddleware.php(24): Illuminate\\Pipeline\\Pipeline->Illuminate\\Pipeline\\{closure}()
#16 /home/ouknik/Desktop/brahim_projects/j/j v2/jeunesscar/framework/vendor/laravel/framework/src/Illuminate/Pipeline/Pipeline.php(183): Spatie\\Permission\\Middlewares\\PermissionMiddleware->handle()
#17 /home/ouknik/Desktop/brahim_projects/j/j v2/jeunesscar/framework/app/Http/Middleware/SetLocale.php(37): Illuminate\\Pipeline\\Pipeline->Illuminate\\Pipeline\\{closure}()
#18 /home/ouknik/Desktop/brahim_projects/j/j v2/jeunesscar/framework/vendor/laravel/framework/src/Illuminate/Pipeline/Pipeline.php(183): App\\Http\\Middleware\\SetLocale->handle()
#19 /home/ouknik/Desktop/brahim_projects/j/j v2/jeunesscar/framework/vendor/laravel/framework/src/Illuminate/Routing/Middleware/SubstituteBindings.php(50): Illuminate\\Pipeline\\Pipeline->Illuminate\\Pipeline\\{closure}()
#20 /home/ouknik/Desktop/brahim_projects/j/j v2/jeunesscar/framework/vendor/laravel/framework/src/Illuminate/Pipeline/Pipeline.php(183): Illuminate\\Routing\\Middleware\\SubstituteBindings->handle()
#21 /home/ouknik/Desktop/brahim_projects/j/j v2/jeunesscar/framework/vendor/laravel/framework/src/Illuminate/Auth/Middleware/Authenticate.php(57): Illuminate\\Pipeline\\Pipeline->Illuminate\\Pipeline\\{closure}()
#22 /home/ouknik/Desktop/brahim_projects/j/j v2/jeunesscar/framework/vendor/laravel/framework/src/Illuminate/Pipeline/Pipeline.php(183): Illuminate\\Auth\\Middleware\\Authenticate->handle()
#23 /home/ouknik/Desktop/brahim_projects/j/j v2/jeunesscar/framework/vendor/laravel/framework/src/Illuminate/Foundation/Http/Middleware/VerifyCsrfToken.php(78): Illuminate\\Pipeline\\Pipeline->Illuminate\\Pipeline\\{closure}()
#24 /home/ouknik/Desktop/brahim_projects/j/j v2/jeunesscar/framework/vendor/laravel/framework/src/Illuminate/Pipeline/Pipeline.php(183): Illuminate\\Foundation\\Http\\Middleware\\VerifyCsrfToken->handle()
#25 /home/ouknik/Desktop/brahim_projects/j/j v2/jeunesscar/framework/vendor/laravel/framework/src/Illuminate/View/Middleware/ShareErrorsFromSession.php(49): Illuminate\\Pipeline\\Pipeline->Illuminate\\Pipeline\\{closure}()
#26 /home/ouknik/Desktop/brahim_projects/j/j v2/jeunesscar/framework/vendor/laravel/framework/src/Illuminate/Pipeline/Pipeline.php(183): Illuminate\\View\\Middleware\\ShareErrorsFromSession->handle()
#27 /home/ouknik/Desktop/brahim_projects/j/j v2/jeunesscar/framework/vendor/laravel/framework/src/Illuminate/Session/Middleware/StartSession.php(121): Illuminate\\Pipeline\\Pipeline->Illuminate\\Pipeline\\{closure}()
#28 /home/ouknik/Desktop/brahim_projects/j/j v2/jeunesscar/framework/vendor/laravel/framework/src/Illuminate/Session/Middleware/StartSession.php(64): Illuminate\\Session\\Middleware\\StartSession->handleStatefulRequest()
#29 /home/ouknik/Desktop/brahim_projects/j/j v2/jeunesscar/framework/vendor/laravel/framework/src/Illuminate/Pipeline/Pipeline.php(183): Illuminate\\Session\\Middleware\\StartSession->handle()
#30 /home/ouknik/Desktop/brahim_projects/j/j v2/jeunesscar/framework/vendor/laravel/framework/src/Illuminate/Cookie/Middleware/AddQueuedCookiesToResponse.php(37): Illuminate\\Pipeline\\Pipeline->Illuminate\\Pipeline\\{closure}()
#31 /home/ouknik/Desktop/brahim_projects/j/j v2/jeunesscar/framework/vendor/laravel/framework/src/Illuminate/Pipeline/Pipeline.php(183): Illuminate\\Cookie\\Middleware\\AddQueuedCookiesToResponse->handle()
#32 /home/ouknik/Desktop/brahim_projects/j/j v2/jeunesscar/framework/vendor/laravel/framework/src/Illuminate/Cookie/Middleware/EncryptCookies.php(67): Illuminate\\Pipeline\\Pipeline->Illuminate\\Pipeline\\{closure}()
#33 /home/ouknik/Desktop/brahim_projects/j/j v2/jeunesscar/framework/vendor/laravel/framework/src/Illuminate/Pipeline/Pipeline.php(183): Illuminate\\Cookie\\Middleware\\EncryptCookies->handle()
#34 /home/ouknik/Desktop/brahim_projects/j/j v2/jeunesscar/framework/vendor/laravel/framework/src/Illuminate/Pipeline/Pipeline.php(119): Illuminate\\Pipeline\\Pipeline->Illuminate\\Pipeline\\{closure}()
#35 /home/ouknik/Desktop/brahim_projects/j/j v2/jeunesscar/framework/vendor/laravel/framework/src/Illuminate/Routing/Router.php(805): Illuminate\\Pipeline\\Pipeline->then()
#36 /home/ouknik/Desktop/brahim_projects/j/j v2/jeunesscar/framework/vendor/laravel/framework/src/Illuminate/Routing/Router.php(784): Illuminate\\Routing\\Router->runRouteWithinStack()
#37 /home/ouknik/Desktop/brahim_projects/j/j v2/jeunesscar/framework/vendor/laravel/framework/src/Illuminate/Routing/Router.php(748): Illuminate\\Routing\\Router->runRoute()
#38 /home/ouknik/Desktop/brahim_projects/j/j v2/jeunesscar/framework/vendor/laravel/framework/src/Illuminate/Routing/Router.php(737): Illuminate\\Routing\\Router->dispatchToRoute()
#39 /home/ouknik/Desktop/brahim_projects/j/j v2/jeunesscar/framework/vendor/laravel/framework/src/Illuminate/Foundation/Http/Kernel.php(200): Illuminate\\Routing\\Router->dispatch()
#40 /home/ouknik/Desktop/brahim_projects/j/j v2/jeunesscar/framework/vendor/laravel/framework/src/Illuminate/Pipeline/Pipeline.php(144): Illuminate\\Foundation\\Http\\Kernel->Illuminate\\Foundation\\Http\\{closure}()
#41 /home/ouknik/Desktop/brahim_projects/j/j v2/jeunesscar/framework/vendor/laravel/framework/src/Illuminate/Foundation/Http/Middleware/TransformsRequest.php(21): Illuminate\\Pipeline\\Pipeline->Illuminate\\Pipeline\\{closure}()
#42 /home/ouknik/Desktop/brahim_projects/j/j v2/jeunesscar/framework/vendor/laravel/framework/src/Illuminate/Foundation/Http/Middleware/ConvertEmptyStringsToNull.php(31): Illuminate\\Foundation\\Http\\Middleware\\TransformsRequest->handle()
#43 /home/ouknik/Desktop/brahim_projects/j/j v2/jeunesscar/framework/vendor/laravel/framework/src/Illuminate/Pipeline/Pipeline.php(183): Illuminate\\Foundation\\Http\\Middleware\\ConvertEmptyStringsToNull->handle()
#44 /home/ouknik/Desktop/brahim_projects/j/j v2/jeunesscar/framework/vendor/laravel/framework/src/Illuminate/Foundation/Http/Middleware/TransformsRequest.php(21): Illuminate\\Pipeline\\Pipeline->Illuminate\\Pipeline\\{closure}()
#45 /home/ouknik/Desktop/brahim_projects/j/j v2/jeunesscar/framework/vendor/laravel/framework/src/Illuminate/Foundation/Http/Middleware/TrimStrings.php(40): Illuminate\\Foundation\\Http\\Middleware\\TransformsRequest->handle()
#46 /home/ouknik/Desktop/brahim_projects/j/j v2/jeunesscar/framework/vendor/laravel/framework/src/Illuminate/Pipeline/Pipeline.php(183): Illuminate\\Foundation\\Http\\Middleware\\TrimStrings->handle()
#47 /home/ouknik/Desktop/brahim_projects/j/j v2/jeunesscar/framework/vendor/laravel/framework/src/Illuminate/Foundation/Http/Middleware/ValidatePostSize.php(27): Illuminate\\Pipeline\\Pipeline->Illuminate\\Pipeline\\{closure}()
#48 /home/ouknik/Desktop/brahim_projects/j/j v2/jeunesscar/framework/vendor/laravel/framework/src/Illuminate/Pipeline/Pipeline.php(183): Illuminate\\Foundation\\Http\\Middleware\\ValidatePostSize->handle()
#49 /home/ouknik/Desktop/brahim_projects/j/j v2/jeunesscar/framework/vendor/laravel/framework/src/Illuminate/Foundation/Http/Middleware/PreventRequestsDuringMaintenance.php(99): Illuminate\\Pipeline\\Pipeline->Illuminate\\Pipeline\\{closure}()
#50 /home/ouknik/Desktop/brahim_projects/j/j v2/jeunesscar/framework/vendor/laravel/framework/src/Illuminate/Pipeline/Pipeline.php(183): Illuminate\\Foundation\\Http\\Middleware\\PreventRequestsDuringMaintenance->handle()
#51 /home/ouknik/Desktop/brahim_projects/j/j v2/jeunesscar/framework/vendor/laravel/framework/src/Illuminate/Pipeline/Pipeline.php(119): Illuminate\\Pipeline\\Pipeline->Illuminate\\Pipeline\\{closure}()
#52 /home/ouknik/Desktop/brahim_projects/j/j v2/jeunesscar/framework/vendor/laravel/framework/src/Illuminate/Foundation/Http/Kernel.php(175): Illuminate\\Pipeline\\Pipeline->then()
#53 /home/ouknik/Desktop/brahim_projects/j/j v2/jeunesscar/framework/vendor/laravel/framework/src/Illuminate/Foundation/Http/Kernel.php(144): Illuminate\\Foundation\\Http\\Kernel->sendRequestThroughRouter()
#54 /home/ouknik/Desktop/brahim_projects/j/j v2/jeunesscar/index.php(13): Illuminate\\Foundation\\Http\\Kernel->handle()
#55 {main}
"} 
[2025-05-14 18:50:38] local.ERROR: Attempt to read property "name" on null {"view":{"view":"/home/ouknik/Desktop/brahim_projects/j/j v2/jeunesscar/framework/resources/views/income/index.blade.php","data":[]},"userId":1,"exception":"[object] (Spatie\\LaravelIgnition\\Exceptions\\ViewException(code: 0): Attempt to read property \"name\" on null at /home/ouknik/Desktop/brahim_projects/j/j v2/jeunesscar/framework/resources/views/income/index.blade.php:244)
[stacktrace]
#0 /home/ouknik/Desktop/brahim_projects/j/j v2/jeunesscar/framework/vendor/laravel/framework/src/Illuminate/Filesystem/Filesystem.php(123): require('...')
#1 /home/ouknik/Desktop/brahim_projects/j/j v2/jeunesscar/framework/vendor/laravel/framework/src/Illuminate/Filesystem/Filesystem.php(124): Illuminate\\Filesystem\\Filesystem::Illuminate\\Filesystem\\{closure}()
#2 /home/ouknik/Desktop/brahim_projects/j/j v2/jeunesscar/framework/vendor/laravel/framework/src/Illuminate/View/Engines/PhpEngine.php(58): Illuminate\\Filesystem\\Filesystem->getRequire()
#3 /home/ouknik/Desktop/brahim_projects/j/j v2/jeunesscar/framework/vendor/laravel/framework/src/Illuminate/View/Engines/CompilerEngine.php(72): Illuminate\\View\\Engines\\PhpEngine->evaluatePath()
#4 /home/ouknik/Desktop/brahim_projects/j/j v2/jeunesscar/framework/vendor/laravel/framework/src/Illuminate/View/View.php(207): Illuminate\\View\\Engines\\CompilerEngine->get()
#5 /home/ouknik/Desktop/brahim_projects/j/j v2/jeunesscar/framework/vendor/laravel/framework/src/Illuminate/View/View.php(190): Illuminate\\View\\View->getContents()
#6 /home/ouknik/Desktop/brahim_projects/j/j v2/jeunesscar/framework/vendor/laravel/framework/src/Illuminate/View/View.php(159): Illuminate\\View\\View->renderContents()
#7 /home/ouknik/Desktop/brahim_projects/j/j v2/jeunesscar/framework/vendor/laravel/framework/src/Illuminate/Http/Response.php(69): Illuminate\\View\\View->render()
#8 /home/ouknik/Desktop/brahim_projects/j/j v2/jeunesscar/framework/vendor/laravel/framework/src/Illuminate/Http/Response.php(35): Illuminate\\Http\\Response->setContent()
#9 /home/ouknik/Desktop/brahim_projects/j/j v2/jeunesscar/framework/vendor/laravel/framework/src/Illuminate/Routing/Router.php(918): Illuminate\\Http\\Response->__construct()
#10 /home/ouknik/Desktop/brahim_projects/j/j v2/jeunesscar/framework/vendor/laravel/framework/src/Illuminate/Routing/Router.php(885): Illuminate\\Routing\\Router::toResponse()
#11 /home/ouknik/Desktop/brahim_projects/j/j v2/jeunesscar/framework/vendor/laravel/framework/src/Illuminate/Routing/Router.php(805): Illuminate\\Routing\\Router->prepareResponse()
#12 /home/ouknik/Desktop/brahim_projects/j/j v2/jeunesscar/framework/vendor/laravel/framework/src/Illuminate/Pipeline/Pipeline.php(144): Illuminate\\Routing\\Router->Illuminate\\Routing\\{closure}()
#13 /home/ouknik/Desktop/brahim_projects/j/j v2/jeunesscar/framework/vendor/spatie/laravel-permission/src/Middlewares/PermissionMiddleware.php(24): Illuminate\\Pipeline\\Pipeline->Illuminate\\Pipeline\\{closure}()
#14 /home/ouknik/Desktop/brahim_projects/j/j v2/jeunesscar/framework/vendor/laravel/framework/src/Illuminate/Pipeline/Pipeline.php(183): Spatie\\Permission\\Middlewares\\PermissionMiddleware->handle()
#15 /home/ouknik/Desktop/brahim_projects/j/j v2/jeunesscar/framework/app/Http/Middleware/SetLocale.php(37): Illuminate\\Pipeline\\Pipeline->Illuminate\\Pipeline\\{closure}()
#16 /home/ouknik/Desktop/brahim_projects/j/j v2/jeunesscar/framework/vendor/laravel/framework/src/Illuminate/Pipeline/Pipeline.php(183): App\\Http\\Middleware\\SetLocale->handle()
#17 /home/ouknik/Desktop/brahim_projects/j/j v2/jeunesscar/framework/vendor/laravel/framework/src/Illuminate/Routing/Middleware/SubstituteBindings.php(50): Illuminate\\Pipeline\\Pipeline->Illuminate\\Pipeline\\{closure}()
#18 /home/ouknik/Desktop/brahim_projects/j/j v2/jeunesscar/framework/vendor/laravel/framework/src/Illuminate/Pipeline/Pipeline.php(183): Illuminate\\Routing\\Middleware\\SubstituteBindings->handle()
#19 /home/ouknik/Desktop/brahim_projects/j/j v2/jeunesscar/framework/vendor/laravel/framework/src/Illuminate/Auth/Middleware/Authenticate.php(57): Illuminate\\Pipeline\\Pipeline->Illuminate\\Pipeline\\{closure}()
#20 /home/ouknik/Desktop/brahim_projects/j/j v2/jeunesscar/framework/vendor/laravel/framework/src/Illuminate/Pipeline/Pipeline.php(183): Illuminate\\Auth\\Middleware\\Authenticate->handle()
#21 /home/ouknik/Desktop/brahim_projects/j/j v2/jeunesscar/framework/vendor/laravel/framework/src/Illuminate/Foundation/Http/Middleware/VerifyCsrfToken.php(78): Illuminate\\Pipeline\\Pipeline->Illuminate\\Pipeline\\{closure}()
#22 /home/ouknik/Desktop/brahim_projects/j/j v2/jeunesscar/framework/vendor/laravel/framework/src/Illuminate/Pipeline/Pipeline.php(183): Illuminate\\Foundation\\Http\\Middleware\\VerifyCsrfToken->handle()
#23 /home/ouknik/Desktop/brahim_projects/j/j v2/jeunesscar/framework/vendor/laravel/framework/src/Illuminate/View/Middleware/ShareErrorsFromSession.php(49): Illuminate\\Pipeline\\Pipeline->Illuminate\\Pipeline\\{closure}()
#24 /home/ouknik/Desktop/brahim_projects/j/j v2/jeunesscar/framework/vendor/laravel/framework/src/Illuminate/Pipeline/Pipeline.php(183): Illuminate\\View\\Middleware\\ShareErrorsFromSession->handle()
#25 /home/ouknik/Desktop/brahim_projects/j/j v2/jeunesscar/framework/vendor/laravel/framework/src/Illuminate/Session/Middleware/StartSession.php(121): Illuminate\\Pipeline\\Pipeline->Illuminate\\Pipeline\\{closure}()
#26 /home/ouknik/Desktop/brahim_projects/j/j v2/jeunesscar/framework/vendor/laravel/framework/src/Illuminate/Session/Middleware/StartSession.php(64): Illuminate\\Session\\Middleware\\StartSession->handleStatefulRequest()
#27 /home/ouknik/Desktop/brahim_projects/j/j v2/jeunesscar/framework/vendor/laravel/framework/src/Illuminate/Pipeline/Pipeline.php(183): Illuminate\\Session\\Middleware\\StartSession->handle()
#28 /home/ouknik/Desktop/brahim_projects/j/j v2/jeunesscar/framework/vendor/laravel/framework/src/Illuminate/Cookie/Middleware/AddQueuedCookiesToResponse.php(37): Illuminate\\Pipeline\\Pipeline->Illuminate\\Pipeline\\{closure}()
#29 /home/ouknik/Desktop/brahim_projects/j/j v2/jeunesscar/framework/vendor/laravel/framework/src/Illuminate/Pipeline/Pipeline.php(183): Illuminate\\Cookie\\Middleware\\AddQueuedCookiesToResponse->handle()
#30 /home/ouknik/Desktop/brahim_projects/j/j v2/jeunesscar/framework/vendor/laravel/framework/src/Illuminate/Cookie/Middleware/EncryptCookies.php(67): Illuminate\\Pipeline\\Pipeline->Illuminate\\Pipeline\\{closure}()
#31 /home/ouknik/Desktop/brahim_projects/j/j v2/jeunesscar/framework/vendor/laravel/framework/src/Illuminate/Pipeline/Pipeline.php(183): Illuminate\\Cookie\\Middleware\\EncryptCookies->handle()
#32 /home/ouknik/Desktop/brahim_projects/j/j v2/jeunesscar/framework/vendor/laravel/framework/src/Illuminate/Pipeline/Pipeline.php(119): Illuminate\\Pipeline\\Pipeline->Illuminate\\Pipeline\\{closure}()
#33 /home/ouknik/Desktop/brahim_projects/j/j v2/jeunesscar/framework/vendor/laravel/framework/src/Illuminate/Routing/Router.php(805): Illuminate\\Pipeline\\Pipeline->then()
#34 /home/ouknik/Desktop/brahim_projects/j/j v2/jeunesscar/framework/vendor/laravel/framework/src/Illuminate/Routing/Router.php(784): Illuminate\\Routing\\Router->runRouteWithinStack()
#35 /home/ouknik/Desktop/brahim_projects/j/j v2/jeunesscar/framework/vendor/laravel/framework/src/Illuminate/Routing/Router.php(748): Illuminate\\Routing\\Router->runRoute()
#36 /home/ouknik/Desktop/brahim_projects/j/j v2/jeunesscar/framework/vendor/laravel/framework/src/Illuminate/Routing/Router.php(737): Illuminate\\Routing\\Router->dispatchToRoute()
#37 /home/ouknik/Desktop/brahim_projects/j/j v2/jeunesscar/framework/vendor/laravel/framework/src/Illuminate/Foundation/Http/Kernel.php(200): Illuminate\\Routing\\Router->dispatch()
#38 /home/ouknik/Desktop/brahim_projects/j/j v2/jeunesscar/framework/vendor/laravel/framework/src/Illuminate/Pipeline/Pipeline.php(144): Illuminate\\Foundation\\Http\\Kernel->Illuminate\\Foundation\\Http\\{closure}()
#39 /home/ouknik/Desktop/brahim_projects/j/j v2/jeunesscar/framework/vendor/laravel/framework/src/Illuminate/Foundation/Http/Middleware/TransformsRequest.php(21): Illuminate\\Pipeline\\Pipeline->Illuminate\\Pipeline\\{closure}()
#40 /home/ouknik/Desktop/brahim_projects/j/j v2/jeunesscar/framework/vendor/laravel/framework/src/Illuminate/Foundation/Http/Middleware/ConvertEmptyStringsToNull.php(31): Illuminate\\Foundation\\Http\\Middleware\\TransformsRequest->handle()
#41 /home/ouknik/Desktop/brahim_projects/j/j v2/jeunesscar/framework/vendor/laravel/framework/src/Illuminate/Pipeline/Pipeline.php(183): Illuminate\\Foundation\\Http\\Middleware\\ConvertEmptyStringsToNull->handle()
#42 /home/ouknik/Desktop/brahim_projects/j/j v2/jeunesscar/framework/vendor/laravel/framework/src/Illuminate/Foundation/Http/Middleware/TransformsRequest.php(21): Illuminate\\Pipeline\\Pipeline->Illuminate\\Pipeline\\{closure}()
#43 /home/ouknik/Desktop/brahim_projects/j/j v2/jeunesscar/framework/vendor/laravel/framework/src/Illuminate/Foundation/Http/Middleware/TrimStrings.php(40): Illuminate\\Foundation\\Http\\Middleware\\TransformsRequest->handle()
#44 /home/ouknik/Desktop/brahim_projects/j/j v2/jeunesscar/framework/vendor/laravel/framework/src/Illuminate/Pipeline/Pipeline.php(183): Illuminate\\Foundation\\Http\\Middleware\\TrimStrings->handle()
#45 /home/ouknik/Desktop/brahim_projects/j/j v2/jeunesscar/framework/vendor/laravel/framework/src/Illuminate/Foundation/Http/Middleware/ValidatePostSize.php(27): Illuminate\\Pipeline\\Pipeline->Illuminate\\Pipeline\\{closure}()
#46 /home/ouknik/Desktop/brahim_projects/j/j v2/jeunesscar/framework/vendor/laravel/framework/src/Illuminate/Pipeline/Pipeline.php(183): Illuminate\\Foundation\\Http\\Middleware\\ValidatePostSize->handle()
#47 /home/ouknik/Desktop/brahim_projects/j/j v2/jeunesscar/framework/vendor/laravel/framework/src/Illuminate/Foundation/Http/Middleware/PreventRequestsDuringMaintenance.php(99): Illuminate\\Pipeline\\Pipeline->Illuminate\\Pipeline\\{closure}()
#48 /home/ouknik/Desktop/brahim_projects/j/j v2/jeunesscar/framework/vendor/laravel/framework/src/Illuminate/Pipeline/Pipeline.php(183): Illuminate\\Foundation\\Http\\Middleware\\PreventRequestsDuringMaintenance->handle()
#49 /home/ouknik/Desktop/brahim_projects/j/j v2/jeunesscar/framework/vendor/laravel/framework/src/Illuminate/Pipeline/Pipeline.php(119): Illuminate\\Pipeline\\Pipeline->Illuminate\\Pipeline\\{closure}()
#50 /home/ouknik/Desktop/brahim_projects/j/j v2/jeunesscar/framework/vendor/laravel/framework/src/Illuminate/Foundation/Http/Kernel.php(175): Illuminate\\Pipeline\\Pipeline->then()
#51 /home/ouknik/Desktop/brahim_projects/j/j v2/jeunesscar/framework/vendor/laravel/framework/src/Illuminate/Foundation/Http/Kernel.php(144): Illuminate\\Foundation\\Http\\Kernel->sendRequestThroughRouter()
#52 /home/ouknik/Desktop/brahim_projects/j/j v2/jeunesscar/index.php(13): Illuminate\\Foundation\\Http\\Kernel->handle()
#53 {main}

[previous exception] [object] (ErrorException(code: 0): Attempt to read property \"name\" on null at /home/ouknik/Desktop/brahim_projects/j/j v2/jeunesscar/framework/storage/framework/views/aae21edbdbfba5a59456aec6874246f1.php:262)
[stacktrace]
#0 /home/ouknik/Desktop/brahim_projects/j/j v2/jeunesscar/framework/vendor/laravel/framework/src/Illuminate/Foundation/Bootstrap/HandleExceptions.php(255): Illuminate\\Foundation\\Bootstrap\\HandleExceptions->handleError()
#1 /home/ouknik/Desktop/brahim_projects/j/j v2/jeunesscar/framework/storage/framework/views/aae21edbdbfba5a59456aec6874246f1.php(262): Illuminate\\Foundation\\Bootstrap\\HandleExceptions->Illuminate\\Foundation\\Bootstrap\\{closure}()
#2 /home/ouknik/Desktop/brahim_projects/j/j v2/jeunesscar/framework/vendor/laravel/framework/src/Illuminate/Filesystem/Filesystem.php(123): require('...')
#3 /home/ouknik/Desktop/brahim_projects/j/j v2/jeunesscar/framework/vendor/laravel/framework/src/Illuminate/Filesystem/Filesystem.php(124): Illuminate\\Filesystem\\Filesystem::Illuminate\\Filesystem\\{closure}()
#4 /home/ouknik/Desktop/brahim_projects/j/j v2/jeunesscar/framework/vendor/laravel/framework/src/Illuminate/View/Engines/PhpEngine.php(58): Illuminate\\Filesystem\\Filesystem->getRequire()
#5 /home/ouknik/Desktop/brahim_projects/j/j v2/jeunesscar/framework/vendor/laravel/framework/src/Illuminate/View/Engines/CompilerEngine.php(72): Illuminate\\View\\Engines\\PhpEngine->evaluatePath()
#6 /home/ouknik/Desktop/brahim_projects/j/j v2/jeunesscar/framework/vendor/laravel/framework/src/Illuminate/View/View.php(207): Illuminate\\View\\Engines\\CompilerEngine->get()
#7 /home/ouknik/Desktop/brahim_projects/j/j v2/jeunesscar/framework/vendor/laravel/framework/src/Illuminate/View/View.php(190): Illuminate\\View\\View->getContents()
#8 /home/ouknik/Desktop/brahim_projects/j/j v2/jeunesscar/framework/vendor/laravel/framework/src/Illuminate/View/View.php(159): Illuminate\\View\\View->renderContents()
#9 /home/ouknik/Desktop/brahim_projects/j/j v2/jeunesscar/framework/vendor/laravel/framework/src/Illuminate/Http/Response.php(69): Illuminate\\View\\View->render()
#10 /home/ouknik/Desktop/brahim_projects/j/j v2/jeunesscar/framework/vendor/laravel/framework/src/Illuminate/Http/Response.php(35): Illuminate\\Http\\Response->setContent()
#11 /home/ouknik/Desktop/brahim_projects/j/j v2/jeunesscar/framework/vendor/laravel/framework/src/Illuminate/Routing/Router.php(918): Illuminate\\Http\\Response->__construct()
#12 /home/ouknik/Desktop/brahim_projects/j/j v2/jeunesscar/framework/vendor/laravel/framework/src/Illuminate/Routing/Router.php(885): Illuminate\\Routing\\Router::toResponse()
#13 /home/ouknik/Desktop/brahim_projects/j/j v2/jeunesscar/framework/vendor/laravel/framework/src/Illuminate/Routing/Router.php(805): Illuminate\\Routing\\Router->prepareResponse()
#14 /home/ouknik/Desktop/brahim_projects/j/j v2/jeunesscar/framework/vendor/laravel/framework/src/Illuminate/Pipeline/Pipeline.php(144): Illuminate\\Routing\\Router->Illuminate\\Routing\\{closure}()
#15 /home/ouknik/Desktop/brahim_projects/j/j v2/jeunesscar/framework/vendor/spatie/laravel-permission/src/Middlewares/PermissionMiddleware.php(24): Illuminate\\Pipeline\\Pipeline->Illuminate\\Pipeline\\{closure}()
#16 /home/ouknik/Desktop/brahim_projects/j/j v2/jeunesscar/framework/vendor/laravel/framework/src/Illuminate/Pipeline/Pipeline.php(183): Spatie\\Permission\\Middlewares\\PermissionMiddleware->handle()
#17 /home/ouknik/Desktop/brahim_projects/j/j v2/jeunesscar/framework/app/Http/Middleware/SetLocale.php(37): Illuminate\\Pipeline\\Pipeline->Illuminate\\Pipeline\\{closure}()
#18 /home/ouknik/Desktop/brahim_projects/j/j v2/jeunesscar/framework/vendor/laravel/framework/src/Illuminate/Pipeline/Pipeline.php(183): App\\Http\\Middleware\\SetLocale->handle()
#19 /home/ouknik/Desktop/brahim_projects/j/j v2/jeunesscar/framework/vendor/laravel/framework/src/Illuminate/Routing/Middleware/SubstituteBindings.php(50): Illuminate\\Pipeline\\Pipeline->Illuminate\\Pipeline\\{closure}()
#20 /home/ouknik/Desktop/brahim_projects/j/j v2/jeunesscar/framework/vendor/laravel/framework/src/Illuminate/Pipeline/Pipeline.php(183): Illuminate\\Routing\\Middleware\\SubstituteBindings->handle()
#21 /home/ouknik/Desktop/brahim_projects/j/j v2/jeunesscar/framework/vendor/laravel/framework/src/Illuminate/Auth/Middleware/Authenticate.php(57): Illuminate\\Pipeline\\Pipeline->Illuminate\\Pipeline\\{closure}()
#22 /home/ouknik/Desktop/brahim_projects/j/j v2/jeunesscar/framework/vendor/laravel/framework/src/Illuminate/Pipeline/Pipeline.php(183): Illuminate\\Auth\\Middleware\\Authenticate->handle()
#23 /home/ouknik/Desktop/brahim_projects/j/j v2/jeunesscar/framework/vendor/laravel/framework/src/Illuminate/Foundation/Http/Middleware/VerifyCsrfToken.php(78): Illuminate\\Pipeline\\Pipeline->Illuminate\\Pipeline\\{closure}()
#24 /home/ouknik/Desktop/brahim_projects/j/j v2/jeunesscar/framework/vendor/laravel/framework/src/Illuminate/Pipeline/Pipeline.php(183): Illuminate\\Foundation\\Http\\Middleware\\VerifyCsrfToken->handle()
#25 /home/ouknik/Desktop/brahim_projects/j/j v2/jeunesscar/framework/vendor/laravel/framework/src/Illuminate/View/Middleware/ShareErrorsFromSession.php(49): Illuminate\\Pipeline\\Pipeline->Illuminate\\Pipeline\\{closure}()
#26 /home/ouknik/Desktop/brahim_projects/j/j v2/jeunesscar/framework/vendor/laravel/framework/src/Illuminate/Pipeline/Pipeline.php(183): Illuminate\\View\\Middleware\\ShareErrorsFromSession->handle()
#27 /home/ouknik/Desktop/brahim_projects/j/j v2/jeunesscar/framework/vendor/laravel/framework/src/Illuminate/Session/Middleware/StartSession.php(121): Illuminate\\Pipeline\\Pipeline->Illuminate\\Pipeline\\{closure}()
#28 /home/ouknik/Desktop/brahim_projects/j/j v2/jeunesscar/framework/vendor/laravel/framework/src/Illuminate/Session/Middleware/StartSession.php(64): Illuminate\\Session\\Middleware\\StartSession->handleStatefulRequest()
#29 /home/ouknik/Desktop/brahim_projects/j/j v2/jeunesscar/framework/vendor/laravel/framework/src/Illuminate/Pipeline/Pipeline.php(183): Illuminate\\Session\\Middleware\\StartSession->handle()
#30 /home/ouknik/Desktop/brahim_projects/j/j v2/jeunesscar/framework/vendor/laravel/framework/src/Illuminate/Cookie/Middleware/AddQueuedCookiesToResponse.php(37): Illuminate\\Pipeline\\Pipeline->Illuminate\\Pipeline\\{closure}()
#31 /home/ouknik/Desktop/brahim_projects/j/j v2/jeunesscar/framework/vendor/laravel/framework/src/Illuminate/Pipeline/Pipeline.php(183): Illuminate\\Cookie\\Middleware\\AddQueuedCookiesToResponse->handle()
#32 /home/ouknik/Desktop/brahim_projects/j/j v2/jeunesscar/framework/vendor/laravel/framework/src/Illuminate/Cookie/Middleware/EncryptCookies.php(67): Illuminate\\Pipeline\\Pipeline->Illuminate\\Pipeline\\{closure}()
#33 /home/ouknik/Desktop/brahim_projects/j/j v2/jeunesscar/framework/vendor/laravel/framework/src/Illuminate/Pipeline/Pipeline.php(183): Illuminate\\Cookie\\Middleware\\EncryptCookies->handle()
#34 /home/ouknik/Desktop/brahim_projects/j/j v2/jeunesscar/framework/vendor/laravel/framework/src/Illuminate/Pipeline/Pipeline.php(119): Illuminate\\Pipeline\\Pipeline->Illuminate\\Pipeline\\{closure}()
#35 /home/ouknik/Desktop/brahim_projects/j/j v2/jeunesscar/framework/vendor/laravel/framework/src/Illuminate/Routing/Router.php(805): Illuminate\\Pipeline\\Pipeline->then()
#36 /home/ouknik/Desktop/brahim_projects/j/j v2/jeunesscar/framework/vendor/laravel/framework/src/Illuminate/Routing/Router.php(784): Illuminate\\Routing\\Router->runRouteWithinStack()
#37 /home/ouknik/Desktop/brahim_projects/j/j v2/jeunesscar/framework/vendor/laravel/framework/src/Illuminate/Routing/Router.php(748): Illuminate\\Routing\\Router->runRoute()
#38 /home/ouknik/Desktop/brahim_projects/j/j v2/jeunesscar/framework/vendor/laravel/framework/src/Illuminate/Routing/Router.php(737): Illuminate\\Routing\\Router->dispatchToRoute()
#39 /home/ouknik/Desktop/brahim_projects/j/j v2/jeunesscar/framework/vendor/laravel/framework/src/Illuminate/Foundation/Http/Kernel.php(200): Illuminate\\Routing\\Router->dispatch()
#40 /home/ouknik/Desktop/brahim_projects/j/j v2/jeunesscar/framework/vendor/laravel/framework/src/Illuminate/Pipeline/Pipeline.php(144): Illuminate\\Foundation\\Http\\Kernel->Illuminate\\Foundation\\Http\\{closure}()
#41 /home/ouknik/Desktop/brahim_projects/j/j v2/jeunesscar/framework/vendor/laravel/framework/src/Illuminate/Foundation/Http/Middleware/TransformsRequest.php(21): Illuminate\\Pipeline\\Pipeline->Illuminate\\Pipeline\\{closure}()
#42 /home/ouknik/Desktop/brahim_projects/j/j v2/jeunesscar/framework/vendor/laravel/framework/src/Illuminate/Foundation/Http/Middleware/ConvertEmptyStringsToNull.php(31): Illuminate\\Foundation\\Http\\Middleware\\TransformsRequest->handle()
#43 /home/ouknik/Desktop/brahim_projects/j/j v2/jeunesscar/framework/vendor/laravel/framework/src/Illuminate/Pipeline/Pipeline.php(183): Illuminate\\Foundation\\Http\\Middleware\\ConvertEmptyStringsToNull->handle()
#44 /home/ouknik/Desktop/brahim_projects/j/j v2/jeunesscar/framework/vendor/laravel/framework/src/Illuminate/Foundation/Http/Middleware/TransformsRequest.php(21): Illuminate\\Pipeline\\Pipeline->Illuminate\\Pipeline\\{closure}()
#45 /home/ouknik/Desktop/brahim_projects/j/j v2/jeunesscar/framework/vendor/laravel/framework/src/Illuminate/Foundation/Http/Middleware/TrimStrings.php(40): Illuminate\\Foundation\\Http\\Middleware\\TransformsRequest->handle()
#46 /home/ouknik/Desktop/brahim_projects/j/j v2/jeunesscar/framework/vendor/laravel/framework/src/Illuminate/Pipeline/Pipeline.php(183): Illuminate\\Foundation\\Http\\Middleware\\TrimStrings->handle()
#47 /home/ouknik/Desktop/brahim_projects/j/j v2/jeunesscar/framework/vendor/laravel/framework/src/Illuminate/Foundation/Http/Middleware/ValidatePostSize.php(27): Illuminate\\Pipeline\\Pipeline->Illuminate\\Pipeline\\{closure}()
#48 /home/ouknik/Desktop/brahim_projects/j/j v2/jeunesscar/framework/vendor/laravel/framework/src/Illuminate/Pipeline/Pipeline.php(183): Illuminate\\Foundation\\Http\\Middleware\\ValidatePostSize->handle()
#49 /home/ouknik/Desktop/brahim_projects/j/j v2/jeunesscar/framework/vendor/laravel/framework/src/Illuminate/Foundation/Http/Middleware/PreventRequestsDuringMaintenance.php(99): Illuminate\\Pipeline\\Pipeline->Illuminate\\Pipeline\\{closure}()
#50 /home/ouknik/Desktop/brahim_projects/j/j v2/jeunesscar/framework/vendor/laravel/framework/src/Illuminate/Pipeline/Pipeline.php(183): Illuminate\\Foundation\\Http\\Middleware\\PreventRequestsDuringMaintenance->handle()
#51 /home/ouknik/Desktop/brahim_projects/j/j v2/jeunesscar/framework/vendor/laravel/framework/src/Illuminate/Pipeline/Pipeline.php(119): Illuminate\\Pipeline\\Pipeline->Illuminate\\Pipeline\\{closure}()
#52 /home/ouknik/Desktop/brahim_projects/j/j v2/jeunesscar/framework/vendor/laravel/framework/src/Illuminate/Foundation/Http/Kernel.php(175): Illuminate\\Pipeline\\Pipeline->then()
#53 /home/ouknik/Desktop/brahim_projects/j/j v2/jeunesscar/framework/vendor/laravel/framework/src/Illuminate/Foundation/Http/Kernel.php(144): Illuminate\\Foundation\\Http\\Kernel->sendRequestThroughRouter()
#54 /home/ouknik/Desktop/brahim_projects/j/j v2/jeunesscar/index.php(13): Illuminate\\Foundation\\Http\\Kernel->handle()
#55 {main}
"} 
[2025-05-14 18:51:43] local.ERROR: Attempt to read property "name" on null {"view":{"view":"/home/ouknik/Desktop/brahim_projects/j/j v2/jeunesscar/framework/resources/views/income/index.blade.php","data":[]},"userId":1,"exception":"[object] (Spatie\\LaravelIgnition\\Exceptions\\ViewException(code: 0): Attempt to read property \"name\" on null at /home/ouknik/Desktop/brahim_projects/j/j v2/jeunesscar/framework/resources/views/income/index.blade.php:244)
[stacktrace]
#0 /home/ouknik/Desktop/brahim_projects/j/j v2/jeunesscar/framework/vendor/laravel/framework/src/Illuminate/Filesystem/Filesystem.php(123): require('...')
#1 /home/ouknik/Desktop/brahim_projects/j/j v2/jeunesscar/framework/vendor/laravel/framework/src/Illuminate/Filesystem/Filesystem.php(124): Illuminate\\Filesystem\\Filesystem::Illuminate\\Filesystem\\{closure}()
#2 /home/ouknik/Desktop/brahim_projects/j/j v2/jeunesscar/framework/vendor/laravel/framework/src/Illuminate/View/Engines/PhpEngine.php(58): Illuminate\\Filesystem\\Filesystem->getRequire()
#3 /home/ouknik/Desktop/brahim_projects/j/j v2/jeunesscar/framework/vendor/laravel/framework/src/Illuminate/View/Engines/CompilerEngine.php(72): Illuminate\\View\\Engines\\PhpEngine->evaluatePath()
#4 /home/ouknik/Desktop/brahim_projects/j/j v2/jeunesscar/framework/vendor/laravel/framework/src/Illuminate/View/View.php(207): Illuminate\\View\\Engines\\CompilerEngine->get()
#5 /home/ouknik/Desktop/brahim_projects/j/j v2/jeunesscar/framework/vendor/laravel/framework/src/Illuminate/View/View.php(190): Illuminate\\View\\View->getContents()
#6 /home/ouknik/Desktop/brahim_projects/j/j v2/jeunesscar/framework/vendor/laravel/framework/src/Illuminate/View/View.php(159): Illuminate\\View\\View->renderContents()
#7 /home/ouknik/Desktop/brahim_projects/j/j v2/jeunesscar/framework/vendor/laravel/framework/src/Illuminate/Http/Response.php(69): Illuminate\\View\\View->render()
#8 /home/ouknik/Desktop/brahim_projects/j/j v2/jeunesscar/framework/vendor/laravel/framework/src/Illuminate/Http/Response.php(35): Illuminate\\Http\\Response->setContent()
#9 /home/ouknik/Desktop/brahim_projects/j/j v2/jeunesscar/framework/vendor/laravel/framework/src/Illuminate/Routing/Router.php(918): Illuminate\\Http\\Response->__construct()
#10 /home/ouknik/Desktop/brahim_projects/j/j v2/jeunesscar/framework/vendor/laravel/framework/src/Illuminate/Routing/Router.php(885): Illuminate\\Routing\\Router::toResponse()
#11 /home/ouknik/Desktop/brahim_projects/j/j v2/jeunesscar/framework/vendor/laravel/framework/src/Illuminate/Routing/Router.php(805): Illuminate\\Routing\\Router->prepareResponse()
#12 /home/ouknik/Desktop/brahim_projects/j/j v2/jeunesscar/framework/vendor/laravel/framework/src/Illuminate/Pipeline/Pipeline.php(144): Illuminate\\Routing\\Router->Illuminate\\Routing\\{closure}()
#13 /home/ouknik/Desktop/brahim_projects/j/j v2/jeunesscar/framework/vendor/spatie/laravel-permission/src/Middlewares/PermissionMiddleware.php(24): Illuminate\\Pipeline\\Pipeline->Illuminate\\Pipeline\\{closure}()
#14 /home/ouknik/Desktop/brahim_projects/j/j v2/jeunesscar/framework/vendor/laravel/framework/src/Illuminate/Pipeline/Pipeline.php(183): Spatie\\Permission\\Middlewares\\PermissionMiddleware->handle()
#15 /home/ouknik/Desktop/brahim_projects/j/j v2/jeunesscar/framework/app/Http/Middleware/SetLocale.php(37): Illuminate\\Pipeline\\Pipeline->Illuminate\\Pipeline\\{closure}()
#16 /home/ouknik/Desktop/brahim_projects/j/j v2/jeunesscar/framework/vendor/laravel/framework/src/Illuminate/Pipeline/Pipeline.php(183): App\\Http\\Middleware\\SetLocale->handle()
#17 /home/ouknik/Desktop/brahim_projects/j/j v2/jeunesscar/framework/vendor/laravel/framework/src/Illuminate/Routing/Middleware/SubstituteBindings.php(50): Illuminate\\Pipeline\\Pipeline->Illuminate\\Pipeline\\{closure}()
#18 /home/ouknik/Desktop/brahim_projects/j/j v2/jeunesscar/framework/vendor/laravel/framework/src/Illuminate/Pipeline/Pipeline.php(183): Illuminate\\Routing\\Middleware\\SubstituteBindings->handle()
#19 /home/ouknik/Desktop/brahim_projects/j/j v2/jeunesscar/framework/vendor/laravel/framework/src/Illuminate/Auth/Middleware/Authenticate.php(57): Illuminate\\Pipeline\\Pipeline->Illuminate\\Pipeline\\{closure}()
#20 /home/ouknik/Desktop/brahim_projects/j/j v2/jeunesscar/framework/vendor/laravel/framework/src/Illuminate/Pipeline/Pipeline.php(183): Illuminate\\Auth\\Middleware\\Authenticate->handle()
#21 /home/ouknik/Desktop/brahim_projects/j/j v2/jeunesscar/framework/vendor/laravel/framework/src/Illuminate/Foundation/Http/Middleware/VerifyCsrfToken.php(78): Illuminate\\Pipeline\\Pipeline->Illuminate\\Pipeline\\{closure}()
#22 /home/ouknik/Desktop/brahim_projects/j/j v2/jeunesscar/framework/vendor/laravel/framework/src/Illuminate/Pipeline/Pipeline.php(183): Illuminate\\Foundation\\Http\\Middleware\\VerifyCsrfToken->handle()
#23 /home/ouknik/Desktop/brahim_projects/j/j v2/jeunesscar/framework/vendor/laravel/framework/src/Illuminate/View/Middleware/ShareErrorsFromSession.php(49): Illuminate\\Pipeline\\Pipeline->Illuminate\\Pipeline\\{closure}()
#24 /home/ouknik/Desktop/brahim_projects/j/j v2/jeunesscar/framework/vendor/laravel/framework/src/Illuminate/Pipeline/Pipeline.php(183): Illuminate\\View\\Middleware\\ShareErrorsFromSession->handle()
#25 /home/ouknik/Desktop/brahim_projects/j/j v2/jeunesscar/framework/vendor/laravel/framework/src/Illuminate/Session/Middleware/StartSession.php(121): Illuminate\\Pipeline\\Pipeline->Illuminate\\Pipeline\\{closure}()
#26 /home/ouknik/Desktop/brahim_projects/j/j v2/jeunesscar/framework/vendor/laravel/framework/src/Illuminate/Session/Middleware/StartSession.php(64): Illuminate\\Session\\Middleware\\StartSession->handleStatefulRequest()
#27 /home/ouknik/Desktop/brahim_projects/j/j v2/jeunesscar/framework/vendor/laravel/framework/src/Illuminate/Pipeline/Pipeline.php(183): Illuminate\\Session\\Middleware\\StartSession->handle()
#28 /home/ouknik/Desktop/brahim_projects/j/j v2/jeunesscar/framework/vendor/laravel/framework/src/Illuminate/Cookie/Middleware/AddQueuedCookiesToResponse.php(37): Illuminate\\Pipeline\\Pipeline->Illuminate\\Pipeline\\{closure}()
#29 /home/ouknik/Desktop/brahim_projects/j/j v2/jeunesscar/framework/vendor/laravel/framework/src/Illuminate/Pipeline/Pipeline.php(183): Illuminate\\Cookie\\Middleware\\AddQueuedCookiesToResponse->handle()
#30 /home/ouknik/Desktop/brahim_projects/j/j v2/jeunesscar/framework/vendor/laravel/framework/src/Illuminate/Cookie/Middleware/EncryptCookies.php(67): Illuminate\\Pipeline\\Pipeline->Illuminate\\Pipeline\\{closure}()
#31 /home/ouknik/Desktop/brahim_projects/j/j v2/jeunesscar/framework/vendor/laravel/framework/src/Illuminate/Pipeline/Pipeline.php(183): Illuminate\\Cookie\\Middleware\\EncryptCookies->handle()
#32 /home/ouknik/Desktop/brahim_projects/j/j v2/jeunesscar/framework/vendor/laravel/framework/src/Illuminate/Pipeline/Pipeline.php(119): Illuminate\\Pipeline\\Pipeline->Illuminate\\Pipeline\\{closure}()
#33 /home/ouknik/Desktop/brahim_projects/j/j v2/jeunesscar/framework/vendor/laravel/framework/src/Illuminate/Routing/Router.php(805): Illuminate\\Pipeline\\Pipeline->then()
#34 /home/ouknik/Desktop/brahim_projects/j/j v2/jeunesscar/framework/vendor/laravel/framework/src/Illuminate/Routing/Router.php(784): Illuminate\\Routing\\Router->runRouteWithinStack()
#35 /home/ouknik/Desktop/brahim_projects/j/j v2/jeunesscar/framework/vendor/laravel/framework/src/Illuminate/Routing/Router.php(748): Illuminate\\Routing\\Router->runRoute()
#36 /home/ouknik/Desktop/brahim_projects/j/j v2/jeunesscar/framework/vendor/laravel/framework/src/Illuminate/Routing/Router.php(737): Illuminate\\Routing\\Router->dispatchToRoute()
#37 /home/ouknik/Desktop/brahim_projects/j/j v2/jeunesscar/framework/vendor/laravel/framework/src/Illuminate/Foundation/Http/Kernel.php(200): Illuminate\\Routing\\Router->dispatch()
#38 /home/ouknik/Desktop/brahim_projects/j/j v2/jeunesscar/framework/vendor/laravel/framework/src/Illuminate/Pipeline/Pipeline.php(144): Illuminate\\Foundation\\Http\\Kernel->Illuminate\\Foundation\\Http\\{closure}()
#39 /home/ouknik/Desktop/brahim_projects/j/j v2/jeunesscar/framework/vendor/laravel/framework/src/Illuminate/Foundation/Http/Middleware/TransformsRequest.php(21): Illuminate\\Pipeline\\Pipeline->Illuminate\\Pipeline\\{closure}()
#40 /home/ouknik/Desktop/brahim_projects/j/j v2/jeunesscar/framework/vendor/laravel/framework/src/Illuminate/Foundation/Http/Middleware/ConvertEmptyStringsToNull.php(31): Illuminate\\Foundation\\Http\\Middleware\\TransformsRequest->handle()
#41 /home/ouknik/Desktop/brahim_projects/j/j v2/jeunesscar/framework/vendor/laravel/framework/src/Illuminate/Pipeline/Pipeline.php(183): Illuminate\\Foundation\\Http\\Middleware\\ConvertEmptyStringsToNull->handle()
#42 /home/ouknik/Desktop/brahim_projects/j/j v2/jeunesscar/framework/vendor/laravel/framework/src/Illuminate/Foundation/Http/Middleware/TransformsRequest.php(21): Illuminate\\Pipeline\\Pipeline->Illuminate\\Pipeline\\{closure}()
#43 /home/ouknik/Desktop/brahim_projects/j/j v2/jeunesscar/framework/vendor/laravel/framework/src/Illuminate/Foundation/Http/Middleware/TrimStrings.php(40): Illuminate\\Foundation\\Http\\Middleware\\TransformsRequest->handle()
#44 /home/ouknik/Desktop/brahim_projects/j/j v2/jeunesscar/framework/vendor/laravel/framework/src/Illuminate/Pipeline/Pipeline.php(183): Illuminate\\Foundation\\Http\\Middleware\\TrimStrings->handle()
#45 /home/ouknik/Desktop/brahim_projects/j/j v2/jeunesscar/framework/vendor/laravel/framework/src/Illuminate/Foundation/Http/Middleware/ValidatePostSize.php(27): Illuminate\\Pipeline\\Pipeline->Illuminate\\Pipeline\\{closure}()
#46 /home/ouknik/Desktop/brahim_projects/j/j v2/jeunesscar/framework/vendor/laravel/framework/src/Illuminate/Pipeline/Pipeline.php(183): Illuminate\\Foundation\\Http\\Middleware\\ValidatePostSize->handle()
#47 /home/ouknik/Desktop/brahim_projects/j/j v2/jeunesscar/framework/vendor/laravel/framework/src/Illuminate/Foundation/Http/Middleware/PreventRequestsDuringMaintenance.php(99): Illuminate\\Pipeline\\Pipeline->Illuminate\\Pipeline\\{closure}()
#48 /home/ouknik/Desktop/brahim_projects/j/j v2/jeunesscar/framework/vendor/laravel/framework/src/Illuminate/Pipeline/Pipeline.php(183): Illuminate\\Foundation\\Http\\Middleware\\PreventRequestsDuringMaintenance->handle()
#49 /home/ouknik/Desktop/brahim_projects/j/j v2/jeunesscar/framework/vendor/laravel/framework/src/Illuminate/Pipeline/Pipeline.php(119): Illuminate\\Pipeline\\Pipeline->Illuminate\\Pipeline\\{closure}()
#50 /home/ouknik/Desktop/brahim_projects/j/j v2/jeunesscar/framework/vendor/laravel/framework/src/Illuminate/Foundation/Http/Kernel.php(175): Illuminate\\Pipeline\\Pipeline->then()
#51 /home/ouknik/Desktop/brahim_projects/j/j v2/jeunesscar/framework/vendor/laravel/framework/src/Illuminate/Foundation/Http/Kernel.php(144): Illuminate\\Foundation\\Http\\Kernel->sendRequestThroughRouter()
#52 /home/ouknik/Desktop/brahim_projects/j/j v2/jeunesscar/index.php(13): Illuminate\\Foundation\\Http\\Kernel->handle()
#53 {main}

[previous exception] [object] (ErrorException(code: 0): Attempt to read property \"name\" on null at /home/ouknik/Desktop/brahim_projects/j/j v2/jeunesscar/framework/storage/framework/views/aae21edbdbfba5a59456aec6874246f1.php:262)
[stacktrace]
#0 /home/ouknik/Desktop/brahim_projects/j/j v2/jeunesscar/framework/vendor/laravel/framework/src/Illuminate/Foundation/Bootstrap/HandleExceptions.php(255): Illuminate\\Foundation\\Bootstrap\\HandleExceptions->handleError()
#1 /home/ouknik/Desktop/brahim_projects/j/j v2/jeunesscar/framework/storage/framework/views/aae21edbdbfba5a59456aec6874246f1.php(262): Illuminate\\Foundation\\Bootstrap\\HandleExceptions->Illuminate\\Foundation\\Bootstrap\\{closure}()
#2 /home/ouknik/Desktop/brahim_projects/j/j v2/jeunesscar/framework/vendor/laravel/framework/src/Illuminate/Filesystem/Filesystem.php(123): require('...')
#3 /home/ouknik/Desktop/brahim_projects/j/j v2/jeunesscar/framework/vendor/laravel/framework/src/Illuminate/Filesystem/Filesystem.php(124): Illuminate\\Filesystem\\Filesystem::Illuminate\\Filesystem\\{closure}()
#4 /home/ouknik/Desktop/brahim_projects/j/j v2/jeunesscar/framework/vendor/laravel/framework/src/Illuminate/View/Engines/PhpEngine.php(58): Illuminate\\Filesystem\\Filesystem->getRequire()
#5 /home/ouknik/Desktop/brahim_projects/j/j v2/jeunesscar/framework/vendor/laravel/framework/src/Illuminate/View/Engines/CompilerEngine.php(72): Illuminate\\View\\Engines\\PhpEngine->evaluatePath()
#6 /home/ouknik/Desktop/brahim_projects/j/j v2/jeunesscar/framework/vendor/laravel/framework/src/Illuminate/View/View.php(207): Illuminate\\View\\Engines\\CompilerEngine->get()
#7 /home/ouknik/Desktop/brahim_projects/j/j v2/jeunesscar/framework/vendor/laravel/framework/src/Illuminate/View/View.php(190): Illuminate\\View\\View->getContents()
#8 /home/ouknik/Desktop/brahim_projects/j/j v2/jeunesscar/framework/vendor/laravel/framework/src/Illuminate/View/View.php(159): Illuminate\\View\\View->renderContents()
#9 /home/ouknik/Desktop/brahim_projects/j/j v2/jeunesscar/framework/vendor/laravel/framework/src/Illuminate/Http/Response.php(69): Illuminate\\View\\View->render()
#10 /home/ouknik/Desktop/brahim_projects/j/j v2/jeunesscar/framework/vendor/laravel/framework/src/Illuminate/Http/Response.php(35): Illuminate\\Http\\Response->setContent()
#11 /home/ouknik/Desktop/brahim_projects/j/j v2/jeunesscar/framework/vendor/laravel/framework/src/Illuminate/Routing/Router.php(918): Illuminate\\Http\\Response->__construct()
#12 /home/ouknik/Desktop/brahim_projects/j/j v2/jeunesscar/framework/vendor/laravel/framework/src/Illuminate/Routing/Router.php(885): Illuminate\\Routing\\Router::toResponse()
#13 /home/ouknik/Desktop/brahim_projects/j/j v2/jeunesscar/framework/vendor/laravel/framework/src/Illuminate/Routing/Router.php(805): Illuminate\\Routing\\Router->prepareResponse()
#14 /home/ouknik/Desktop/brahim_projects/j/j v2/jeunesscar/framework/vendor/laravel/framework/src/Illuminate/Pipeline/Pipeline.php(144): Illuminate\\Routing\\Router->Illuminate\\Routing\\{closure}()
#15 /home/ouknik/Desktop/brahim_projects/j/j v2/jeunesscar/framework/vendor/spatie/laravel-permission/src/Middlewares/PermissionMiddleware.php(24): Illuminate\\Pipeline\\Pipeline->Illuminate\\Pipeline\\{closure}()
#16 /home/ouknik/Desktop/brahim_projects/j/j v2/jeunesscar/framework/vendor/laravel/framework/src/Illuminate/Pipeline/Pipeline.php(183): Spatie\\Permission\\Middlewares\\PermissionMiddleware->handle()
#17 /home/ouknik/Desktop/brahim_projects/j/j v2/jeunesscar/framework/app/Http/Middleware/SetLocale.php(37): Illuminate\\Pipeline\\Pipeline->Illuminate\\Pipeline\\{closure}()
#18 /home/ouknik/Desktop/brahim_projects/j/j v2/jeunesscar/framework/vendor/laravel/framework/src/Illuminate/Pipeline/Pipeline.php(183): App\\Http\\Middleware\\SetLocale->handle()
#19 /home/ouknik/Desktop/brahim_projects/j/j v2/jeunesscar/framework/vendor/laravel/framework/src/Illuminate/Routing/Middleware/SubstituteBindings.php(50): Illuminate\\Pipeline\\Pipeline->Illuminate\\Pipeline\\{closure}()
#20 /home/ouknik/Desktop/brahim_projects/j/j v2/jeunesscar/framework/vendor/laravel/framework/src/Illuminate/Pipeline/Pipeline.php(183): Illuminate\\Routing\\Middleware\\SubstituteBindings->handle()
#21 /home/ouknik/Desktop/brahim_projects/j/j v2/jeunesscar/framework/vendor/laravel/framework/src/Illuminate/Auth/Middleware/Authenticate.php(57): Illuminate\\Pipeline\\Pipeline->Illuminate\\Pipeline\\{closure}()
#22 /home/ouknik/Desktop/brahim_projects/j/j v2/jeunesscar/framework/vendor/laravel/framework/src/Illuminate/Pipeline/Pipeline.php(183): Illuminate\\Auth\\Middleware\\Authenticate->handle()
#23 /home/ouknik/Desktop/brahim_projects/j/j v2/jeunesscar/framework/vendor/laravel/framework/src/Illuminate/Foundation/Http/Middleware/VerifyCsrfToken.php(78): Illuminate\\Pipeline\\Pipeline->Illuminate\\Pipeline\\{closure}()
#24 /home/ouknik/Desktop/brahim_projects/j/j v2/jeunesscar/framework/vendor/laravel/framework/src/Illuminate/Pipeline/Pipeline.php(183): Illuminate\\Foundation\\Http\\Middleware\\VerifyCsrfToken->handle()
#25 /home/ouknik/Desktop/brahim_projects/j/j v2/jeunesscar/framework/vendor/laravel/framework/src/Illuminate/View/Middleware/ShareErrorsFromSession.php(49): Illuminate\\Pipeline\\Pipeline->Illuminate\\Pipeline\\{closure}()
#26 /home/ouknik/Desktop/brahim_projects/j/j v2/jeunesscar/framework/vendor/laravel/framework/src/Illuminate/Pipeline/Pipeline.php(183): Illuminate\\View\\Middleware\\ShareErrorsFromSession->handle()
#27 /home/ouknik/Desktop/brahim_projects/j/j v2/jeunesscar/framework/vendor/laravel/framework/src/Illuminate/Session/Middleware/StartSession.php(121): Illuminate\\Pipeline\\Pipeline->Illuminate\\Pipeline\\{closure}()
#28 /home/ouknik/Desktop/brahim_projects/j/j v2/jeunesscar/framework/vendor/laravel/framework/src/Illuminate/Session/Middleware/StartSession.php(64): Illuminate\\Session\\Middleware\\StartSession->handleStatefulRequest()
#29 /home/ouknik/Desktop/brahim_projects/j/j v2/jeunesscar/framework/vendor/laravel/framework/src/Illuminate/Pipeline/Pipeline.php(183): Illuminate\\Session\\Middleware\\StartSession->handle()
#30 /home/ouknik/Desktop/brahim_projects/j/j v2/jeunesscar/framework/vendor/laravel/framework/src/Illuminate/Cookie/Middleware/AddQueuedCookiesToResponse.php(37): Illuminate\\Pipeline\\Pipeline->Illuminate\\Pipeline\\{closure}()
#31 /home/ouknik/Desktop/brahim_projects/j/j v2/jeunesscar/framework/vendor/laravel/framework/src/Illuminate/Pipeline/Pipeline.php(183): Illuminate\\Cookie\\Middleware\\AddQueuedCookiesToResponse->handle()
#32 /home/ouknik/Desktop/brahim_projects/j/j v2/jeunesscar/framework/vendor/laravel/framework/src/Illuminate/Cookie/Middleware/EncryptCookies.php(67): Illuminate\\Pipeline\\Pipeline->Illuminate\\Pipeline\\{closure}()
#33 /home/ouknik/Desktop/brahim_projects/j/j v2/jeunesscar/framework/vendor/laravel/framework/src/Illuminate/Pipeline/Pipeline.php(183): Illuminate\\Cookie\\Middleware\\EncryptCookies->handle()
#34 /home/ouknik/Desktop/brahim_projects/j/j v2/jeunesscar/framework/vendor/laravel/framework/src/Illuminate/Pipeline/Pipeline.php(119): Illuminate\\Pipeline\\Pipeline->Illuminate\\Pipeline\\{closure}()
#35 /home/ouknik/Desktop/brahim_projects/j/j v2/jeunesscar/framework/vendor/laravel/framework/src/Illuminate/Routing/Router.php(805): Illuminate\\Pipeline\\Pipeline->then()
#36 /home/ouknik/Desktop/brahim_projects/j/j v2/jeunesscar/framework/vendor/laravel/framework/src/Illuminate/Routing/Router.php(784): Illuminate\\Routing\\Router->runRouteWithinStack()
#37 /home/ouknik/Desktop/brahim_projects/j/j v2/jeunesscar/framework/vendor/laravel/framework/src/Illuminate/Routing/Router.php(748): Illuminate\\Routing\\Router->runRoute()
#38 /home/ouknik/Desktop/brahim_projects/j/j v2/jeunesscar/framework/vendor/laravel/framework/src/Illuminate/Routing/Router.php(737): Illuminate\\Routing\\Router->dispatchToRoute()
#39 /home/ouknik/Desktop/brahim_projects/j/j v2/jeunesscar/framework/vendor/laravel/framework/src/Illuminate/Foundation/Http/Kernel.php(200): Illuminate\\Routing\\Router->dispatch()
#40 /home/ouknik/Desktop/brahim_projects/j/j v2/jeunesscar/framework/vendor/laravel/framework/src/Illuminate/Pipeline/Pipeline.php(144): Illuminate\\Foundation\\Http\\Kernel->Illuminate\\Foundation\\Http\\{closure}()
#41 /home/ouknik/Desktop/brahim_projects/j/j v2/jeunesscar/framework/vendor/laravel/framework/src/Illuminate/Foundation/Http/Middleware/TransformsRequest.php(21): Illuminate\\Pipeline\\Pipeline->Illuminate\\Pipeline\\{closure}()
#42 /home/ouknik/Desktop/brahim_projects/j/j v2/jeunesscar/framework/vendor/laravel/framework/src/Illuminate/Foundation/Http/Middleware/ConvertEmptyStringsToNull.php(31): Illuminate\\Foundation\\Http\\Middleware\\TransformsRequest->handle()
#43 /home/ouknik/Desktop/brahim_projects/j/j v2/jeunesscar/framework/vendor/laravel/framework/src/Illuminate/Pipeline/Pipeline.php(183): Illuminate\\Foundation\\Http\\Middleware\\ConvertEmptyStringsToNull->handle()
#44 /home/ouknik/Desktop/brahim_projects/j/j v2/jeunesscar/framework/vendor/laravel/framework/src/Illuminate/Foundation/Http/Middleware/TransformsRequest.php(21): Illuminate\\Pipeline\\Pipeline->Illuminate\\Pipeline\\{closure}()
#45 /home/ouknik/Desktop/brahim_projects/j/j v2/jeunesscar/framework/vendor/laravel/framework/src/Illuminate/Foundation/Http/Middleware/TrimStrings.php(40): Illuminate\\Foundation\\Http\\Middleware\\TransformsRequest->handle()
#46 /home/ouknik/Desktop/brahim_projects/j/j v2/jeunesscar/framework/vendor/laravel/framework/src/Illuminate/Pipeline/Pipeline.php(183): Illuminate\\Foundation\\Http\\Middleware\\TrimStrings->handle()
#47 /home/ouknik/Desktop/brahim_projects/j/j v2/jeunesscar/framework/vendor/laravel/framework/src/Illuminate/Foundation/Http/Middleware/ValidatePostSize.php(27): Illuminate\\Pipeline\\Pipeline->Illuminate\\Pipeline\\{closure}()
#48 /home/ouknik/Desktop/brahim_projects/j/j v2/jeunesscar/framework/vendor/laravel/framework/src/Illuminate/Pipeline/Pipeline.php(183): Illuminate\\Foundation\\Http\\Middleware\\ValidatePostSize->handle()
#49 /home/ouknik/Desktop/brahim_projects/j/j v2/jeunesscar/framework/vendor/laravel/framework/src/Illuminate/Foundation/Http/Middleware/PreventRequestsDuringMaintenance.php(99): Illuminate\\Pipeline\\Pipeline->Illuminate\\Pipeline\\{closure}()
#50 /home/ouknik/Desktop/brahim_projects/j/j v2/jeunesscar/framework/vendor/laravel/framework/src/Illuminate/Pipeline/Pipeline.php(183): Illuminate\\Foundation\\Http\\Middleware\\PreventRequestsDuringMaintenance->handle()
#51 /home/ouknik/Desktop/brahim_projects/j/j v2/jeunesscar/framework/vendor/laravel/framework/src/Illuminate/Pipeline/Pipeline.php(119): Illuminate\\Pipeline\\Pipeline->Illuminate\\Pipeline\\{closure}()
#52 /home/ouknik/Desktop/brahim_projects/j/j v2/jeunesscar/framework/vendor/laravel/framework/src/Illuminate/Foundation/Http/Kernel.php(175): Illuminate\\Pipeline\\Pipeline->then()
#53 /home/ouknik/Desktop/brahim_projects/j/j v2/jeunesscar/framework/vendor/laravel/framework/src/Illuminate/Foundation/Http/Kernel.php(144): Illuminate\\Foundation\\Http\\Kernel->sendRequestThroughRouter()
#54 /home/ouknik/Desktop/brahim_projects/j/j v2/jeunesscar/index.php(13): Illuminate\\Foundation\\Http\\Kernel->handle()
#55 {main}
"} 
[2025-05-14 19:44:39] local.ERROR: count(): Argument #1 ($value) must be of type Countable|array, int given {"userId":1,"exception":"[object] (TypeError(code: 0): count(): Argument #1 ($value) must be of type Countable|array, int given at /home/ouknik/Desktop/brahim_projects/j/j v2/jeunesscar/framework/vendor/laravel/framework/src/Illuminate/Database/Query/Builder.php:1141)
[stacktrace]
#0 /home/ouknik/Desktop/brahim_projects/j/j v2/jeunesscar/framework/vendor/laravel/framework/src/Illuminate/Database/Query/Builder.php(1141): count()
#1 /home/ouknik/Desktop/brahim_projects/j/j v2/jeunesscar/framework/app/Http/Controllers/Admin/ContractController.php(372): Illuminate\\Database\\Query\\Builder->whereIn()
#2 /home/ouknik/Desktop/brahim_projects/j/j v2/jeunesscar/framework/app/Http/Controllers/Admin/ContractController.php(60): App\\Http\\Controllers\\Admin\\ContractController->get_available_vehicles()
#3 /home/ouknik/Desktop/brahim_projects/j/j v2/jeunesscar/framework/vendor/laravel/framework/src/Illuminate/Routing/Controller.php(54): App\\Http\\Controllers\\Admin\\ContractController->create()
#4 /home/ouknik/Desktop/brahim_projects/j/j v2/jeunesscar/framework/vendor/laravel/framework/src/Illuminate/Routing/ControllerDispatcher.php(43): Illuminate\\Routing\\Controller->callAction()
#5 /home/ouknik/Desktop/brahim_projects/j/j v2/jeunesscar/framework/vendor/laravel/framework/src/Illuminate/Routing/Route.php(259): Illuminate\\Routing\\ControllerDispatcher->dispatch()
#6 /home/ouknik/Desktop/brahim_projects/j/j v2/jeunesscar/framework/vendor/laravel/framework/src/Illuminate/Routing/Route.php(205): Illuminate\\Routing\\Route->runController()
#7 /home/ouknik/Desktop/brahim_projects/j/j v2/jeunesscar/framework/vendor/laravel/framework/src/Illuminate/Routing/Router.php(806): Illuminate\\Routing\\Route->run()
#8 /home/ouknik/Desktop/brahim_projects/j/j v2/jeunesscar/framework/vendor/laravel/framework/src/Illuminate/Pipeline/Pipeline.php(144): Illuminate\\Routing\\Router->Illuminate\\Routing\\{closure}()
#9 /home/ouknik/Desktop/brahim_projects/j/j v2/jeunesscar/framework/vendor/spatie/laravel-permission/src/Middlewares/PermissionMiddleware.php(24): Illuminate\\Pipeline\\Pipeline->Illuminate\\Pipeline\\{closure}()
#10 /home/ouknik/Desktop/brahim_projects/j/j v2/jeunesscar/framework/vendor/laravel/framework/src/Illuminate/Pipeline/Pipeline.php(183): Spatie\\Permission\\Middlewares\\PermissionMiddleware->handle()
#11 /home/ouknik/Desktop/brahim_projects/j/j v2/jeunesscar/framework/app/Http/Middleware/IsInstalled.php(29): Illuminate\\Pipeline\\Pipeline->Illuminate\\Pipeline\\{closure}()
#12 /home/ouknik/Desktop/brahim_projects/j/j v2/jeunesscar/framework/vendor/laravel/framework/src/Illuminate/Pipeline/Pipeline.php(183): App\\Http\\Middleware\\IsInstalled->handle()
#13 /home/ouknik/Desktop/brahim_projects/j/j v2/jeunesscar/framework/app/Http/Middleware/OfficeAdmin.php(25): Illuminate\\Pipeline\\Pipeline->Illuminate\\Pipeline\\{closure}()
#14 /home/ouknik/Desktop/brahim_projects/j/j v2/jeunesscar/framework/vendor/laravel/framework/src/Illuminate/Pipeline/Pipeline.php(183): App\\Http\\Middleware\\OfficeAdmin->handle()
#15 /home/ouknik/Desktop/brahim_projects/j/j v2/jeunesscar/framework/app/Http/Middleware/SetLocale.php(37): Illuminate\\Pipeline\\Pipeline->Illuminate\\Pipeline\\{closure}()
#16 /home/ouknik/Desktop/brahim_projects/j/j v2/jeunesscar/framework/vendor/laravel/framework/src/Illuminate/Pipeline/Pipeline.php(183): App\\Http\\Middleware\\SetLocale->handle()
#17 /home/ouknik/Desktop/brahim_projects/j/j v2/jeunesscar/framework/vendor/laravel/framework/src/Illuminate/Routing/Middleware/SubstituteBindings.php(50): Illuminate\\Pipeline\\Pipeline->Illuminate\\Pipeline\\{closure}()
#18 /home/ouknik/Desktop/brahim_projects/j/j v2/jeunesscar/framework/vendor/laravel/framework/src/Illuminate/Pipeline/Pipeline.php(183): Illuminate\\Routing\\Middleware\\SubstituteBindings->handle()
#19 /home/ouknik/Desktop/brahim_projects/j/j v2/jeunesscar/framework/vendor/laravel/framework/src/Illuminate/Auth/Middleware/Authenticate.php(57): Illuminate\\Pipeline\\Pipeline->Illuminate\\Pipeline\\{closure}()
#20 /home/ouknik/Desktop/brahim_projects/j/j v2/jeunesscar/framework/vendor/laravel/framework/src/Illuminate/Pipeline/Pipeline.php(183): Illuminate\\Auth\\Middleware\\Authenticate->handle()
#21 /home/ouknik/Desktop/brahim_projects/j/j v2/jeunesscar/framework/vendor/laravel/framework/src/Illuminate/Foundation/Http/Middleware/VerifyCsrfToken.php(78): Illuminate\\Pipeline\\Pipeline->Illuminate\\Pipeline\\{closure}()
#22 /home/ouknik/Desktop/brahim_projects/j/j v2/jeunesscar/framework/vendor/laravel/framework/src/Illuminate/Pipeline/Pipeline.php(183): Illuminate\\Foundation\\Http\\Middleware\\VerifyCsrfToken->handle()
#23 /home/ouknik/Desktop/brahim_projects/j/j v2/jeunesscar/framework/vendor/laravel/framework/src/Illuminate/View/Middleware/ShareErrorsFromSession.php(49): Illuminate\\Pipeline\\Pipeline->Illuminate\\Pipeline\\{closure}()
#24 /home/ouknik/Desktop/brahim_projects/j/j v2/jeunesscar/framework/vendor/laravel/framework/src/Illuminate/Pipeline/Pipeline.php(183): Illuminate\\View\\Middleware\\ShareErrorsFromSession->handle()
#25 /home/ouknik/Desktop/brahim_projects/j/j v2/jeunesscar/framework/vendor/laravel/framework/src/Illuminate/Session/Middleware/StartSession.php(121): Illuminate\\Pipeline\\Pipeline->Illuminate\\Pipeline\\{closure}()
#26 /home/ouknik/Desktop/brahim_projects/j/j v2/jeunesscar/framework/vendor/laravel/framework/src/Illuminate/Session/Middleware/StartSession.php(64): Illuminate\\Session\\Middleware\\StartSession->handleStatefulRequest()
#27 /home/ouknik/Desktop/brahim_projects/j/j v2/jeunesscar/framework/vendor/laravel/framework/src/Illuminate/Pipeline/Pipeline.php(183): Illuminate\\Session\\Middleware\\StartSession->handle()
#28 /home/ouknik/Desktop/brahim_projects/j/j v2/jeunesscar/framework/vendor/laravel/framework/src/Illuminate/Cookie/Middleware/AddQueuedCookiesToResponse.php(37): Illuminate\\Pipeline\\Pipeline->Illuminate\\Pipeline\\{closure}()
#29 /home/ouknik/Desktop/brahim_projects/j/j v2/jeunesscar/framework/vendor/laravel/framework/src/Illuminate/Pipeline/Pipeline.php(183): Illuminate\\Cookie\\Middleware\\AddQueuedCookiesToResponse->handle()
#30 /home/ouknik/Desktop/brahim_projects/j/j v2/jeunesscar/framework/vendor/laravel/framework/src/Illuminate/Cookie/Middleware/EncryptCookies.php(67): Illuminate\\Pipeline\\Pipeline->Illuminate\\Pipeline\\{closure}()
#31 /home/ouknik/Desktop/brahim_projects/j/j v2/jeunesscar/framework/vendor/laravel/framework/src/Illuminate/Pipeline/Pipeline.php(183): Illuminate\\Cookie\\Middleware\\EncryptCookies->handle()
#32 /home/ouknik/Desktop/brahim_projects/j/j v2/jeunesscar/framework/vendor/laravel/framework/src/Illuminate/Pipeline/Pipeline.php(119): Illuminate\\Pipeline\\Pipeline->Illuminate\\Pipeline\\{closure}()
#33 /home/ouknik/Desktop/brahim_projects/j/j v2/jeunesscar/framework/vendor/laravel/framework/src/Illuminate/Routing/Router.php(805): Illuminate\\Pipeline\\Pipeline->then()
#34 /home/ouknik/Desktop/brahim_projects/j/j v2/jeunesscar/framework/vendor/laravel/framework/src/Illuminate/Routing/Router.php(784): Illuminate\\Routing\\Router->runRouteWithinStack()
#35 /home/ouknik/Desktop/brahim_projects/j/j v2/jeunesscar/framework/vendor/laravel/framework/src/Illuminate/Routing/Router.php(748): Illuminate\\Routing\\Router->runRoute()
#36 /home/ouknik/Desktop/brahim_projects/j/j v2/jeunesscar/framework/vendor/laravel/framework/src/Illuminate/Routing/Router.php(737): Illuminate\\Routing\\Router->dispatchToRoute()
#37 /home/ouknik/Desktop/brahim_projects/j/j v2/jeunesscar/framework/vendor/laravel/framework/src/Illuminate/Foundation/Http/Kernel.php(200): Illuminate\\Routing\\Router->dispatch()
#38 /home/ouknik/Desktop/brahim_projects/j/j v2/jeunesscar/framework/vendor/laravel/framework/src/Illuminate/Pipeline/Pipeline.php(144): Illuminate\\Foundation\\Http\\Kernel->Illuminate\\Foundation\\Http\\{closure}()
#39 /home/ouknik/Desktop/brahim_projects/j/j v2/jeunesscar/framework/vendor/laravel/framework/src/Illuminate/Foundation/Http/Middleware/TransformsRequest.php(21): Illuminate\\Pipeline\\Pipeline->Illuminate\\Pipeline\\{closure}()
#40 /home/ouknik/Desktop/brahim_projects/j/j v2/jeunesscar/framework/vendor/laravel/framework/src/Illuminate/Foundation/Http/Middleware/ConvertEmptyStringsToNull.php(31): Illuminate\\Foundation\\Http\\Middleware\\TransformsRequest->handle()
#41 /home/ouknik/Desktop/brahim_projects/j/j v2/jeunesscar/framework/vendor/laravel/framework/src/Illuminate/Pipeline/Pipeline.php(183): Illuminate\\Foundation\\Http\\Middleware\\ConvertEmptyStringsToNull->handle()
#42 /home/ouknik/Desktop/brahim_projects/j/j v2/jeunesscar/framework/vendor/laravel/framework/src/Illuminate/Foundation/Http/Middleware/TransformsRequest.php(21): Illuminate\\Pipeline\\Pipeline->Illuminate\\Pipeline\\{closure}()
#43 /home/ouknik/Desktop/brahim_projects/j/j v2/jeunesscar/framework/vendor/laravel/framework/src/Illuminate/Foundation/Http/Middleware/TrimStrings.php(40): Illuminate\\Foundation\\Http\\Middleware\\TransformsRequest->handle()
#44 /home/ouknik/Desktop/brahim_projects/j/j v2/jeunesscar/framework/vendor/laravel/framework/src/Illuminate/Pipeline/Pipeline.php(183): Illuminate\\Foundation\\Http\\Middleware\\TrimStrings->handle()
#45 /home/ouknik/Desktop/brahim_projects/j/j v2/jeunesscar/framework/vendor/laravel/framework/src/Illuminate/Foundation/Http/Middleware/ValidatePostSize.php(27): Illuminate\\Pipeline\\Pipeline->Illuminate\\Pipeline\\{closure}()
#46 /home/ouknik/Desktop/brahim_projects/j/j v2/jeunesscar/framework/vendor/laravel/framework/src/Illuminate/Pipeline/Pipeline.php(183): Illuminate\\Foundation\\Http\\Middleware\\ValidatePostSize->handle()
#47 /home/ouknik/Desktop/brahim_projects/j/j v2/jeunesscar/framework/vendor/laravel/framework/src/Illuminate/Foundation/Http/Middleware/PreventRequestsDuringMaintenance.php(99): Illuminate\\Pipeline\\Pipeline->Illuminate\\Pipeline\\{closure}()
#48 /home/ouknik/Desktop/brahim_projects/j/j v2/jeunesscar/framework/vendor/laravel/framework/src/Illuminate/Pipeline/Pipeline.php(183): Illuminate\\Foundation\\Http\\Middleware\\PreventRequestsDuringMaintenance->handle()
#49 /home/ouknik/Desktop/brahim_projects/j/j v2/jeunesscar/framework/vendor/laravel/framework/src/Illuminate/Pipeline/Pipeline.php(119): Illuminate\\Pipeline\\Pipeline->Illuminate\\Pipeline\\{closure}()
#50 /home/ouknik/Desktop/brahim_projects/j/j v2/jeunesscar/framework/vendor/laravel/framework/src/Illuminate/Foundation/Http/Kernel.php(175): Illuminate\\Pipeline\\Pipeline->then()
#51 /home/ouknik/Desktop/brahim_projects/j/j v2/jeunesscar/framework/vendor/laravel/framework/src/Illuminate/Foundation/Http/Kernel.php(144): Illuminate\\Foundation\\Http\\Kernel->sendRequestThroughRouter()
#52 /home/ouknik/Desktop/brahim_projects/j/j v2/jeunesscar/index.php(13): Illuminate\\Foundation\\Http\\Kernel->handle()
#53 {main}
"} 
