[2025-05-25 10:48:47] local.ERROR: SQLSTATE[HY000] [2002] Connection refused (Connection: mysql, SQL: select * from `frontend` where `frontend`.`deleted_at` is null) {"exception":"[object] (Illuminate\\Database\\QueryException(code: 2002): SQLSTATE[HY000] [2002] Connection refused (Connection: mysql, SQL: select * from `frontend` where `frontend`.`deleted_at` is null) at /home/ouknik/Desktop/brahim_projects/j/j v2/jeunesscar/framework/vendor/laravel/framework/src/Illuminate/Database/Connection.php:829)
[stacktrace]
#0 /home/ouknik/Desktop/brahim_projects/j/j v2/jeunesscar/framework/vendor/laravel/framework/src/Illuminate/Database/Connection.php(983): Illuminate\\Database\\Connection->runQueryCallback()
#1 /home/ouknik/Desktop/brahim_projects/j/j v2/jeunesscar/framework/vendor/laravel/framework/src/Illuminate/Database/Connection.php(962): Illuminate\\Database\\Connection->tryAgainIfCausedByLostConnection()
#2 /home/ouknik/Desktop/brahim_projects/j/j v2/jeunesscar/framework/vendor/laravel/framework/src/Illuminate/Database/Connection.php(785): Illuminate\\Database\\Connection->handleQueryException()
#3 /home/ouknik/Desktop/brahim_projects/j/j v2/jeunesscar/framework/vendor/laravel/framework/src/Illuminate/Database/Connection.php(414): Illuminate\\Database\\Connection->run()
#4 /home/ouknik/Desktop/brahim_projects/j/j v2/jeunesscar/framework/vendor/laravel/framework/src/Illuminate/Database/Query/Builder.php(2913): Illuminate\\Database\\Connection->select()
#5 /home/ouknik/Desktop/brahim_projects/j/j v2/jeunesscar/framework/vendor/laravel/framework/src/Illuminate/Database/Query/Builder.php(2902): Illuminate\\Database\\Query\\Builder->runSelect()
#6 /home/ouknik/Desktop/brahim_projects/j/j v2/jeunesscar/framework/vendor/laravel/framework/src/Illuminate/Database/Query/Builder.php(3456): Illuminate\\Database\\Query\\Builder->Illuminate\\Database\\Query\\{closure}()
#7 /home/ouknik/Desktop/brahim_projects/j/j v2/jeunesscar/framework/vendor/laravel/framework/src/Illuminate/Database/Query/Builder.php(2901): Illuminate\\Database\\Query\\Builder->onceWithColumns()
#8 /home/ouknik/Desktop/brahim_projects/j/j v2/jeunesscar/framework/vendor/laravel/framework/src/Illuminate/Database/Eloquent/Builder.php(739): Illuminate\\Database\\Query\\Builder->get()
#9 /home/ouknik/Desktop/brahim_projects/j/j v2/jeunesscar/framework/vendor/laravel/framework/src/Illuminate/Database/Eloquent/Builder.php(723): Illuminate\\Database\\Eloquent\\Builder->getModels()
#10 /home/ouknik/Desktop/brahim_projects/j/j v2/jeunesscar/framework/vendor/laravel/framework/src/Illuminate/Database/Eloquent/Model.php(675): Illuminate\\Database\\Eloquent\\Builder->get()
#11 /home/ouknik/Desktop/brahim_projects/j/j v2/jeunesscar/framework/app/Model/Hyvikk.php(57): Illuminate\\Database\\Eloquent\\Model::all()
#12 /home/ouknik/Desktop/brahim_projects/j/j v2/jeunesscar/framework/app/Http/Controllers/FrontEnd/HomeController.php(47): App\\Model\\Hyvikk::frontend()
#13 [internal function]: App\\Http\\Controllers\\FrontEnd\\HomeController->__construct()
#14 /home/ouknik/Desktop/brahim_projects/j/j v2/jeunesscar/framework/vendor/laravel/framework/src/Illuminate/Container/Container.php(952): ReflectionClass->newInstanceArgs()
#15 /home/ouknik/Desktop/brahim_projects/j/j v2/jeunesscar/framework/vendor/laravel/framework/src/Illuminate/Container/Container.php(795): Illuminate\\Container\\Container->build()
#16 /home/ouknik/Desktop/brahim_projects/j/j v2/jeunesscar/framework/vendor/laravel/framework/src/Illuminate/Foundation/Application.php(986): Illuminate\\Container\\Container->resolve()
#17 /home/ouknik/Desktop/brahim_projects/j/j v2/jeunesscar/framework/vendor/laravel/framework/src/Illuminate/Container/Container.php(731): Illuminate\\Foundation\\Application->resolve()
#18 /home/ouknik/Desktop/brahim_projects/j/j v2/jeunesscar/framework/vendor/laravel/framework/src/Illuminate/Foundation/Application.php(971): Illuminate\\Container\\Container->make()
#19 /home/ouknik/Desktop/brahim_projects/j/j v2/jeunesscar/framework/vendor/laravel/framework/src/Illuminate/Routing/Route.php(278): Illuminate\\Foundation\\Application->make()
#20 /home/ouknik/Desktop/brahim_projects/j/j v2/jeunesscar/framework/vendor/laravel/framework/src/Illuminate/Routing/Route.php(1104): Illuminate\\Routing\\Route->getController()
#21 /home/ouknik/Desktop/brahim_projects/j/j v2/jeunesscar/framework/vendor/laravel/framework/src/Illuminate/Routing/Route.php(1035): Illuminate\\Routing\\Route->controllerMiddleware()
#22 /home/ouknik/Desktop/brahim_projects/j/j v2/jeunesscar/framework/vendor/laravel/framework/src/Illuminate/Routing/Router.php(818): Illuminate\\Routing\\Route->gatherMiddleware()
#23 /home/ouknik/Desktop/brahim_projects/j/j v2/jeunesscar/framework/vendor/laravel/framework/src/Illuminate/Routing/Router.php(800): Illuminate\\Routing\\Router->gatherRouteMiddleware()
#24 /home/ouknik/Desktop/brahim_projects/j/j v2/jeunesscar/framework/vendor/laravel/framework/src/Illuminate/Routing/Router.php(784): Illuminate\\Routing\\Router->runRouteWithinStack()
#25 /home/ouknik/Desktop/brahim_projects/j/j v2/jeunesscar/framework/vendor/laravel/framework/src/Illuminate/Routing/Router.php(748): Illuminate\\Routing\\Router->runRoute()
#26 /home/ouknik/Desktop/brahim_projects/j/j v2/jeunesscar/framework/vendor/laravel/framework/src/Illuminate/Routing/Router.php(737): Illuminate\\Routing\\Router->dispatchToRoute()
#27 /home/ouknik/Desktop/brahim_projects/j/j v2/jeunesscar/framework/vendor/laravel/framework/src/Illuminate/Foundation/Http/Kernel.php(200): Illuminate\\Routing\\Router->dispatch()
#28 /home/ouknik/Desktop/brahim_projects/j/j v2/jeunesscar/framework/vendor/laravel/framework/src/Illuminate/Pipeline/Pipeline.php(144): Illuminate\\Foundation\\Http\\Kernel->Illuminate\\Foundation\\Http\\{closure}()
#29 /home/ouknik/Desktop/brahim_projects/j/j v2/jeunesscar/framework/vendor/laravel/framework/src/Illuminate/Foundation/Http/Middleware/TransformsRequest.php(21): Illuminate\\Pipeline\\Pipeline->Illuminate\\Pipeline\\{closure}()
#30 /home/ouknik/Desktop/brahim_projects/j/j v2/jeunesscar/framework/vendor/laravel/framework/src/Illuminate/Foundation/Http/Middleware/ConvertEmptyStringsToNull.php(31): Illuminate\\Foundation\\Http\\Middleware\\TransformsRequest->handle()
#31 /home/ouknik/Desktop/brahim_projects/j/j v2/jeunesscar/framework/vendor/laravel/framework/src/Illuminate/Pipeline/Pipeline.php(183): Illuminate\\Foundation\\Http\\Middleware\\ConvertEmptyStringsToNull->handle()
#32 /home/ouknik/Desktop/brahim_projects/j/j v2/jeunesscar/framework/vendor/laravel/framework/src/Illuminate/Foundation/Http/Middleware/TransformsRequest.php(21): Illuminate\\Pipeline\\Pipeline->Illuminate\\Pipeline\\{closure}()
#33 /home/ouknik/Desktop/brahim_projects/j/j v2/jeunesscar/framework/vendor/laravel/framework/src/Illuminate/Foundation/Http/Middleware/TrimStrings.php(40): Illuminate\\Foundation\\Http\\Middleware\\TransformsRequest->handle()
#34 /home/ouknik/Desktop/brahim_projects/j/j v2/jeunesscar/framework/vendor/laravel/framework/src/Illuminate/Pipeline/Pipeline.php(183): Illuminate\\Foundation\\Http\\Middleware\\TrimStrings->handle()
#35 /home/ouknik/Desktop/brahim_projects/j/j v2/jeunesscar/framework/vendor/laravel/framework/src/Illuminate/Foundation/Http/Middleware/ValidatePostSize.php(27): Illuminate\\Pipeline\\Pipeline->Illuminate\\Pipeline\\{closure}()
#36 /home/ouknik/Desktop/brahim_projects/j/j v2/jeunesscar/framework/vendor/laravel/framework/src/Illuminate/Pipeline/Pipeline.php(183): Illuminate\\Foundation\\Http\\Middleware\\ValidatePostSize->handle()
#37 /home/ouknik/Desktop/brahim_projects/j/j v2/jeunesscar/framework/vendor/laravel/framework/src/Illuminate/Foundation/Http/Middleware/PreventRequestsDuringMaintenance.php(99): Illuminate\\Pipeline\\Pipeline->Illuminate\\Pipeline\\{closure}()
#38 /home/ouknik/Desktop/brahim_projects/j/j v2/jeunesscar/framework/vendor/laravel/framework/src/Illuminate/Pipeline/Pipeline.php(183): Illuminate\\Foundation\\Http\\Middleware\\PreventRequestsDuringMaintenance->handle()
#39 /home/ouknik/Desktop/brahim_projects/j/j v2/jeunesscar/framework/vendor/laravel/framework/src/Illuminate/Pipeline/Pipeline.php(119): Illuminate\\Pipeline\\Pipeline->Illuminate\\Pipeline\\{closure}()
#40 /home/ouknik/Desktop/brahim_projects/j/j v2/jeunesscar/framework/vendor/laravel/framework/src/Illuminate/Foundation/Http/Kernel.php(175): Illuminate\\Pipeline\\Pipeline->then()
#41 /home/ouknik/Desktop/brahim_projects/j/j v2/jeunesscar/framework/vendor/laravel/framework/src/Illuminate/Foundation/Http/Kernel.php(144): Illuminate\\Foundation\\Http\\Kernel->sendRequestThroughRouter()
#42 /home/ouknik/Desktop/brahim_projects/j/j v2/jeunesscar/index.php(13): Illuminate\\Foundation\\Http\\Kernel->handle()
#43 {main}

[previous exception] [object] (PDOException(code: 2002): SQLSTATE[HY000] [2002] Connection refused at /home/ouknik/Desktop/brahim_projects/j/j v2/jeunesscar/framework/vendor/laravel/framework/src/Illuminate/Database/Connectors/Connector.php:65)
[stacktrace]
#0 /home/ouknik/Desktop/brahim_projects/j/j v2/jeunesscar/framework/vendor/laravel/framework/src/Illuminate/Database/Connectors/Connector.php(65): PDO->__construct()
#1 /home/ouknik/Desktop/brahim_projects/j/j v2/jeunesscar/framework/vendor/laravel/framework/src/Illuminate/Database/Connectors/Connector.php(83): Illuminate\\Database\\Connectors\\Connector->createPdoConnection()
#2 /home/ouknik/Desktop/brahim_projects/j/j v2/jeunesscar/framework/vendor/laravel/framework/src/Illuminate/Database/Connectors/Connector.php(48): Illuminate\\Database\\Connectors\\Connector->tryAgainIfCausedByLostConnection()
#3 /home/ouknik/Desktop/brahim_projects/j/j v2/jeunesscar/framework/vendor/laravel/framework/src/Illuminate/Database/Connectors/MySqlConnector.php(24): Illuminate\\Database\\Connectors\\Connector->createConnection()
#4 /home/ouknik/Desktop/brahim_projects/j/j v2/jeunesscar/framework/vendor/laravel/framework/src/Illuminate/Database/Connectors/ConnectionFactory.php(184): Illuminate\\Database\\Connectors\\MySqlConnector->connect()
#5 [internal function]: Illuminate\\Database\\Connectors\\ConnectionFactory->Illuminate\\Database\\Connectors\\{closure}()
#6 /home/ouknik/Desktop/brahim_projects/j/j v2/jeunesscar/framework/vendor/laravel/framework/src/Illuminate/Database/Connection.php(1339): call_user_func()
#7 /home/ouknik/Desktop/brahim_projects/j/j v2/jeunesscar/framework/vendor/laravel/framework/src/Illuminate/Database/Connection.php(1375): Illuminate\\Database\\Connection->getPdo()
#8 /home/ouknik/Desktop/brahim_projects/j/j v2/jeunesscar/framework/vendor/laravel/framework/src/Illuminate/Database/Connection.php(528): Illuminate\\Database\\Connection->getReadPdo()
#9 /home/ouknik/Desktop/brahim_projects/j/j v2/jeunesscar/framework/vendor/laravel/framework/src/Illuminate/Database/Connection.php(423): Illuminate\\Database\\Connection->getPdoForSelect()
#10 /home/ouknik/Desktop/brahim_projects/j/j v2/jeunesscar/framework/vendor/laravel/framework/src/Illuminate/Database/Connection.php(816): Illuminate\\Database\\Connection->Illuminate\\Database\\{closure}()
#11 /home/ouknik/Desktop/brahim_projects/j/j v2/jeunesscar/framework/vendor/laravel/framework/src/Illuminate/Database/Connection.php(983): Illuminate\\Database\\Connection->runQueryCallback()
#12 /home/ouknik/Desktop/brahim_projects/j/j v2/jeunesscar/framework/vendor/laravel/framework/src/Illuminate/Database/Connection.php(962): Illuminate\\Database\\Connection->tryAgainIfCausedByLostConnection()
#13 /home/ouknik/Desktop/brahim_projects/j/j v2/jeunesscar/framework/vendor/laravel/framework/src/Illuminate/Database/Connection.php(785): Illuminate\\Database\\Connection->handleQueryException()
#14 /home/ouknik/Desktop/brahim_projects/j/j v2/jeunesscar/framework/vendor/laravel/framework/src/Illuminate/Database/Connection.php(414): Illuminate\\Database\\Connection->run()
#15 /home/ouknik/Desktop/brahim_projects/j/j v2/jeunesscar/framework/vendor/laravel/framework/src/Illuminate/Database/Query/Builder.php(2913): Illuminate\\Database\\Connection->select()
#16 /home/ouknik/Desktop/brahim_projects/j/j v2/jeunesscar/framework/vendor/laravel/framework/src/Illuminate/Database/Query/Builder.php(2902): Illuminate\\Database\\Query\\Builder->runSelect()
#17 /home/ouknik/Desktop/brahim_projects/j/j v2/jeunesscar/framework/vendor/laravel/framework/src/Illuminate/Database/Query/Builder.php(3456): Illuminate\\Database\\Query\\Builder->Illuminate\\Database\\Query\\{closure}()
#18 /home/ouknik/Desktop/brahim_projects/j/j v2/jeunesscar/framework/vendor/laravel/framework/src/Illuminate/Database/Query/Builder.php(2901): Illuminate\\Database\\Query\\Builder->onceWithColumns()
#19 /home/ouknik/Desktop/brahim_projects/j/j v2/jeunesscar/framework/vendor/laravel/framework/src/Illuminate/Database/Eloquent/Builder.php(739): Illuminate\\Database\\Query\\Builder->get()
#20 /home/ouknik/Desktop/brahim_projects/j/j v2/jeunesscar/framework/vendor/laravel/framework/src/Illuminate/Database/Eloquent/Builder.php(723): Illuminate\\Database\\Eloquent\\Builder->getModels()
#21 /home/ouknik/Desktop/brahim_projects/j/j v2/jeunesscar/framework/vendor/laravel/framework/src/Illuminate/Database/Eloquent/Model.php(675): Illuminate\\Database\\Eloquent\\Builder->get()
#22 /home/ouknik/Desktop/brahim_projects/j/j v2/jeunesscar/framework/app/Model/Hyvikk.php(57): Illuminate\\Database\\Eloquent\\Model::all()
#23 /home/ouknik/Desktop/brahim_projects/j/j v2/jeunesscar/framework/app/Http/Controllers/FrontEnd/HomeController.php(47): App\\Model\\Hyvikk::frontend()
#24 [internal function]: App\\Http\\Controllers\\FrontEnd\\HomeController->__construct()
#25 /home/ouknik/Desktop/brahim_projects/j/j v2/jeunesscar/framework/vendor/laravel/framework/src/Illuminate/Container/Container.php(952): ReflectionClass->newInstanceArgs()
#26 /home/ouknik/Desktop/brahim_projects/j/j v2/jeunesscar/framework/vendor/laravel/framework/src/Illuminate/Container/Container.php(795): Illuminate\\Container\\Container->build()
#27 /home/ouknik/Desktop/brahim_projects/j/j v2/jeunesscar/framework/vendor/laravel/framework/src/Illuminate/Foundation/Application.php(986): Illuminate\\Container\\Container->resolve()
#28 /home/ouknik/Desktop/brahim_projects/j/j v2/jeunesscar/framework/vendor/laravel/framework/src/Illuminate/Container/Container.php(731): Illuminate\\Foundation\\Application->resolve()
#29 /home/ouknik/Desktop/brahim_projects/j/j v2/jeunesscar/framework/vendor/laravel/framework/src/Illuminate/Foundation/Application.php(971): Illuminate\\Container\\Container->make()
#30 /home/ouknik/Desktop/brahim_projects/j/j v2/jeunesscar/framework/vendor/laravel/framework/src/Illuminate/Routing/Route.php(278): Illuminate\\Foundation\\Application->make()
#31 /home/ouknik/Desktop/brahim_projects/j/j v2/jeunesscar/framework/vendor/laravel/framework/src/Illuminate/Routing/Route.php(1104): Illuminate\\Routing\\Route->getController()
#32 /home/ouknik/Desktop/brahim_projects/j/j v2/jeunesscar/framework/vendor/laravel/framework/src/Illuminate/Routing/Route.php(1035): Illuminate\\Routing\\Route->controllerMiddleware()
#33 /home/ouknik/Desktop/brahim_projects/j/j v2/jeunesscar/framework/vendor/laravel/framework/src/Illuminate/Routing/Router.php(818): Illuminate\\Routing\\Route->gatherMiddleware()
#34 /home/ouknik/Desktop/brahim_projects/j/j v2/jeunesscar/framework/vendor/laravel/framework/src/Illuminate/Routing/Router.php(800): Illuminate\\Routing\\Router->gatherRouteMiddleware()
#35 /home/ouknik/Desktop/brahim_projects/j/j v2/jeunesscar/framework/vendor/laravel/framework/src/Illuminate/Routing/Router.php(784): Illuminate\\Routing\\Router->runRouteWithinStack()
#36 /home/ouknik/Desktop/brahim_projects/j/j v2/jeunesscar/framework/vendor/laravel/framework/src/Illuminate/Routing/Router.php(748): Illuminate\\Routing\\Router->runRoute()
#37 /home/ouknik/Desktop/brahim_projects/j/j v2/jeunesscar/framework/vendor/laravel/framework/src/Illuminate/Routing/Router.php(737): Illuminate\\Routing\\Router->dispatchToRoute()
#38 /home/ouknik/Desktop/brahim_projects/j/j v2/jeunesscar/framework/vendor/laravel/framework/src/Illuminate/Foundation/Http/Kernel.php(200): Illuminate\\Routing\\Router->dispatch()
#39 /home/ouknik/Desktop/brahim_projects/j/j v2/jeunesscar/framework/vendor/laravel/framework/src/Illuminate/Pipeline/Pipeline.php(144): Illuminate\\Foundation\\Http\\Kernel->Illuminate\\Foundation\\Http\\{closure}()
#40 /home/ouknik/Desktop/brahim_projects/j/j v2/jeunesscar/framework/vendor/laravel/framework/src/Illuminate/Foundation/Http/Middleware/TransformsRequest.php(21): Illuminate\\Pipeline\\Pipeline->Illuminate\\Pipeline\\{closure}()
#41 /home/ouknik/Desktop/brahim_projects/j/j v2/jeunesscar/framework/vendor/laravel/framework/src/Illuminate/Foundation/Http/Middleware/ConvertEmptyStringsToNull.php(31): Illuminate\\Foundation\\Http\\Middleware\\TransformsRequest->handle()
#42 /home/ouknik/Desktop/brahim_projects/j/j v2/jeunesscar/framework/vendor/laravel/framework/src/Illuminate/Pipeline/Pipeline.php(183): Illuminate\\Foundation\\Http\\Middleware\\ConvertEmptyStringsToNull->handle()
#43 /home/ouknik/Desktop/brahim_projects/j/j v2/jeunesscar/framework/vendor/laravel/framework/src/Illuminate/Foundation/Http/Middleware/TransformsRequest.php(21): Illuminate\\Pipeline\\Pipeline->Illuminate\\Pipeline\\{closure}()
#44 /home/ouknik/Desktop/brahim_projects/j/j v2/jeunesscar/framework/vendor/laravel/framework/src/Illuminate/Foundation/Http/Middleware/TrimStrings.php(40): Illuminate\\Foundation\\Http\\Middleware\\TransformsRequest->handle()
#45 /home/ouknik/Desktop/brahim_projects/j/j v2/jeunesscar/framework/vendor/laravel/framework/src/Illuminate/Pipeline/Pipeline.php(183): Illuminate\\Foundation\\Http\\Middleware\\TrimStrings->handle()
#46 /home/ouknik/Desktop/brahim_projects/j/j v2/jeunesscar/framework/vendor/laravel/framework/src/Illuminate/Foundation/Http/Middleware/ValidatePostSize.php(27): Illuminate\\Pipeline\\Pipeline->Illuminate\\Pipeline\\{closure}()
#47 /home/ouknik/Desktop/brahim_projects/j/j v2/jeunesscar/framework/vendor/laravel/framework/src/Illuminate/Pipeline/Pipeline.php(183): Illuminate\\Foundation\\Http\\Middleware\\ValidatePostSize->handle()
#48 /home/ouknik/Desktop/brahim_projects/j/j v2/jeunesscar/framework/vendor/laravel/framework/src/Illuminate/Foundation/Http/Middleware/PreventRequestsDuringMaintenance.php(99): Illuminate\\Pipeline\\Pipeline->Illuminate\\Pipeline\\{closure}()
#49 /home/ouknik/Desktop/brahim_projects/j/j v2/jeunesscar/framework/vendor/laravel/framework/src/Illuminate/Pipeline/Pipeline.php(183): Illuminate\\Foundation\\Http\\Middleware\\PreventRequestsDuringMaintenance->handle()
#50 /home/ouknik/Desktop/brahim_projects/j/j v2/jeunesscar/framework/vendor/laravel/framework/src/Illuminate/Pipeline/Pipeline.php(119): Illuminate\\Pipeline\\Pipeline->Illuminate\\Pipeline\\{closure}()
#51 /home/ouknik/Desktop/brahim_projects/j/j v2/jeunesscar/framework/vendor/laravel/framework/src/Illuminate/Foundation/Http/Kernel.php(175): Illuminate\\Pipeline\\Pipeline->then()
#52 /home/ouknik/Desktop/brahim_projects/j/j v2/jeunesscar/framework/vendor/laravel/framework/src/Illuminate/Foundation/Http/Kernel.php(144): Illuminate\\Foundation\\Http\\Kernel->sendRequestThroughRouter()
#53 /home/ouknik/Desktop/brahim_projects/j/j v2/jeunesscar/index.php(13): Illuminate\\Foundation\\Http\\Kernel->handle()
#54 {main}
"} 
[2025-05-25 10:48:53] local.ERROR: SQLSTATE[HY000] [2002] Connection refused (Connection: mysql, SQL: select * from `users` where `id` = 1 and `users`.`deleted_at` is null limit 1) {"exception":"[object] (Illuminate\\Database\\QueryException(code: 2002): SQLSTATE[HY000] [2002] Connection refused (Connection: mysql, SQL: select * from `users` where `id` = 1 and `users`.`deleted_at` is null limit 1) at /home/ouknik/Desktop/brahim_projects/j/j v2/jeunesscar/framework/vendor/laravel/framework/src/Illuminate/Database/Connection.php:829)
[stacktrace]
#0 /home/ouknik/Desktop/brahim_projects/j/j v2/jeunesscar/framework/vendor/laravel/framework/src/Illuminate/Database/Connection.php(983): Illuminate\\Database\\Connection->runQueryCallback()
#1 /home/ouknik/Desktop/brahim_projects/j/j v2/jeunesscar/framework/vendor/laravel/framework/src/Illuminate/Database/Connection.php(962): Illuminate\\Database\\Connection->tryAgainIfCausedByLostConnection()
#2 /home/ouknik/Desktop/brahim_projects/j/j v2/jeunesscar/framework/vendor/laravel/framework/src/Illuminate/Database/Connection.php(785): Illuminate\\Database\\Connection->handleQueryException()
#3 /home/ouknik/Desktop/brahim_projects/j/j v2/jeunesscar/framework/vendor/laravel/framework/src/Illuminate/Database/Connection.php(414): Illuminate\\Database\\Connection->run()
#4 /home/ouknik/Desktop/brahim_projects/j/j v2/jeunesscar/framework/vendor/laravel/framework/src/Illuminate/Database/Query/Builder.php(2913): Illuminate\\Database\\Connection->select()
#5 /home/ouknik/Desktop/brahim_projects/j/j v2/jeunesscar/framework/vendor/laravel/framework/src/Illuminate/Database/Query/Builder.php(2902): Illuminate\\Database\\Query\\Builder->runSelect()
#6 /home/ouknik/Desktop/brahim_projects/j/j v2/jeunesscar/framework/vendor/laravel/framework/src/Illuminate/Database/Query/Builder.php(3456): Illuminate\\Database\\Query\\Builder->Illuminate\\Database\\Query\\{closure}()
#7 /home/ouknik/Desktop/brahim_projects/j/j v2/jeunesscar/framework/vendor/laravel/framework/src/Illuminate/Database/Query/Builder.php(2901): Illuminate\\Database\\Query\\Builder->onceWithColumns()
#8 /home/ouknik/Desktop/brahim_projects/j/j v2/jeunesscar/framework/vendor/laravel/framework/src/Illuminate/Database/Eloquent/Builder.php(739): Illuminate\\Database\\Query\\Builder->get()
#9 /home/ouknik/Desktop/brahim_projects/j/j v2/jeunesscar/framework/vendor/laravel/framework/src/Illuminate/Database/Eloquent/Builder.php(723): Illuminate\\Database\\Eloquent\\Builder->getModels()
#10 /home/ouknik/Desktop/brahim_projects/j/j v2/jeunesscar/framework/vendor/laravel/framework/src/Illuminate/Database/Concerns/BuildsQueries.php(333): Illuminate\\Database\\Eloquent\\Builder->get()
#11 /home/ouknik/Desktop/brahim_projects/j/j v2/jeunesscar/framework/vendor/laravel/framework/src/Illuminate/Auth/EloquentUserProvider.php(75): Illuminate\\Database\\Eloquent\\Builder->first()
#12 /home/ouknik/Desktop/brahim_projects/j/j v2/jeunesscar/framework/vendor/laravel/framework/src/Illuminate/Auth/SessionGuard.php(196): Illuminate\\Auth\\EloquentUserProvider->retrieveByToken()
#13 /home/ouknik/Desktop/brahim_projects/j/j v2/jeunesscar/framework/vendor/laravel/framework/src/Illuminate/Auth/SessionGuard.php(167): Illuminate\\Auth\\SessionGuard->userFromRecaller()
#14 /home/ouknik/Desktop/brahim_projects/j/j v2/jeunesscar/framework/vendor/laravel/framework/src/Illuminate/Auth/GuardHelpers.php(56): Illuminate\\Auth\\SessionGuard->user()
#15 /home/ouknik/Desktop/brahim_projects/j/j v2/jeunesscar/framework/vendor/laravel/framework/src/Illuminate/Auth/Middleware/Authenticate.php(76): Illuminate\\Auth\\SessionGuard->check()
#16 /home/ouknik/Desktop/brahim_projects/j/j v2/jeunesscar/framework/vendor/laravel/framework/src/Illuminate/Auth/Middleware/Authenticate.php(55): Illuminate\\Auth\\Middleware\\Authenticate->authenticate()
#17 /home/ouknik/Desktop/brahim_projects/j/j v2/jeunesscar/framework/vendor/laravel/framework/src/Illuminate/Pipeline/Pipeline.php(183): Illuminate\\Auth\\Middleware\\Authenticate->handle()
#18 /home/ouknik/Desktop/brahim_projects/j/j v2/jeunesscar/framework/vendor/laravel/framework/src/Illuminate/Foundation/Http/Middleware/VerifyCsrfToken.php(78): Illuminate\\Pipeline\\Pipeline->Illuminate\\Pipeline\\{closure}()
#19 /home/ouknik/Desktop/brahim_projects/j/j v2/jeunesscar/framework/vendor/laravel/framework/src/Illuminate/Pipeline/Pipeline.php(183): Illuminate\\Foundation\\Http\\Middleware\\VerifyCsrfToken->handle()
#20 /home/ouknik/Desktop/brahim_projects/j/j v2/jeunesscar/framework/vendor/laravel/framework/src/Illuminate/View/Middleware/ShareErrorsFromSession.php(49): Illuminate\\Pipeline\\Pipeline->Illuminate\\Pipeline\\{closure}()
#21 /home/ouknik/Desktop/brahim_projects/j/j v2/jeunesscar/framework/vendor/laravel/framework/src/Illuminate/Pipeline/Pipeline.php(183): Illuminate\\View\\Middleware\\ShareErrorsFromSession->handle()
#22 /home/ouknik/Desktop/brahim_projects/j/j v2/jeunesscar/framework/vendor/laravel/framework/src/Illuminate/Session/Middleware/StartSession.php(121): Illuminate\\Pipeline\\Pipeline->Illuminate\\Pipeline\\{closure}()
#23 /home/ouknik/Desktop/brahim_projects/j/j v2/jeunesscar/framework/vendor/laravel/framework/src/Illuminate/Session/Middleware/StartSession.php(64): Illuminate\\Session\\Middleware\\StartSession->handleStatefulRequest()
#24 /home/ouknik/Desktop/brahim_projects/j/j v2/jeunesscar/framework/vendor/laravel/framework/src/Illuminate/Pipeline/Pipeline.php(183): Illuminate\\Session\\Middleware\\StartSession->handle()
#25 /home/ouknik/Desktop/brahim_projects/j/j v2/jeunesscar/framework/vendor/laravel/framework/src/Illuminate/Cookie/Middleware/AddQueuedCookiesToResponse.php(37): Illuminate\\Pipeline\\Pipeline->Illuminate\\Pipeline\\{closure}()
#26 /home/ouknik/Desktop/brahim_projects/j/j v2/jeunesscar/framework/vendor/laravel/framework/src/Illuminate/Pipeline/Pipeline.php(183): Illuminate\\Cookie\\Middleware\\AddQueuedCookiesToResponse->handle()
#27 /home/ouknik/Desktop/brahim_projects/j/j v2/jeunesscar/framework/vendor/laravel/framework/src/Illuminate/Cookie/Middleware/EncryptCookies.php(67): Illuminate\\Pipeline\\Pipeline->Illuminate\\Pipeline\\{closure}()
#28 /home/ouknik/Desktop/brahim_projects/j/j v2/jeunesscar/framework/vendor/laravel/framework/src/Illuminate/Pipeline/Pipeline.php(183): Illuminate\\Cookie\\Middleware\\EncryptCookies->handle()
#29 /home/ouknik/Desktop/brahim_projects/j/j v2/jeunesscar/framework/vendor/laravel/framework/src/Illuminate/Pipeline/Pipeline.php(119): Illuminate\\Pipeline\\Pipeline->Illuminate\\Pipeline\\{closure}()
#30 /home/ouknik/Desktop/brahim_projects/j/j v2/jeunesscar/framework/vendor/laravel/framework/src/Illuminate/Routing/Router.php(805): Illuminate\\Pipeline\\Pipeline->then()
#31 /home/ouknik/Desktop/brahim_projects/j/j v2/jeunesscar/framework/vendor/laravel/framework/src/Illuminate/Routing/Router.php(784): Illuminate\\Routing\\Router->runRouteWithinStack()
#32 /home/ouknik/Desktop/brahim_projects/j/j v2/jeunesscar/framework/vendor/laravel/framework/src/Illuminate/Routing/Router.php(748): Illuminate\\Routing\\Router->runRoute()
#33 /home/ouknik/Desktop/brahim_projects/j/j v2/jeunesscar/framework/vendor/laravel/framework/src/Illuminate/Routing/Router.php(737): Illuminate\\Routing\\Router->dispatchToRoute()
#34 /home/ouknik/Desktop/brahim_projects/j/j v2/jeunesscar/framework/vendor/laravel/framework/src/Illuminate/Foundation/Http/Kernel.php(200): Illuminate\\Routing\\Router->dispatch()
#35 /home/ouknik/Desktop/brahim_projects/j/j v2/jeunesscar/framework/vendor/laravel/framework/src/Illuminate/Pipeline/Pipeline.php(144): Illuminate\\Foundation\\Http\\Kernel->Illuminate\\Foundation\\Http\\{closure}()
#36 /home/ouknik/Desktop/brahim_projects/j/j v2/jeunesscar/framework/vendor/laravel/framework/src/Illuminate/Foundation/Http/Middleware/TransformsRequest.php(21): Illuminate\\Pipeline\\Pipeline->Illuminate\\Pipeline\\{closure}()
#37 /home/ouknik/Desktop/brahim_projects/j/j v2/jeunesscar/framework/vendor/laravel/framework/src/Illuminate/Foundation/Http/Middleware/ConvertEmptyStringsToNull.php(31): Illuminate\\Foundation\\Http\\Middleware\\TransformsRequest->handle()
#38 /home/ouknik/Desktop/brahim_projects/j/j v2/jeunesscar/framework/vendor/laravel/framework/src/Illuminate/Pipeline/Pipeline.php(183): Illuminate\\Foundation\\Http\\Middleware\\ConvertEmptyStringsToNull->handle()
#39 /home/ouknik/Desktop/brahim_projects/j/j v2/jeunesscar/framework/vendor/laravel/framework/src/Illuminate/Foundation/Http/Middleware/TransformsRequest.php(21): Illuminate\\Pipeline\\Pipeline->Illuminate\\Pipeline\\{closure}()
#40 /home/ouknik/Desktop/brahim_projects/j/j v2/jeunesscar/framework/vendor/laravel/framework/src/Illuminate/Foundation/Http/Middleware/TrimStrings.php(40): Illuminate\\Foundation\\Http\\Middleware\\TransformsRequest->handle()
#41 /home/ouknik/Desktop/brahim_projects/j/j v2/jeunesscar/framework/vendor/laravel/framework/src/Illuminate/Pipeline/Pipeline.php(183): Illuminate\\Foundation\\Http\\Middleware\\TrimStrings->handle()
#42 /home/ouknik/Desktop/brahim_projects/j/j v2/jeunesscar/framework/vendor/laravel/framework/src/Illuminate/Foundation/Http/Middleware/ValidatePostSize.php(27): Illuminate\\Pipeline\\Pipeline->Illuminate\\Pipeline\\{closure}()
#43 /home/ouknik/Desktop/brahim_projects/j/j v2/jeunesscar/framework/vendor/laravel/framework/src/Illuminate/Pipeline/Pipeline.php(183): Illuminate\\Foundation\\Http\\Middleware\\ValidatePostSize->handle()
#44 /home/ouknik/Desktop/brahim_projects/j/j v2/jeunesscar/framework/vendor/laravel/framework/src/Illuminate/Foundation/Http/Middleware/PreventRequestsDuringMaintenance.php(99): Illuminate\\Pipeline\\Pipeline->Illuminate\\Pipeline\\{closure}()
#45 /home/ouknik/Desktop/brahim_projects/j/j v2/jeunesscar/framework/vendor/laravel/framework/src/Illuminate/Pipeline/Pipeline.php(183): Illuminate\\Foundation\\Http\\Middleware\\PreventRequestsDuringMaintenance->handle()
#46 /home/ouknik/Desktop/brahim_projects/j/j v2/jeunesscar/framework/vendor/laravel/framework/src/Illuminate/Pipeline/Pipeline.php(119): Illuminate\\Pipeline\\Pipeline->Illuminate\\Pipeline\\{closure}()
#47 /home/ouknik/Desktop/brahim_projects/j/j v2/jeunesscar/framework/vendor/laravel/framework/src/Illuminate/Foundation/Http/Kernel.php(175): Illuminate\\Pipeline\\Pipeline->then()
#48 /home/ouknik/Desktop/brahim_projects/j/j v2/jeunesscar/framework/vendor/laravel/framework/src/Illuminate/Foundation/Http/Kernel.php(144): Illuminate\\Foundation\\Http\\Kernel->sendRequestThroughRouter()
#49 /home/ouknik/Desktop/brahim_projects/j/j v2/jeunesscar/index.php(13): Illuminate\\Foundation\\Http\\Kernel->handle()
#50 {main}

[previous exception] [object] (PDOException(code: 2002): SQLSTATE[HY000] [2002] Connection refused at /home/ouknik/Desktop/brahim_projects/j/j v2/jeunesscar/framework/vendor/laravel/framework/src/Illuminate/Database/Connectors/Connector.php:65)
[stacktrace]
#0 /home/ouknik/Desktop/brahim_projects/j/j v2/jeunesscar/framework/vendor/laravel/framework/src/Illuminate/Database/Connectors/Connector.php(65): PDO->__construct()
#1 /home/ouknik/Desktop/brahim_projects/j/j v2/jeunesscar/framework/vendor/laravel/framework/src/Illuminate/Database/Connectors/Connector.php(83): Illuminate\\Database\\Connectors\\Connector->createPdoConnection()
#2 /home/ouknik/Desktop/brahim_projects/j/j v2/jeunesscar/framework/vendor/laravel/framework/src/Illuminate/Database/Connectors/Connector.php(48): Illuminate\\Database\\Connectors\\Connector->tryAgainIfCausedByLostConnection()
#3 /home/ouknik/Desktop/brahim_projects/j/j v2/jeunesscar/framework/vendor/laravel/framework/src/Illuminate/Database/Connectors/MySqlConnector.php(24): Illuminate\\Database\\Connectors\\Connector->createConnection()
#4 /home/ouknik/Desktop/brahim_projects/j/j v2/jeunesscar/framework/vendor/laravel/framework/src/Illuminate/Database/Connectors/ConnectionFactory.php(184): Illuminate\\Database\\Connectors\\MySqlConnector->connect()
#5 [internal function]: Illuminate\\Database\\Connectors\\ConnectionFactory->Illuminate\\Database\\Connectors\\{closure}()
#6 /home/ouknik/Desktop/brahim_projects/j/j v2/jeunesscar/framework/vendor/laravel/framework/src/Illuminate/Database/Connection.php(1339): call_user_func()
#7 /home/ouknik/Desktop/brahim_projects/j/j v2/jeunesscar/framework/vendor/laravel/framework/src/Illuminate/Database/Connection.php(1375): Illuminate\\Database\\Connection->getPdo()
#8 /home/ouknik/Desktop/brahim_projects/j/j v2/jeunesscar/framework/vendor/laravel/framework/src/Illuminate/Database/Connection.php(528): Illuminate\\Database\\Connection->getReadPdo()
#9 /home/ouknik/Desktop/brahim_projects/j/j v2/jeunesscar/framework/vendor/laravel/framework/src/Illuminate/Database/Connection.php(423): Illuminate\\Database\\Connection->getPdoForSelect()
#10 /home/ouknik/Desktop/brahim_projects/j/j v2/jeunesscar/framework/vendor/laravel/framework/src/Illuminate/Database/Connection.php(816): Illuminate\\Database\\Connection->Illuminate\\Database\\{closure}()
#11 /home/ouknik/Desktop/brahim_projects/j/j v2/jeunesscar/framework/vendor/laravel/framework/src/Illuminate/Database/Connection.php(983): Illuminate\\Database\\Connection->runQueryCallback()
#12 /home/ouknik/Desktop/brahim_projects/j/j v2/jeunesscar/framework/vendor/laravel/framework/src/Illuminate/Database/Connection.php(962): Illuminate\\Database\\Connection->tryAgainIfCausedByLostConnection()
#13 /home/ouknik/Desktop/brahim_projects/j/j v2/jeunesscar/framework/vendor/laravel/framework/src/Illuminate/Database/Connection.php(785): Illuminate\\Database\\Connection->handleQueryException()
#14 /home/ouknik/Desktop/brahim_projects/j/j v2/jeunesscar/framework/vendor/laravel/framework/src/Illuminate/Database/Connection.php(414): Illuminate\\Database\\Connection->run()
#15 /home/ouknik/Desktop/brahim_projects/j/j v2/jeunesscar/framework/vendor/laravel/framework/src/Illuminate/Database/Query/Builder.php(2913): Illuminate\\Database\\Connection->select()
#16 /home/ouknik/Desktop/brahim_projects/j/j v2/jeunesscar/framework/vendor/laravel/framework/src/Illuminate/Database/Query/Builder.php(2902): Illuminate\\Database\\Query\\Builder->runSelect()
#17 /home/ouknik/Desktop/brahim_projects/j/j v2/jeunesscar/framework/vendor/laravel/framework/src/Illuminate/Database/Query/Builder.php(3456): Illuminate\\Database\\Query\\Builder->Illuminate\\Database\\Query\\{closure}()
#18 /home/ouknik/Desktop/brahim_projects/j/j v2/jeunesscar/framework/vendor/laravel/framework/src/Illuminate/Database/Query/Builder.php(2901): Illuminate\\Database\\Query\\Builder->onceWithColumns()
#19 /home/ouknik/Desktop/brahim_projects/j/j v2/jeunesscar/framework/vendor/laravel/framework/src/Illuminate/Database/Eloquent/Builder.php(739): Illuminate\\Database\\Query\\Builder->get()
#20 /home/ouknik/Desktop/brahim_projects/j/j v2/jeunesscar/framework/vendor/laravel/framework/src/Illuminate/Database/Eloquent/Builder.php(723): Illuminate\\Database\\Eloquent\\Builder->getModels()
#21 /home/ouknik/Desktop/brahim_projects/j/j v2/jeunesscar/framework/vendor/laravel/framework/src/Illuminate/Database/Concerns/BuildsQueries.php(333): Illuminate\\Database\\Eloquent\\Builder->get()
#22 /home/ouknik/Desktop/brahim_projects/j/j v2/jeunesscar/framework/vendor/laravel/framework/src/Illuminate/Auth/EloquentUserProvider.php(75): Illuminate\\Database\\Eloquent\\Builder->first()
#23 /home/ouknik/Desktop/brahim_projects/j/j v2/jeunesscar/framework/vendor/laravel/framework/src/Illuminate/Auth/SessionGuard.php(196): Illuminate\\Auth\\EloquentUserProvider->retrieveByToken()
#24 /home/ouknik/Desktop/brahim_projects/j/j v2/jeunesscar/framework/vendor/laravel/framework/src/Illuminate/Auth/SessionGuard.php(167): Illuminate\\Auth\\SessionGuard->userFromRecaller()
#25 /home/ouknik/Desktop/brahim_projects/j/j v2/jeunesscar/framework/vendor/laravel/framework/src/Illuminate/Auth/GuardHelpers.php(56): Illuminate\\Auth\\SessionGuard->user()
#26 /home/ouknik/Desktop/brahim_projects/j/j v2/jeunesscar/framework/vendor/laravel/framework/src/Illuminate/Auth/Middleware/Authenticate.php(76): Illuminate\\Auth\\SessionGuard->check()
#27 /home/ouknik/Desktop/brahim_projects/j/j v2/jeunesscar/framework/vendor/laravel/framework/src/Illuminate/Auth/Middleware/Authenticate.php(55): Illuminate\\Auth\\Middleware\\Authenticate->authenticate()
#28 /home/ouknik/Desktop/brahim_projects/j/j v2/jeunesscar/framework/vendor/laravel/framework/src/Illuminate/Pipeline/Pipeline.php(183): Illuminate\\Auth\\Middleware\\Authenticate->handle()
#29 /home/ouknik/Desktop/brahim_projects/j/j v2/jeunesscar/framework/vendor/laravel/framework/src/Illuminate/Foundation/Http/Middleware/VerifyCsrfToken.php(78): Illuminate\\Pipeline\\Pipeline->Illuminate\\Pipeline\\{closure}()
#30 /home/ouknik/Desktop/brahim_projects/j/j v2/jeunesscar/framework/vendor/laravel/framework/src/Illuminate/Pipeline/Pipeline.php(183): Illuminate\\Foundation\\Http\\Middleware\\VerifyCsrfToken->handle()
#31 /home/ouknik/Desktop/brahim_projects/j/j v2/jeunesscar/framework/vendor/laravel/framework/src/Illuminate/View/Middleware/ShareErrorsFromSession.php(49): Illuminate\\Pipeline\\Pipeline->Illuminate\\Pipeline\\{closure}()
#32 /home/ouknik/Desktop/brahim_projects/j/j v2/jeunesscar/framework/vendor/laravel/framework/src/Illuminate/Pipeline/Pipeline.php(183): Illuminate\\View\\Middleware\\ShareErrorsFromSession->handle()
#33 /home/ouknik/Desktop/brahim_projects/j/j v2/jeunesscar/framework/vendor/laravel/framework/src/Illuminate/Session/Middleware/StartSession.php(121): Illuminate\\Pipeline\\Pipeline->Illuminate\\Pipeline\\{closure}()
#34 /home/ouknik/Desktop/brahim_projects/j/j v2/jeunesscar/framework/vendor/laravel/framework/src/Illuminate/Session/Middleware/StartSession.php(64): Illuminate\\Session\\Middleware\\StartSession->handleStatefulRequest()
#35 /home/ouknik/Desktop/brahim_projects/j/j v2/jeunesscar/framework/vendor/laravel/framework/src/Illuminate/Pipeline/Pipeline.php(183): Illuminate\\Session\\Middleware\\StartSession->handle()
#36 /home/ouknik/Desktop/brahim_projects/j/j v2/jeunesscar/framework/vendor/laravel/framework/src/Illuminate/Cookie/Middleware/AddQueuedCookiesToResponse.php(37): Illuminate\\Pipeline\\Pipeline->Illuminate\\Pipeline\\{closure}()
#37 /home/ouknik/Desktop/brahim_projects/j/j v2/jeunesscar/framework/vendor/laravel/framework/src/Illuminate/Pipeline/Pipeline.php(183): Illuminate\\Cookie\\Middleware\\AddQueuedCookiesToResponse->handle()
#38 /home/ouknik/Desktop/brahim_projects/j/j v2/jeunesscar/framework/vendor/laravel/framework/src/Illuminate/Cookie/Middleware/EncryptCookies.php(67): Illuminate\\Pipeline\\Pipeline->Illuminate\\Pipeline\\{closure}()
#39 /home/ouknik/Desktop/brahim_projects/j/j v2/jeunesscar/framework/vendor/laravel/framework/src/Illuminate/Pipeline/Pipeline.php(183): Illuminate\\Cookie\\Middleware\\EncryptCookies->handle()
#40 /home/ouknik/Desktop/brahim_projects/j/j v2/jeunesscar/framework/vendor/laravel/framework/src/Illuminate/Pipeline/Pipeline.php(119): Illuminate\\Pipeline\\Pipeline->Illuminate\\Pipeline\\{closure}()
#41 /home/ouknik/Desktop/brahim_projects/j/j v2/jeunesscar/framework/vendor/laravel/framework/src/Illuminate/Routing/Router.php(805): Illuminate\\Pipeline\\Pipeline->then()
#42 /home/ouknik/Desktop/brahim_projects/j/j v2/jeunesscar/framework/vendor/laravel/framework/src/Illuminate/Routing/Router.php(784): Illuminate\\Routing\\Router->runRouteWithinStack()
#43 /home/ouknik/Desktop/brahim_projects/j/j v2/jeunesscar/framework/vendor/laravel/framework/src/Illuminate/Routing/Router.php(748): Illuminate\\Routing\\Router->runRoute()
#44 /home/ouknik/Desktop/brahim_projects/j/j v2/jeunesscar/framework/vendor/laravel/framework/src/Illuminate/Routing/Router.php(737): Illuminate\\Routing\\Router->dispatchToRoute()
#45 /home/ouknik/Desktop/brahim_projects/j/j v2/jeunesscar/framework/vendor/laravel/framework/src/Illuminate/Foundation/Http/Kernel.php(200): Illuminate\\Routing\\Router->dispatch()
#46 /home/ouknik/Desktop/brahim_projects/j/j v2/jeunesscar/framework/vendor/laravel/framework/src/Illuminate/Pipeline/Pipeline.php(144): Illuminate\\Foundation\\Http\\Kernel->Illuminate\\Foundation\\Http\\{closure}()
#47 /home/ouknik/Desktop/brahim_projects/j/j v2/jeunesscar/framework/vendor/laravel/framework/src/Illuminate/Foundation/Http/Middleware/TransformsRequest.php(21): Illuminate\\Pipeline\\Pipeline->Illuminate\\Pipeline\\{closure}()
#48 /home/ouknik/Desktop/brahim_projects/j/j v2/jeunesscar/framework/vendor/laravel/framework/src/Illuminate/Foundation/Http/Middleware/ConvertEmptyStringsToNull.php(31): Illuminate\\Foundation\\Http\\Middleware\\TransformsRequest->handle()
#49 /home/ouknik/Desktop/brahim_projects/j/j v2/jeunesscar/framework/vendor/laravel/framework/src/Illuminate/Pipeline/Pipeline.php(183): Illuminate\\Foundation\\Http\\Middleware\\ConvertEmptyStringsToNull->handle()
#50 /home/ouknik/Desktop/brahim_projects/j/j v2/jeunesscar/framework/vendor/laravel/framework/src/Illuminate/Foundation/Http/Middleware/TransformsRequest.php(21): Illuminate\\Pipeline\\Pipeline->Illuminate\\Pipeline\\{closure}()
#51 /home/ouknik/Desktop/brahim_projects/j/j v2/jeunesscar/framework/vendor/laravel/framework/src/Illuminate/Foundation/Http/Middleware/TrimStrings.php(40): Illuminate\\Foundation\\Http\\Middleware\\TransformsRequest->handle()
#52 /home/ouknik/Desktop/brahim_projects/j/j v2/jeunesscar/framework/vendor/laravel/framework/src/Illuminate/Pipeline/Pipeline.php(183): Illuminate\\Foundation\\Http\\Middleware\\TrimStrings->handle()
#53 /home/ouknik/Desktop/brahim_projects/j/j v2/jeunesscar/framework/vendor/laravel/framework/src/Illuminate/Foundation/Http/Middleware/ValidatePostSize.php(27): Illuminate\\Pipeline\\Pipeline->Illuminate\\Pipeline\\{closure}()
#54 /home/ouknik/Desktop/brahim_projects/j/j v2/jeunesscar/framework/vendor/laravel/framework/src/Illuminate/Pipeline/Pipeline.php(183): Illuminate\\Foundation\\Http\\Middleware\\ValidatePostSize->handle()
#55 /home/ouknik/Desktop/brahim_projects/j/j v2/jeunesscar/framework/vendor/laravel/framework/src/Illuminate/Foundation/Http/Middleware/PreventRequestsDuringMaintenance.php(99): Illuminate\\Pipeline\\Pipeline->Illuminate\\Pipeline\\{closure}()
#56 /home/ouknik/Desktop/brahim_projects/j/j v2/jeunesscar/framework/vendor/laravel/framework/src/Illuminate/Pipeline/Pipeline.php(183): Illuminate\\Foundation\\Http\\Middleware\\PreventRequestsDuringMaintenance->handle()
#57 /home/ouknik/Desktop/brahim_projects/j/j v2/jeunesscar/framework/vendor/laravel/framework/src/Illuminate/Pipeline/Pipeline.php(119): Illuminate\\Pipeline\\Pipeline->Illuminate\\Pipeline\\{closure}()
#58 /home/ouknik/Desktop/brahim_projects/j/j v2/jeunesscar/framework/vendor/laravel/framework/src/Illuminate/Foundation/Http/Kernel.php(175): Illuminate\\Pipeline\\Pipeline->then()
#59 /home/ouknik/Desktop/brahim_projects/j/j v2/jeunesscar/framework/vendor/laravel/framework/src/Illuminate/Foundation/Http/Kernel.php(144): Illuminate\\Foundation\\Http\\Kernel->sendRequestThroughRouter()
#60 /home/ouknik/Desktop/brahim_projects/j/j v2/jeunesscar/index.php(13): Illuminate\\Foundation\\Http\\Kernel->handle()
#61 {main}
"} 
[2025-05-25 10:48:55] local.ERROR: SQLSTATE[HY000] [2002] Connection refused (Connection: mysql, SQL: select * from `users` where `id` = 1 and `users`.`deleted_at` is null limit 1) {"exception":"[object] (Illuminate\\Database\\QueryException(code: 2002): SQLSTATE[HY000] [2002] Connection refused (Connection: mysql, SQL: select * from `users` where `id` = 1 and `users`.`deleted_at` is null limit 1) at /home/ouknik/Desktop/brahim_projects/j/j v2/jeunesscar/framework/vendor/laravel/framework/src/Illuminate/Database/Connection.php:829)
[stacktrace]
#0 /home/ouknik/Desktop/brahim_projects/j/j v2/jeunesscar/framework/vendor/laravel/framework/src/Illuminate/Database/Connection.php(983): Illuminate\\Database\\Connection->runQueryCallback()
#1 /home/ouknik/Desktop/brahim_projects/j/j v2/jeunesscar/framework/vendor/laravel/framework/src/Illuminate/Database/Connection.php(962): Illuminate\\Database\\Connection->tryAgainIfCausedByLostConnection()
#2 /home/ouknik/Desktop/brahim_projects/j/j v2/jeunesscar/framework/vendor/laravel/framework/src/Illuminate/Database/Connection.php(785): Illuminate\\Database\\Connection->handleQueryException()
#3 /home/ouknik/Desktop/brahim_projects/j/j v2/jeunesscar/framework/vendor/laravel/framework/src/Illuminate/Database/Connection.php(414): Illuminate\\Database\\Connection->run()
#4 /home/ouknik/Desktop/brahim_projects/j/j v2/jeunesscar/framework/vendor/laravel/framework/src/Illuminate/Database/Query/Builder.php(2913): Illuminate\\Database\\Connection->select()
#5 /home/ouknik/Desktop/brahim_projects/j/j v2/jeunesscar/framework/vendor/laravel/framework/src/Illuminate/Database/Query/Builder.php(2902): Illuminate\\Database\\Query\\Builder->runSelect()
#6 /home/ouknik/Desktop/brahim_projects/j/j v2/jeunesscar/framework/vendor/laravel/framework/src/Illuminate/Database/Query/Builder.php(3456): Illuminate\\Database\\Query\\Builder->Illuminate\\Database\\Query\\{closure}()
#7 /home/ouknik/Desktop/brahim_projects/j/j v2/jeunesscar/framework/vendor/laravel/framework/src/Illuminate/Database/Query/Builder.php(2901): Illuminate\\Database\\Query\\Builder->onceWithColumns()
#8 /home/ouknik/Desktop/brahim_projects/j/j v2/jeunesscar/framework/vendor/laravel/framework/src/Illuminate/Database/Eloquent/Builder.php(739): Illuminate\\Database\\Query\\Builder->get()
#9 /home/ouknik/Desktop/brahim_projects/j/j v2/jeunesscar/framework/vendor/laravel/framework/src/Illuminate/Database/Eloquent/Builder.php(723): Illuminate\\Database\\Eloquent\\Builder->getModels()
#10 /home/ouknik/Desktop/brahim_projects/j/j v2/jeunesscar/framework/vendor/laravel/framework/src/Illuminate/Database/Concerns/BuildsQueries.php(333): Illuminate\\Database\\Eloquent\\Builder->get()
#11 /home/ouknik/Desktop/brahim_projects/j/j v2/jeunesscar/framework/vendor/laravel/framework/src/Illuminate/Auth/EloquentUserProvider.php(75): Illuminate\\Database\\Eloquent\\Builder->first()
#12 /home/ouknik/Desktop/brahim_projects/j/j v2/jeunesscar/framework/vendor/laravel/framework/src/Illuminate/Auth/SessionGuard.php(196): Illuminate\\Auth\\EloquentUserProvider->retrieveByToken()
#13 /home/ouknik/Desktop/brahim_projects/j/j v2/jeunesscar/framework/vendor/laravel/framework/src/Illuminate/Auth/SessionGuard.php(167): Illuminate\\Auth\\SessionGuard->userFromRecaller()
#14 /home/ouknik/Desktop/brahim_projects/j/j v2/jeunesscar/framework/vendor/laravel/framework/src/Illuminate/Auth/GuardHelpers.php(56): Illuminate\\Auth\\SessionGuard->user()
#15 /home/ouknik/Desktop/brahim_projects/j/j v2/jeunesscar/framework/vendor/laravel/framework/src/Illuminate/Auth/Middleware/Authenticate.php(76): Illuminate\\Auth\\SessionGuard->check()
#16 /home/ouknik/Desktop/brahim_projects/j/j v2/jeunesscar/framework/vendor/laravel/framework/src/Illuminate/Auth/Middleware/Authenticate.php(55): Illuminate\\Auth\\Middleware\\Authenticate->authenticate()
#17 /home/ouknik/Desktop/brahim_projects/j/j v2/jeunesscar/framework/vendor/laravel/framework/src/Illuminate/Pipeline/Pipeline.php(183): Illuminate\\Auth\\Middleware\\Authenticate->handle()
#18 /home/ouknik/Desktop/brahim_projects/j/j v2/jeunesscar/framework/vendor/laravel/framework/src/Illuminate/Foundation/Http/Middleware/VerifyCsrfToken.php(78): Illuminate\\Pipeline\\Pipeline->Illuminate\\Pipeline\\{closure}()
#19 /home/ouknik/Desktop/brahim_projects/j/j v2/jeunesscar/framework/vendor/laravel/framework/src/Illuminate/Pipeline/Pipeline.php(183): Illuminate\\Foundation\\Http\\Middleware\\VerifyCsrfToken->handle()
#20 /home/ouknik/Desktop/brahim_projects/j/j v2/jeunesscar/framework/vendor/laravel/framework/src/Illuminate/View/Middleware/ShareErrorsFromSession.php(49): Illuminate\\Pipeline\\Pipeline->Illuminate\\Pipeline\\{closure}()
#21 /home/ouknik/Desktop/brahim_projects/j/j v2/jeunesscar/framework/vendor/laravel/framework/src/Illuminate/Pipeline/Pipeline.php(183): Illuminate\\View\\Middleware\\ShareErrorsFromSession->handle()
#22 /home/ouknik/Desktop/brahim_projects/j/j v2/jeunesscar/framework/vendor/laravel/framework/src/Illuminate/Session/Middleware/StartSession.php(121): Illuminate\\Pipeline\\Pipeline->Illuminate\\Pipeline\\{closure}()
#23 /home/ouknik/Desktop/brahim_projects/j/j v2/jeunesscar/framework/vendor/laravel/framework/src/Illuminate/Session/Middleware/StartSession.php(64): Illuminate\\Session\\Middleware\\StartSession->handleStatefulRequest()
#24 /home/ouknik/Desktop/brahim_projects/j/j v2/jeunesscar/framework/vendor/laravel/framework/src/Illuminate/Pipeline/Pipeline.php(183): Illuminate\\Session\\Middleware\\StartSession->handle()
#25 /home/ouknik/Desktop/brahim_projects/j/j v2/jeunesscar/framework/vendor/laravel/framework/src/Illuminate/Cookie/Middleware/AddQueuedCookiesToResponse.php(37): Illuminate\\Pipeline\\Pipeline->Illuminate\\Pipeline\\{closure}()
#26 /home/ouknik/Desktop/brahim_projects/j/j v2/jeunesscar/framework/vendor/laravel/framework/src/Illuminate/Pipeline/Pipeline.php(183): Illuminate\\Cookie\\Middleware\\AddQueuedCookiesToResponse->handle()
#27 /home/ouknik/Desktop/brahim_projects/j/j v2/jeunesscar/framework/vendor/laravel/framework/src/Illuminate/Cookie/Middleware/EncryptCookies.php(67): Illuminate\\Pipeline\\Pipeline->Illuminate\\Pipeline\\{closure}()
#28 /home/ouknik/Desktop/brahim_projects/j/j v2/jeunesscar/framework/vendor/laravel/framework/src/Illuminate/Pipeline/Pipeline.php(183): Illuminate\\Cookie\\Middleware\\EncryptCookies->handle()
#29 /home/ouknik/Desktop/brahim_projects/j/j v2/jeunesscar/framework/vendor/laravel/framework/src/Illuminate/Pipeline/Pipeline.php(119): Illuminate\\Pipeline\\Pipeline->Illuminate\\Pipeline\\{closure}()
#30 /home/ouknik/Desktop/brahim_projects/j/j v2/jeunesscar/framework/vendor/laravel/framework/src/Illuminate/Routing/Router.php(805): Illuminate\\Pipeline\\Pipeline->then()
#31 /home/ouknik/Desktop/brahim_projects/j/j v2/jeunesscar/framework/vendor/laravel/framework/src/Illuminate/Routing/Router.php(784): Illuminate\\Routing\\Router->runRouteWithinStack()
#32 /home/ouknik/Desktop/brahim_projects/j/j v2/jeunesscar/framework/vendor/laravel/framework/src/Illuminate/Routing/Router.php(748): Illuminate\\Routing\\Router->runRoute()
#33 /home/ouknik/Desktop/brahim_projects/j/j v2/jeunesscar/framework/vendor/laravel/framework/src/Illuminate/Routing/Router.php(737): Illuminate\\Routing\\Router->dispatchToRoute()
#34 /home/ouknik/Desktop/brahim_projects/j/j v2/jeunesscar/framework/vendor/laravel/framework/src/Illuminate/Foundation/Http/Kernel.php(200): Illuminate\\Routing\\Router->dispatch()
#35 /home/ouknik/Desktop/brahim_projects/j/j v2/jeunesscar/framework/vendor/laravel/framework/src/Illuminate/Pipeline/Pipeline.php(144): Illuminate\\Foundation\\Http\\Kernel->Illuminate\\Foundation\\Http\\{closure}()
#36 /home/ouknik/Desktop/brahim_projects/j/j v2/jeunesscar/framework/vendor/laravel/framework/src/Illuminate/Foundation/Http/Middleware/TransformsRequest.php(21): Illuminate\\Pipeline\\Pipeline->Illuminate\\Pipeline\\{closure}()
#37 /home/ouknik/Desktop/brahim_projects/j/j v2/jeunesscar/framework/vendor/laravel/framework/src/Illuminate/Foundation/Http/Middleware/ConvertEmptyStringsToNull.php(31): Illuminate\\Foundation\\Http\\Middleware\\TransformsRequest->handle()
#38 /home/ouknik/Desktop/brahim_projects/j/j v2/jeunesscar/framework/vendor/laravel/framework/src/Illuminate/Pipeline/Pipeline.php(183): Illuminate\\Foundation\\Http\\Middleware\\ConvertEmptyStringsToNull->handle()
#39 /home/ouknik/Desktop/brahim_projects/j/j v2/jeunesscar/framework/vendor/laravel/framework/src/Illuminate/Foundation/Http/Middleware/TransformsRequest.php(21): Illuminate\\Pipeline\\Pipeline->Illuminate\\Pipeline\\{closure}()
#40 /home/ouknik/Desktop/brahim_projects/j/j v2/jeunesscar/framework/vendor/laravel/framework/src/Illuminate/Foundation/Http/Middleware/TrimStrings.php(40): Illuminate\\Foundation\\Http\\Middleware\\TransformsRequest->handle()
#41 /home/ouknik/Desktop/brahim_projects/j/j v2/jeunesscar/framework/vendor/laravel/framework/src/Illuminate/Pipeline/Pipeline.php(183): Illuminate\\Foundation\\Http\\Middleware\\TrimStrings->handle()
#42 /home/ouknik/Desktop/brahim_projects/j/j v2/jeunesscar/framework/vendor/laravel/framework/src/Illuminate/Foundation/Http/Middleware/ValidatePostSize.php(27): Illuminate\\Pipeline\\Pipeline->Illuminate\\Pipeline\\{closure}()
#43 /home/ouknik/Desktop/brahim_projects/j/j v2/jeunesscar/framework/vendor/laravel/framework/src/Illuminate/Pipeline/Pipeline.php(183): Illuminate\\Foundation\\Http\\Middleware\\ValidatePostSize->handle()
#44 /home/ouknik/Desktop/brahim_projects/j/j v2/jeunesscar/framework/vendor/laravel/framework/src/Illuminate/Foundation/Http/Middleware/PreventRequestsDuringMaintenance.php(99): Illuminate\\Pipeline\\Pipeline->Illuminate\\Pipeline\\{closure}()
#45 /home/ouknik/Desktop/brahim_projects/j/j v2/jeunesscar/framework/vendor/laravel/framework/src/Illuminate/Pipeline/Pipeline.php(183): Illuminate\\Foundation\\Http\\Middleware\\PreventRequestsDuringMaintenance->handle()
#46 /home/ouknik/Desktop/brahim_projects/j/j v2/jeunesscar/framework/vendor/laravel/framework/src/Illuminate/Pipeline/Pipeline.php(119): Illuminate\\Pipeline\\Pipeline->Illuminate\\Pipeline\\{closure}()
#47 /home/ouknik/Desktop/brahim_projects/j/j v2/jeunesscar/framework/vendor/laravel/framework/src/Illuminate/Foundation/Http/Kernel.php(175): Illuminate\\Pipeline\\Pipeline->then()
#48 /home/ouknik/Desktop/brahim_projects/j/j v2/jeunesscar/framework/vendor/laravel/framework/src/Illuminate/Foundation/Http/Kernel.php(144): Illuminate\\Foundation\\Http\\Kernel->sendRequestThroughRouter()
#49 /home/ouknik/Desktop/brahim_projects/j/j v2/jeunesscar/index.php(13): Illuminate\\Foundation\\Http\\Kernel->handle()
#50 {main}

[previous exception] [object] (PDOException(code: 2002): SQLSTATE[HY000] [2002] Connection refused at /home/ouknik/Desktop/brahim_projects/j/j v2/jeunesscar/framework/vendor/laravel/framework/src/Illuminate/Database/Connectors/Connector.php:65)
[stacktrace]
#0 /home/ouknik/Desktop/brahim_projects/j/j v2/jeunesscar/framework/vendor/laravel/framework/src/Illuminate/Database/Connectors/Connector.php(65): PDO->__construct()
#1 /home/ouknik/Desktop/brahim_projects/j/j v2/jeunesscar/framework/vendor/laravel/framework/src/Illuminate/Database/Connectors/Connector.php(83): Illuminate\\Database\\Connectors\\Connector->createPdoConnection()
#2 /home/ouknik/Desktop/brahim_projects/j/j v2/jeunesscar/framework/vendor/laravel/framework/src/Illuminate/Database/Connectors/Connector.php(48): Illuminate\\Database\\Connectors\\Connector->tryAgainIfCausedByLostConnection()
#3 /home/ouknik/Desktop/brahim_projects/j/j v2/jeunesscar/framework/vendor/laravel/framework/src/Illuminate/Database/Connectors/MySqlConnector.php(24): Illuminate\\Database\\Connectors\\Connector->createConnection()
#4 /home/ouknik/Desktop/brahim_projects/j/j v2/jeunesscar/framework/vendor/laravel/framework/src/Illuminate/Database/Connectors/ConnectionFactory.php(184): Illuminate\\Database\\Connectors\\MySqlConnector->connect()
#5 [internal function]: Illuminate\\Database\\Connectors\\ConnectionFactory->Illuminate\\Database\\Connectors\\{closure}()
#6 /home/ouknik/Desktop/brahim_projects/j/j v2/jeunesscar/framework/vendor/laravel/framework/src/Illuminate/Database/Connection.php(1339): call_user_func()
#7 /home/ouknik/Desktop/brahim_projects/j/j v2/jeunesscar/framework/vendor/laravel/framework/src/Illuminate/Database/Connection.php(1375): Illuminate\\Database\\Connection->getPdo()
#8 /home/ouknik/Desktop/brahim_projects/j/j v2/jeunesscar/framework/vendor/laravel/framework/src/Illuminate/Database/Connection.php(528): Illuminate\\Database\\Connection->getReadPdo()
#9 /home/ouknik/Desktop/brahim_projects/j/j v2/jeunesscar/framework/vendor/laravel/framework/src/Illuminate/Database/Connection.php(423): Illuminate\\Database\\Connection->getPdoForSelect()
#10 /home/ouknik/Desktop/brahim_projects/j/j v2/jeunesscar/framework/vendor/laravel/framework/src/Illuminate/Database/Connection.php(816): Illuminate\\Database\\Connection->Illuminate\\Database\\{closure}()
#11 /home/ouknik/Desktop/brahim_projects/j/j v2/jeunesscar/framework/vendor/laravel/framework/src/Illuminate/Database/Connection.php(983): Illuminate\\Database\\Connection->runQueryCallback()
#12 /home/ouknik/Desktop/brahim_projects/j/j v2/jeunesscar/framework/vendor/laravel/framework/src/Illuminate/Database/Connection.php(962): Illuminate\\Database\\Connection->tryAgainIfCausedByLostConnection()
#13 /home/ouknik/Desktop/brahim_projects/j/j v2/jeunesscar/framework/vendor/laravel/framework/src/Illuminate/Database/Connection.php(785): Illuminate\\Database\\Connection->handleQueryException()
#14 /home/ouknik/Desktop/brahim_projects/j/j v2/jeunesscar/framework/vendor/laravel/framework/src/Illuminate/Database/Connection.php(414): Illuminate\\Database\\Connection->run()
#15 /home/ouknik/Desktop/brahim_projects/j/j v2/jeunesscar/framework/vendor/laravel/framework/src/Illuminate/Database/Query/Builder.php(2913): Illuminate\\Database\\Connection->select()
#16 /home/ouknik/Desktop/brahim_projects/j/j v2/jeunesscar/framework/vendor/laravel/framework/src/Illuminate/Database/Query/Builder.php(2902): Illuminate\\Database\\Query\\Builder->runSelect()
#17 /home/ouknik/Desktop/brahim_projects/j/j v2/jeunesscar/framework/vendor/laravel/framework/src/Illuminate/Database/Query/Builder.php(3456): Illuminate\\Database\\Query\\Builder->Illuminate\\Database\\Query\\{closure}()
#18 /home/ouknik/Desktop/brahim_projects/j/j v2/jeunesscar/framework/vendor/laravel/framework/src/Illuminate/Database/Query/Builder.php(2901): Illuminate\\Database\\Query\\Builder->onceWithColumns()
#19 /home/ouknik/Desktop/brahim_projects/j/j v2/jeunesscar/framework/vendor/laravel/framework/src/Illuminate/Database/Eloquent/Builder.php(739): Illuminate\\Database\\Query\\Builder->get()
#20 /home/ouknik/Desktop/brahim_projects/j/j v2/jeunesscar/framework/vendor/laravel/framework/src/Illuminate/Database/Eloquent/Builder.php(723): Illuminate\\Database\\Eloquent\\Builder->getModels()
#21 /home/ouknik/Desktop/brahim_projects/j/j v2/jeunesscar/framework/vendor/laravel/framework/src/Illuminate/Database/Concerns/BuildsQueries.php(333): Illuminate\\Database\\Eloquent\\Builder->get()
#22 /home/ouknik/Desktop/brahim_projects/j/j v2/jeunesscar/framework/vendor/laravel/framework/src/Illuminate/Auth/EloquentUserProvider.php(75): Illuminate\\Database\\Eloquent\\Builder->first()
#23 /home/ouknik/Desktop/brahim_projects/j/j v2/jeunesscar/framework/vendor/laravel/framework/src/Illuminate/Auth/SessionGuard.php(196): Illuminate\\Auth\\EloquentUserProvider->retrieveByToken()
#24 /home/ouknik/Desktop/brahim_projects/j/j v2/jeunesscar/framework/vendor/laravel/framework/src/Illuminate/Auth/SessionGuard.php(167): Illuminate\\Auth\\SessionGuard->userFromRecaller()
#25 /home/ouknik/Desktop/brahim_projects/j/j v2/jeunesscar/framework/vendor/laravel/framework/src/Illuminate/Auth/GuardHelpers.php(56): Illuminate\\Auth\\SessionGuard->user()
#26 /home/ouknik/Desktop/brahim_projects/j/j v2/jeunesscar/framework/vendor/laravel/framework/src/Illuminate/Auth/Middleware/Authenticate.php(76): Illuminate\\Auth\\SessionGuard->check()
#27 /home/ouknik/Desktop/brahim_projects/j/j v2/jeunesscar/framework/vendor/laravel/framework/src/Illuminate/Auth/Middleware/Authenticate.php(55): Illuminate\\Auth\\Middleware\\Authenticate->authenticate()
#28 /home/ouknik/Desktop/brahim_projects/j/j v2/jeunesscar/framework/vendor/laravel/framework/src/Illuminate/Pipeline/Pipeline.php(183): Illuminate\\Auth\\Middleware\\Authenticate->handle()
#29 /home/ouknik/Desktop/brahim_projects/j/j v2/jeunesscar/framework/vendor/laravel/framework/src/Illuminate/Foundation/Http/Middleware/VerifyCsrfToken.php(78): Illuminate\\Pipeline\\Pipeline->Illuminate\\Pipeline\\{closure}()
#30 /home/ouknik/Desktop/brahim_projects/j/j v2/jeunesscar/framework/vendor/laravel/framework/src/Illuminate/Pipeline/Pipeline.php(183): Illuminate\\Foundation\\Http\\Middleware\\VerifyCsrfToken->handle()
#31 /home/ouknik/Desktop/brahim_projects/j/j v2/jeunesscar/framework/vendor/laravel/framework/src/Illuminate/View/Middleware/ShareErrorsFromSession.php(49): Illuminate\\Pipeline\\Pipeline->Illuminate\\Pipeline\\{closure}()
#32 /home/ouknik/Desktop/brahim_projects/j/j v2/jeunesscar/framework/vendor/laravel/framework/src/Illuminate/Pipeline/Pipeline.php(183): Illuminate\\View\\Middleware\\ShareErrorsFromSession->handle()
#33 /home/ouknik/Desktop/brahim_projects/j/j v2/jeunesscar/framework/vendor/laravel/framework/src/Illuminate/Session/Middleware/StartSession.php(121): Illuminate\\Pipeline\\Pipeline->Illuminate\\Pipeline\\{closure}()
#34 /home/ouknik/Desktop/brahim_projects/j/j v2/jeunesscar/framework/vendor/laravel/framework/src/Illuminate/Session/Middleware/StartSession.php(64): Illuminate\\Session\\Middleware\\StartSession->handleStatefulRequest()
#35 /home/ouknik/Desktop/brahim_projects/j/j v2/jeunesscar/framework/vendor/laravel/framework/src/Illuminate/Pipeline/Pipeline.php(183): Illuminate\\Session\\Middleware\\StartSession->handle()
#36 /home/ouknik/Desktop/brahim_projects/j/j v2/jeunesscar/framework/vendor/laravel/framework/src/Illuminate/Cookie/Middleware/AddQueuedCookiesToResponse.php(37): Illuminate\\Pipeline\\Pipeline->Illuminate\\Pipeline\\{closure}()
#37 /home/ouknik/Desktop/brahim_projects/j/j v2/jeunesscar/framework/vendor/laravel/framework/src/Illuminate/Pipeline/Pipeline.php(183): Illuminate\\Cookie\\Middleware\\AddQueuedCookiesToResponse->handle()
#38 /home/ouknik/Desktop/brahim_projects/j/j v2/jeunesscar/framework/vendor/laravel/framework/src/Illuminate/Cookie/Middleware/EncryptCookies.php(67): Illuminate\\Pipeline\\Pipeline->Illuminate\\Pipeline\\{closure}()
#39 /home/ouknik/Desktop/brahim_projects/j/j v2/jeunesscar/framework/vendor/laravel/framework/src/Illuminate/Pipeline/Pipeline.php(183): Illuminate\\Cookie\\Middleware\\EncryptCookies->handle()
#40 /home/ouknik/Desktop/brahim_projects/j/j v2/jeunesscar/framework/vendor/laravel/framework/src/Illuminate/Pipeline/Pipeline.php(119): Illuminate\\Pipeline\\Pipeline->Illuminate\\Pipeline\\{closure}()
#41 /home/ouknik/Desktop/brahim_projects/j/j v2/jeunesscar/framework/vendor/laravel/framework/src/Illuminate/Routing/Router.php(805): Illuminate\\Pipeline\\Pipeline->then()
#42 /home/ouknik/Desktop/brahim_projects/j/j v2/jeunesscar/framework/vendor/laravel/framework/src/Illuminate/Routing/Router.php(784): Illuminate\\Routing\\Router->runRouteWithinStack()
#43 /home/ouknik/Desktop/brahim_projects/j/j v2/jeunesscar/framework/vendor/laravel/framework/src/Illuminate/Routing/Router.php(748): Illuminate\\Routing\\Router->runRoute()
#44 /home/ouknik/Desktop/brahim_projects/j/j v2/jeunesscar/framework/vendor/laravel/framework/src/Illuminate/Routing/Router.php(737): Illuminate\\Routing\\Router->dispatchToRoute()
#45 /home/ouknik/Desktop/brahim_projects/j/j v2/jeunesscar/framework/vendor/laravel/framework/src/Illuminate/Foundation/Http/Kernel.php(200): Illuminate\\Routing\\Router->dispatch()
#46 /home/ouknik/Desktop/brahim_projects/j/j v2/jeunesscar/framework/vendor/laravel/framework/src/Illuminate/Pipeline/Pipeline.php(144): Illuminate\\Foundation\\Http\\Kernel->Illuminate\\Foundation\\Http\\{closure}()
#47 /home/ouknik/Desktop/brahim_projects/j/j v2/jeunesscar/framework/vendor/laravel/framework/src/Illuminate/Foundation/Http/Middleware/TransformsRequest.php(21): Illuminate\\Pipeline\\Pipeline->Illuminate\\Pipeline\\{closure}()
#48 /home/ouknik/Desktop/brahim_projects/j/j v2/jeunesscar/framework/vendor/laravel/framework/src/Illuminate/Foundation/Http/Middleware/ConvertEmptyStringsToNull.php(31): Illuminate\\Foundation\\Http\\Middleware\\TransformsRequest->handle()
#49 /home/ouknik/Desktop/brahim_projects/j/j v2/jeunesscar/framework/vendor/laravel/framework/src/Illuminate/Pipeline/Pipeline.php(183): Illuminate\\Foundation\\Http\\Middleware\\ConvertEmptyStringsToNull->handle()
#50 /home/ouknik/Desktop/brahim_projects/j/j v2/jeunesscar/framework/vendor/laravel/framework/src/Illuminate/Foundation/Http/Middleware/TransformsRequest.php(21): Illuminate\\Pipeline\\Pipeline->Illuminate\\Pipeline\\{closure}()
#51 /home/ouknik/Desktop/brahim_projects/j/j v2/jeunesscar/framework/vendor/laravel/framework/src/Illuminate/Foundation/Http/Middleware/TrimStrings.php(40): Illuminate\\Foundation\\Http\\Middleware\\TransformsRequest->handle()
#52 /home/ouknik/Desktop/brahim_projects/j/j v2/jeunesscar/framework/vendor/laravel/framework/src/Illuminate/Pipeline/Pipeline.php(183): Illuminate\\Foundation\\Http\\Middleware\\TrimStrings->handle()
#53 /home/ouknik/Desktop/brahim_projects/j/j v2/jeunesscar/framework/vendor/laravel/framework/src/Illuminate/Foundation/Http/Middleware/ValidatePostSize.php(27): Illuminate\\Pipeline\\Pipeline->Illuminate\\Pipeline\\{closure}()
#54 /home/ouknik/Desktop/brahim_projects/j/j v2/jeunesscar/framework/vendor/laravel/framework/src/Illuminate/Pipeline/Pipeline.php(183): Illuminate\\Foundation\\Http\\Middleware\\ValidatePostSize->handle()
#55 /home/ouknik/Desktop/brahim_projects/j/j v2/jeunesscar/framework/vendor/laravel/framework/src/Illuminate/Foundation/Http/Middleware/PreventRequestsDuringMaintenance.php(99): Illuminate\\Pipeline\\Pipeline->Illuminate\\Pipeline\\{closure}()
#56 /home/ouknik/Desktop/brahim_projects/j/j v2/jeunesscar/framework/vendor/laravel/framework/src/Illuminate/Pipeline/Pipeline.php(183): Illuminate\\Foundation\\Http\\Middleware\\PreventRequestsDuringMaintenance->handle()
#57 /home/ouknik/Desktop/brahim_projects/j/j v2/jeunesscar/framework/vendor/laravel/framework/src/Illuminate/Pipeline/Pipeline.php(119): Illuminate\\Pipeline\\Pipeline->Illuminate\\Pipeline\\{closure}()
#58 /home/ouknik/Desktop/brahim_projects/j/j v2/jeunesscar/framework/vendor/laravel/framework/src/Illuminate/Foundation/Http/Kernel.php(175): Illuminate\\Pipeline\\Pipeline->then()
#59 /home/ouknik/Desktop/brahim_projects/j/j v2/jeunesscar/framework/vendor/laravel/framework/src/Illuminate/Foundation/Http/Kernel.php(144): Illuminate\\Foundation\\Http\\Kernel->sendRequestThroughRouter()
#60 /home/ouknik/Desktop/brahim_projects/j/j v2/jeunesscar/index.php(13): Illuminate\\Foundation\\Http\\Kernel->handle()
#61 {main}
"} 
[2025-05-25 10:48:55] local.ERROR: SQLSTATE[HY000] [2002] Connection refused (Connection: mysql, SQL: select * from `users` where `id` = 1 and `users`.`deleted_at` is null limit 1) {"exception":"[object] (Illuminate\\Database\\QueryException(code: 2002): SQLSTATE[HY000] [2002] Connection refused (Connection: mysql, SQL: select * from `users` where `id` = 1 and `users`.`deleted_at` is null limit 1) at /home/ouknik/Desktop/brahim_projects/j/j v2/jeunesscar/framework/vendor/laravel/framework/src/Illuminate/Database/Connection.php:829)
[stacktrace]
#0 /home/ouknik/Desktop/brahim_projects/j/j v2/jeunesscar/framework/vendor/laravel/framework/src/Illuminate/Database/Connection.php(983): Illuminate\\Database\\Connection->runQueryCallback()
#1 /home/ouknik/Desktop/brahim_projects/j/j v2/jeunesscar/framework/vendor/laravel/framework/src/Illuminate/Database/Connection.php(962): Illuminate\\Database\\Connection->tryAgainIfCausedByLostConnection()
#2 /home/ouknik/Desktop/brahim_projects/j/j v2/jeunesscar/framework/vendor/laravel/framework/src/Illuminate/Database/Connection.php(785): Illuminate\\Database\\Connection->handleQueryException()
#3 /home/ouknik/Desktop/brahim_projects/j/j v2/jeunesscar/framework/vendor/laravel/framework/src/Illuminate/Database/Connection.php(414): Illuminate\\Database\\Connection->run()
#4 /home/ouknik/Desktop/brahim_projects/j/j v2/jeunesscar/framework/vendor/laravel/framework/src/Illuminate/Database/Query/Builder.php(2913): Illuminate\\Database\\Connection->select()
#5 /home/ouknik/Desktop/brahim_projects/j/j v2/jeunesscar/framework/vendor/laravel/framework/src/Illuminate/Database/Query/Builder.php(2902): Illuminate\\Database\\Query\\Builder->runSelect()
#6 /home/ouknik/Desktop/brahim_projects/j/j v2/jeunesscar/framework/vendor/laravel/framework/src/Illuminate/Database/Query/Builder.php(3456): Illuminate\\Database\\Query\\Builder->Illuminate\\Database\\Query\\{closure}()
#7 /home/ouknik/Desktop/brahim_projects/j/j v2/jeunesscar/framework/vendor/laravel/framework/src/Illuminate/Database/Query/Builder.php(2901): Illuminate\\Database\\Query\\Builder->onceWithColumns()
#8 /home/ouknik/Desktop/brahim_projects/j/j v2/jeunesscar/framework/vendor/laravel/framework/src/Illuminate/Database/Eloquent/Builder.php(739): Illuminate\\Database\\Query\\Builder->get()
#9 /home/ouknik/Desktop/brahim_projects/j/j v2/jeunesscar/framework/vendor/laravel/framework/src/Illuminate/Database/Eloquent/Builder.php(723): Illuminate\\Database\\Eloquent\\Builder->getModels()
#10 /home/ouknik/Desktop/brahim_projects/j/j v2/jeunesscar/framework/vendor/laravel/framework/src/Illuminate/Database/Concerns/BuildsQueries.php(333): Illuminate\\Database\\Eloquent\\Builder->get()
#11 /home/ouknik/Desktop/brahim_projects/j/j v2/jeunesscar/framework/vendor/laravel/framework/src/Illuminate/Auth/EloquentUserProvider.php(75): Illuminate\\Database\\Eloquent\\Builder->first()
#12 /home/ouknik/Desktop/brahim_projects/j/j v2/jeunesscar/framework/vendor/laravel/framework/src/Illuminate/Auth/SessionGuard.php(196): Illuminate\\Auth\\EloquentUserProvider->retrieveByToken()
#13 /home/ouknik/Desktop/brahim_projects/j/j v2/jeunesscar/framework/vendor/laravel/framework/src/Illuminate/Auth/SessionGuard.php(167): Illuminate\\Auth\\SessionGuard->userFromRecaller()
#14 /home/ouknik/Desktop/brahim_projects/j/j v2/jeunesscar/framework/vendor/laravel/framework/src/Illuminate/Auth/GuardHelpers.php(56): Illuminate\\Auth\\SessionGuard->user()
#15 /home/ouknik/Desktop/brahim_projects/j/j v2/jeunesscar/framework/vendor/laravel/framework/src/Illuminate/Auth/Middleware/Authenticate.php(76): Illuminate\\Auth\\SessionGuard->check()
#16 /home/ouknik/Desktop/brahim_projects/j/j v2/jeunesscar/framework/vendor/laravel/framework/src/Illuminate/Auth/Middleware/Authenticate.php(55): Illuminate\\Auth\\Middleware\\Authenticate->authenticate()
#17 /home/ouknik/Desktop/brahim_projects/j/j v2/jeunesscar/framework/vendor/laravel/framework/src/Illuminate/Pipeline/Pipeline.php(183): Illuminate\\Auth\\Middleware\\Authenticate->handle()
#18 /home/ouknik/Desktop/brahim_projects/j/j v2/jeunesscar/framework/vendor/laravel/framework/src/Illuminate/Foundation/Http/Middleware/VerifyCsrfToken.php(78): Illuminate\\Pipeline\\Pipeline->Illuminate\\Pipeline\\{closure}()
#19 /home/ouknik/Desktop/brahim_projects/j/j v2/jeunesscar/framework/vendor/laravel/framework/src/Illuminate/Pipeline/Pipeline.php(183): Illuminate\\Foundation\\Http\\Middleware\\VerifyCsrfToken->handle()
#20 /home/ouknik/Desktop/brahim_projects/j/j v2/jeunesscar/framework/vendor/laravel/framework/src/Illuminate/View/Middleware/ShareErrorsFromSession.php(49): Illuminate\\Pipeline\\Pipeline->Illuminate\\Pipeline\\{closure}()
#21 /home/ouknik/Desktop/brahim_projects/j/j v2/jeunesscar/framework/vendor/laravel/framework/src/Illuminate/Pipeline/Pipeline.php(183): Illuminate\\View\\Middleware\\ShareErrorsFromSession->handle()
#22 /home/ouknik/Desktop/brahim_projects/j/j v2/jeunesscar/framework/vendor/laravel/framework/src/Illuminate/Session/Middleware/StartSession.php(121): Illuminate\\Pipeline\\Pipeline->Illuminate\\Pipeline\\{closure}()
#23 /home/ouknik/Desktop/brahim_projects/j/j v2/jeunesscar/framework/vendor/laravel/framework/src/Illuminate/Session/Middleware/StartSession.php(64): Illuminate\\Session\\Middleware\\StartSession->handleStatefulRequest()
#24 /home/ouknik/Desktop/brahim_projects/j/j v2/jeunesscar/framework/vendor/laravel/framework/src/Illuminate/Pipeline/Pipeline.php(183): Illuminate\\Session\\Middleware\\StartSession->handle()
#25 /home/ouknik/Desktop/brahim_projects/j/j v2/jeunesscar/framework/vendor/laravel/framework/src/Illuminate/Cookie/Middleware/AddQueuedCookiesToResponse.php(37): Illuminate\\Pipeline\\Pipeline->Illuminate\\Pipeline\\{closure}()
#26 /home/ouknik/Desktop/brahim_projects/j/j v2/jeunesscar/framework/vendor/laravel/framework/src/Illuminate/Pipeline/Pipeline.php(183): Illuminate\\Cookie\\Middleware\\AddQueuedCookiesToResponse->handle()
#27 /home/ouknik/Desktop/brahim_projects/j/j v2/jeunesscar/framework/vendor/laravel/framework/src/Illuminate/Cookie/Middleware/EncryptCookies.php(67): Illuminate\\Pipeline\\Pipeline->Illuminate\\Pipeline\\{closure}()
#28 /home/ouknik/Desktop/brahim_projects/j/j v2/jeunesscar/framework/vendor/laravel/framework/src/Illuminate/Pipeline/Pipeline.php(183): Illuminate\\Cookie\\Middleware\\EncryptCookies->handle()
#29 /home/ouknik/Desktop/brahim_projects/j/j v2/jeunesscar/framework/vendor/laravel/framework/src/Illuminate/Pipeline/Pipeline.php(119): Illuminate\\Pipeline\\Pipeline->Illuminate\\Pipeline\\{closure}()
#30 /home/ouknik/Desktop/brahim_projects/j/j v2/jeunesscar/framework/vendor/laravel/framework/src/Illuminate/Routing/Router.php(805): Illuminate\\Pipeline\\Pipeline->then()
#31 /home/ouknik/Desktop/brahim_projects/j/j v2/jeunesscar/framework/vendor/laravel/framework/src/Illuminate/Routing/Router.php(784): Illuminate\\Routing\\Router->runRouteWithinStack()
#32 /home/ouknik/Desktop/brahim_projects/j/j v2/jeunesscar/framework/vendor/laravel/framework/src/Illuminate/Routing/Router.php(748): Illuminate\\Routing\\Router->runRoute()
#33 /home/ouknik/Desktop/brahim_projects/j/j v2/jeunesscar/framework/vendor/laravel/framework/src/Illuminate/Routing/Router.php(737): Illuminate\\Routing\\Router->dispatchToRoute()
#34 /home/ouknik/Desktop/brahim_projects/j/j v2/jeunesscar/framework/vendor/laravel/framework/src/Illuminate/Foundation/Http/Kernel.php(200): Illuminate\\Routing\\Router->dispatch()
#35 /home/ouknik/Desktop/brahim_projects/j/j v2/jeunesscar/framework/vendor/laravel/framework/src/Illuminate/Pipeline/Pipeline.php(144): Illuminate\\Foundation\\Http\\Kernel->Illuminate\\Foundation\\Http\\{closure}()
#36 /home/ouknik/Desktop/brahim_projects/j/j v2/jeunesscar/framework/vendor/laravel/framework/src/Illuminate/Foundation/Http/Middleware/TransformsRequest.php(21): Illuminate\\Pipeline\\Pipeline->Illuminate\\Pipeline\\{closure}()
#37 /home/ouknik/Desktop/brahim_projects/j/j v2/jeunesscar/framework/vendor/laravel/framework/src/Illuminate/Foundation/Http/Middleware/ConvertEmptyStringsToNull.php(31): Illuminate\\Foundation\\Http\\Middleware\\TransformsRequest->handle()
#38 /home/ouknik/Desktop/brahim_projects/j/j v2/jeunesscar/framework/vendor/laravel/framework/src/Illuminate/Pipeline/Pipeline.php(183): Illuminate\\Foundation\\Http\\Middleware\\ConvertEmptyStringsToNull->handle()
#39 /home/ouknik/Desktop/brahim_projects/j/j v2/jeunesscar/framework/vendor/laravel/framework/src/Illuminate/Foundation/Http/Middleware/TransformsRequest.php(21): Illuminate\\Pipeline\\Pipeline->Illuminate\\Pipeline\\{closure}()
#40 /home/ouknik/Desktop/brahim_projects/j/j v2/jeunesscar/framework/vendor/laravel/framework/src/Illuminate/Foundation/Http/Middleware/TrimStrings.php(40): Illuminate\\Foundation\\Http\\Middleware\\TransformsRequest->handle()
#41 /home/ouknik/Desktop/brahim_projects/j/j v2/jeunesscar/framework/vendor/laravel/framework/src/Illuminate/Pipeline/Pipeline.php(183): Illuminate\\Foundation\\Http\\Middleware\\TrimStrings->handle()
#42 /home/ouknik/Desktop/brahim_projects/j/j v2/jeunesscar/framework/vendor/laravel/framework/src/Illuminate/Foundation/Http/Middleware/ValidatePostSize.php(27): Illuminate\\Pipeline\\Pipeline->Illuminate\\Pipeline\\{closure}()
#43 /home/ouknik/Desktop/brahim_projects/j/j v2/jeunesscar/framework/vendor/laravel/framework/src/Illuminate/Pipeline/Pipeline.php(183): Illuminate\\Foundation\\Http\\Middleware\\ValidatePostSize->handle()
#44 /home/ouknik/Desktop/brahim_projects/j/j v2/jeunesscar/framework/vendor/laravel/framework/src/Illuminate/Foundation/Http/Middleware/PreventRequestsDuringMaintenance.php(99): Illuminate\\Pipeline\\Pipeline->Illuminate\\Pipeline\\{closure}()
#45 /home/ouknik/Desktop/brahim_projects/j/j v2/jeunesscar/framework/vendor/laravel/framework/src/Illuminate/Pipeline/Pipeline.php(183): Illuminate\\Foundation\\Http\\Middleware\\PreventRequestsDuringMaintenance->handle()
#46 /home/ouknik/Desktop/brahim_projects/j/j v2/jeunesscar/framework/vendor/laravel/framework/src/Illuminate/Pipeline/Pipeline.php(119): Illuminate\\Pipeline\\Pipeline->Illuminate\\Pipeline\\{closure}()
#47 /home/ouknik/Desktop/brahim_projects/j/j v2/jeunesscar/framework/vendor/laravel/framework/src/Illuminate/Foundation/Http/Kernel.php(175): Illuminate\\Pipeline\\Pipeline->then()
#48 /home/ouknik/Desktop/brahim_projects/j/j v2/jeunesscar/framework/vendor/laravel/framework/src/Illuminate/Foundation/Http/Kernel.php(144): Illuminate\\Foundation\\Http\\Kernel->sendRequestThroughRouter()
#49 /home/ouknik/Desktop/brahim_projects/j/j v2/jeunesscar/index.php(13): Illuminate\\Foundation\\Http\\Kernel->handle()
#50 {main}

[previous exception] [object] (PDOException(code: 2002): SQLSTATE[HY000] [2002] Connection refused at /home/ouknik/Desktop/brahim_projects/j/j v2/jeunesscar/framework/vendor/laravel/framework/src/Illuminate/Database/Connectors/Connector.php:65)
[stacktrace]
#0 /home/ouknik/Desktop/brahim_projects/j/j v2/jeunesscar/framework/vendor/laravel/framework/src/Illuminate/Database/Connectors/Connector.php(65): PDO->__construct()
#1 /home/ouknik/Desktop/brahim_projects/j/j v2/jeunesscar/framework/vendor/laravel/framework/src/Illuminate/Database/Connectors/Connector.php(83): Illuminate\\Database\\Connectors\\Connector->createPdoConnection()
#2 /home/ouknik/Desktop/brahim_projects/j/j v2/jeunesscar/framework/vendor/laravel/framework/src/Illuminate/Database/Connectors/Connector.php(48): Illuminate\\Database\\Connectors\\Connector->tryAgainIfCausedByLostConnection()
#3 /home/ouknik/Desktop/brahim_projects/j/j v2/jeunesscar/framework/vendor/laravel/framework/src/Illuminate/Database/Connectors/MySqlConnector.php(24): Illuminate\\Database\\Connectors\\Connector->createConnection()
#4 /home/ouknik/Desktop/brahim_projects/j/j v2/jeunesscar/framework/vendor/laravel/framework/src/Illuminate/Database/Connectors/ConnectionFactory.php(184): Illuminate\\Database\\Connectors\\MySqlConnector->connect()
#5 [internal function]: Illuminate\\Database\\Connectors\\ConnectionFactory->Illuminate\\Database\\Connectors\\{closure}()
#6 /home/ouknik/Desktop/brahim_projects/j/j v2/jeunesscar/framework/vendor/laravel/framework/src/Illuminate/Database/Connection.php(1339): call_user_func()
#7 /home/ouknik/Desktop/brahim_projects/j/j v2/jeunesscar/framework/vendor/laravel/framework/src/Illuminate/Database/Connection.php(1375): Illuminate\\Database\\Connection->getPdo()
#8 /home/ouknik/Desktop/brahim_projects/j/j v2/jeunesscar/framework/vendor/laravel/framework/src/Illuminate/Database/Connection.php(528): Illuminate\\Database\\Connection->getReadPdo()
#9 /home/ouknik/Desktop/brahim_projects/j/j v2/jeunesscar/framework/vendor/laravel/framework/src/Illuminate/Database/Connection.php(423): Illuminate\\Database\\Connection->getPdoForSelect()
#10 /home/ouknik/Desktop/brahim_projects/j/j v2/jeunesscar/framework/vendor/laravel/framework/src/Illuminate/Database/Connection.php(816): Illuminate\\Database\\Connection->Illuminate\\Database\\{closure}()
#11 /home/ouknik/Desktop/brahim_projects/j/j v2/jeunesscar/framework/vendor/laravel/framework/src/Illuminate/Database/Connection.php(983): Illuminate\\Database\\Connection->runQueryCallback()
#12 /home/ouknik/Desktop/brahim_projects/j/j v2/jeunesscar/framework/vendor/laravel/framework/src/Illuminate/Database/Connection.php(962): Illuminate\\Database\\Connection->tryAgainIfCausedByLostConnection()
#13 /home/ouknik/Desktop/brahim_projects/j/j v2/jeunesscar/framework/vendor/laravel/framework/src/Illuminate/Database/Connection.php(785): Illuminate\\Database\\Connection->handleQueryException()
#14 /home/ouknik/Desktop/brahim_projects/j/j v2/jeunesscar/framework/vendor/laravel/framework/src/Illuminate/Database/Connection.php(414): Illuminate\\Database\\Connection->run()
#15 /home/ouknik/Desktop/brahim_projects/j/j v2/jeunesscar/framework/vendor/laravel/framework/src/Illuminate/Database/Query/Builder.php(2913): Illuminate\\Database\\Connection->select()
#16 /home/ouknik/Desktop/brahim_projects/j/j v2/jeunesscar/framework/vendor/laravel/framework/src/Illuminate/Database/Query/Builder.php(2902): Illuminate\\Database\\Query\\Builder->runSelect()
#17 /home/ouknik/Desktop/brahim_projects/j/j v2/jeunesscar/framework/vendor/laravel/framework/src/Illuminate/Database/Query/Builder.php(3456): Illuminate\\Database\\Query\\Builder->Illuminate\\Database\\Query\\{closure}()
#18 /home/ouknik/Desktop/brahim_projects/j/j v2/jeunesscar/framework/vendor/laravel/framework/src/Illuminate/Database/Query/Builder.php(2901): Illuminate\\Database\\Query\\Builder->onceWithColumns()
#19 /home/ouknik/Desktop/brahim_projects/j/j v2/jeunesscar/framework/vendor/laravel/framework/src/Illuminate/Database/Eloquent/Builder.php(739): Illuminate\\Database\\Query\\Builder->get()
#20 /home/ouknik/Desktop/brahim_projects/j/j v2/jeunesscar/framework/vendor/laravel/framework/src/Illuminate/Database/Eloquent/Builder.php(723): Illuminate\\Database\\Eloquent\\Builder->getModels()
#21 /home/ouknik/Desktop/brahim_projects/j/j v2/jeunesscar/framework/vendor/laravel/framework/src/Illuminate/Database/Concerns/BuildsQueries.php(333): Illuminate\\Database\\Eloquent\\Builder->get()
#22 /home/ouknik/Desktop/brahim_projects/j/j v2/jeunesscar/framework/vendor/laravel/framework/src/Illuminate/Auth/EloquentUserProvider.php(75): Illuminate\\Database\\Eloquent\\Builder->first()
#23 /home/ouknik/Desktop/brahim_projects/j/j v2/jeunesscar/framework/vendor/laravel/framework/src/Illuminate/Auth/SessionGuard.php(196): Illuminate\\Auth\\EloquentUserProvider->retrieveByToken()
#24 /home/ouknik/Desktop/brahim_projects/j/j v2/jeunesscar/framework/vendor/laravel/framework/src/Illuminate/Auth/SessionGuard.php(167): Illuminate\\Auth\\SessionGuard->userFromRecaller()
#25 /home/ouknik/Desktop/brahim_projects/j/j v2/jeunesscar/framework/vendor/laravel/framework/src/Illuminate/Auth/GuardHelpers.php(56): Illuminate\\Auth\\SessionGuard->user()
#26 /home/ouknik/Desktop/brahim_projects/j/j v2/jeunesscar/framework/vendor/laravel/framework/src/Illuminate/Auth/Middleware/Authenticate.php(76): Illuminate\\Auth\\SessionGuard->check()
#27 /home/ouknik/Desktop/brahim_projects/j/j v2/jeunesscar/framework/vendor/laravel/framework/src/Illuminate/Auth/Middleware/Authenticate.php(55): Illuminate\\Auth\\Middleware\\Authenticate->authenticate()
#28 /home/ouknik/Desktop/brahim_projects/j/j v2/jeunesscar/framework/vendor/laravel/framework/src/Illuminate/Pipeline/Pipeline.php(183): Illuminate\\Auth\\Middleware\\Authenticate->handle()
#29 /home/ouknik/Desktop/brahim_projects/j/j v2/jeunesscar/framework/vendor/laravel/framework/src/Illuminate/Foundation/Http/Middleware/VerifyCsrfToken.php(78): Illuminate\\Pipeline\\Pipeline->Illuminate\\Pipeline\\{closure}()
#30 /home/ouknik/Desktop/brahim_projects/j/j v2/jeunesscar/framework/vendor/laravel/framework/src/Illuminate/Pipeline/Pipeline.php(183): Illuminate\\Foundation\\Http\\Middleware\\VerifyCsrfToken->handle()
#31 /home/ouknik/Desktop/brahim_projects/j/j v2/jeunesscar/framework/vendor/laravel/framework/src/Illuminate/View/Middleware/ShareErrorsFromSession.php(49): Illuminate\\Pipeline\\Pipeline->Illuminate\\Pipeline\\{closure}()
#32 /home/ouknik/Desktop/brahim_projects/j/j v2/jeunesscar/framework/vendor/laravel/framework/src/Illuminate/Pipeline/Pipeline.php(183): Illuminate\\View\\Middleware\\ShareErrorsFromSession->handle()
#33 /home/ouknik/Desktop/brahim_projects/j/j v2/jeunesscar/framework/vendor/laravel/framework/src/Illuminate/Session/Middleware/StartSession.php(121): Illuminate\\Pipeline\\Pipeline->Illuminate\\Pipeline\\{closure}()
#34 /home/ouknik/Desktop/brahim_projects/j/j v2/jeunesscar/framework/vendor/laravel/framework/src/Illuminate/Session/Middleware/StartSession.php(64): Illuminate\\Session\\Middleware\\StartSession->handleStatefulRequest()
#35 /home/ouknik/Desktop/brahim_projects/j/j v2/jeunesscar/framework/vendor/laravel/framework/src/Illuminate/Pipeline/Pipeline.php(183): Illuminate\\Session\\Middleware\\StartSession->handle()
#36 /home/ouknik/Desktop/brahim_projects/j/j v2/jeunesscar/framework/vendor/laravel/framework/src/Illuminate/Cookie/Middleware/AddQueuedCookiesToResponse.php(37): Illuminate\\Pipeline\\Pipeline->Illuminate\\Pipeline\\{closure}()
#37 /home/ouknik/Desktop/brahim_projects/j/j v2/jeunesscar/framework/vendor/laravel/framework/src/Illuminate/Pipeline/Pipeline.php(183): Illuminate\\Cookie\\Middleware\\AddQueuedCookiesToResponse->handle()
#38 /home/ouknik/Desktop/brahim_projects/j/j v2/jeunesscar/framework/vendor/laravel/framework/src/Illuminate/Cookie/Middleware/EncryptCookies.php(67): Illuminate\\Pipeline\\Pipeline->Illuminate\\Pipeline\\{closure}()
#39 /home/ouknik/Desktop/brahim_projects/j/j v2/jeunesscar/framework/vendor/laravel/framework/src/Illuminate/Pipeline/Pipeline.php(183): Illuminate\\Cookie\\Middleware\\EncryptCookies->handle()
#40 /home/ouknik/Desktop/brahim_projects/j/j v2/jeunesscar/framework/vendor/laravel/framework/src/Illuminate/Pipeline/Pipeline.php(119): Illuminate\\Pipeline\\Pipeline->Illuminate\\Pipeline\\{closure}()
#41 /home/ouknik/Desktop/brahim_projects/j/j v2/jeunesscar/framework/vendor/laravel/framework/src/Illuminate/Routing/Router.php(805): Illuminate\\Pipeline\\Pipeline->then()
#42 /home/ouknik/Desktop/brahim_projects/j/j v2/jeunesscar/framework/vendor/laravel/framework/src/Illuminate/Routing/Router.php(784): Illuminate\\Routing\\Router->runRouteWithinStack()
#43 /home/ouknik/Desktop/brahim_projects/j/j v2/jeunesscar/framework/vendor/laravel/framework/src/Illuminate/Routing/Router.php(748): Illuminate\\Routing\\Router->runRoute()
#44 /home/ouknik/Desktop/brahim_projects/j/j v2/jeunesscar/framework/vendor/laravel/framework/src/Illuminate/Routing/Router.php(737): Illuminate\\Routing\\Router->dispatchToRoute()
#45 /home/ouknik/Desktop/brahim_projects/j/j v2/jeunesscar/framework/vendor/laravel/framework/src/Illuminate/Foundation/Http/Kernel.php(200): Illuminate\\Routing\\Router->dispatch()
#46 /home/ouknik/Desktop/brahim_projects/j/j v2/jeunesscar/framework/vendor/laravel/framework/src/Illuminate/Pipeline/Pipeline.php(144): Illuminate\\Foundation\\Http\\Kernel->Illuminate\\Foundation\\Http\\{closure}()
#47 /home/ouknik/Desktop/brahim_projects/j/j v2/jeunesscar/framework/vendor/laravel/framework/src/Illuminate/Foundation/Http/Middleware/TransformsRequest.php(21): Illuminate\\Pipeline\\Pipeline->Illuminate\\Pipeline\\{closure}()
#48 /home/ouknik/Desktop/brahim_projects/j/j v2/jeunesscar/framework/vendor/laravel/framework/src/Illuminate/Foundation/Http/Middleware/ConvertEmptyStringsToNull.php(31): Illuminate\\Foundation\\Http\\Middleware\\TransformsRequest->handle()
#49 /home/ouknik/Desktop/brahim_projects/j/j v2/jeunesscar/framework/vendor/laravel/framework/src/Illuminate/Pipeline/Pipeline.php(183): Illuminate\\Foundation\\Http\\Middleware\\ConvertEmptyStringsToNull->handle()
#50 /home/ouknik/Desktop/brahim_projects/j/j v2/jeunesscar/framework/vendor/laravel/framework/src/Illuminate/Foundation/Http/Middleware/TransformsRequest.php(21): Illuminate\\Pipeline\\Pipeline->Illuminate\\Pipeline\\{closure}()
#51 /home/ouknik/Desktop/brahim_projects/j/j v2/jeunesscar/framework/vendor/laravel/framework/src/Illuminate/Foundation/Http/Middleware/TrimStrings.php(40): Illuminate\\Foundation\\Http\\Middleware\\TransformsRequest->handle()
#52 /home/ouknik/Desktop/brahim_projects/j/j v2/jeunesscar/framework/vendor/laravel/framework/src/Illuminate/Pipeline/Pipeline.php(183): Illuminate\\Foundation\\Http\\Middleware\\TrimStrings->handle()
#53 /home/ouknik/Desktop/brahim_projects/j/j v2/jeunesscar/framework/vendor/laravel/framework/src/Illuminate/Foundation/Http/Middleware/ValidatePostSize.php(27): Illuminate\\Pipeline\\Pipeline->Illuminate\\Pipeline\\{closure}()
#54 /home/ouknik/Desktop/brahim_projects/j/j v2/jeunesscar/framework/vendor/laravel/framework/src/Illuminate/Pipeline/Pipeline.php(183): Illuminate\\Foundation\\Http\\Middleware\\ValidatePostSize->handle()
#55 /home/ouknik/Desktop/brahim_projects/j/j v2/jeunesscar/framework/vendor/laravel/framework/src/Illuminate/Foundation/Http/Middleware/PreventRequestsDuringMaintenance.php(99): Illuminate\\Pipeline\\Pipeline->Illuminate\\Pipeline\\{closure}()
#56 /home/ouknik/Desktop/brahim_projects/j/j v2/jeunesscar/framework/vendor/laravel/framework/src/Illuminate/Pipeline/Pipeline.php(183): Illuminate\\Foundation\\Http\\Middleware\\PreventRequestsDuringMaintenance->handle()
#57 /home/ouknik/Desktop/brahim_projects/j/j v2/jeunesscar/framework/vendor/laravel/framework/src/Illuminate/Pipeline/Pipeline.php(119): Illuminate\\Pipeline\\Pipeline->Illuminate\\Pipeline\\{closure}()
#58 /home/ouknik/Desktop/brahim_projects/j/j v2/jeunesscar/framework/vendor/laravel/framework/src/Illuminate/Foundation/Http/Kernel.php(175): Illuminate\\Pipeline\\Pipeline->then()
#59 /home/ouknik/Desktop/brahim_projects/j/j v2/jeunesscar/framework/vendor/laravel/framework/src/Illuminate/Foundation/Http/Kernel.php(144): Illuminate\\Foundation\\Http\\Kernel->sendRequestThroughRouter()
#60 /home/ouknik/Desktop/brahim_projects/j/j v2/jeunesscar/index.php(13): Illuminate\\Foundation\\Http\\Kernel->handle()
#61 {main}
"} 
[2025-05-25 10:52:10] local.ERROR: syntax error, unexpected token "extends" {"view":{"view":"/home/ouknik/Desktop/brahim_projects/j/j v2/jeunesscar/framework/resources/views/branches/index.blade.php","data":[]},"userId":1,"exception":"[object] (Spatie\\LaravelIgnition\\Exceptions\\ViewException(code: 0): syntax error, unexpected token \"extends\" at /home/ouknik/Desktop/brahim_projects/j/j v2/jeunesscar/framework/resources/views/branches/index.blade.php:2)
[stacktrace]
#0 /home/ouknik/Desktop/brahim_projects/j/j v2/jeunesscar/framework/vendor/laravel/framework/src/Illuminate/Filesystem/Filesystem.php(124): Illuminate\\Filesystem\\Filesystem::Illuminate\\Filesystem\\{closure}()
#1 /home/ouknik/Desktop/brahim_projects/j/j v2/jeunesscar/framework/vendor/laravel/framework/src/Illuminate/View/Engines/PhpEngine.php(58): Illuminate\\Filesystem\\Filesystem->getRequire()
#2 /home/ouknik/Desktop/brahim_projects/j/j v2/jeunesscar/framework/vendor/laravel/framework/src/Illuminate/View/Engines/CompilerEngine.php(72): Illuminate\\View\\Engines\\PhpEngine->evaluatePath()
#3 /home/ouknik/Desktop/brahim_projects/j/j v2/jeunesscar/framework/vendor/laravel/framework/src/Illuminate/View/View.php(207): Illuminate\\View\\Engines\\CompilerEngine->get()
#4 /home/ouknik/Desktop/brahim_projects/j/j v2/jeunesscar/framework/vendor/laravel/framework/src/Illuminate/View/View.php(190): Illuminate\\View\\View->getContents()
#5 /home/ouknik/Desktop/brahim_projects/j/j v2/jeunesscar/framework/vendor/laravel/framework/src/Illuminate/View/View.php(159): Illuminate\\View\\View->renderContents()
#6 /home/ouknik/Desktop/brahim_projects/j/j v2/jeunesscar/framework/vendor/laravel/framework/src/Illuminate/Http/Response.php(69): Illuminate\\View\\View->render()
#7 /home/ouknik/Desktop/brahim_projects/j/j v2/jeunesscar/framework/vendor/laravel/framework/src/Illuminate/Http/Response.php(35): Illuminate\\Http\\Response->setContent()
#8 /home/ouknik/Desktop/brahim_projects/j/j v2/jeunesscar/framework/vendor/laravel/framework/src/Illuminate/Routing/Router.php(918): Illuminate\\Http\\Response->__construct()
#9 /home/ouknik/Desktop/brahim_projects/j/j v2/jeunesscar/framework/vendor/laravel/framework/src/Illuminate/Routing/Router.php(885): Illuminate\\Routing\\Router::toResponse()
#10 /home/ouknik/Desktop/brahim_projects/j/j v2/jeunesscar/framework/vendor/laravel/framework/src/Illuminate/Routing/Router.php(805): Illuminate\\Routing\\Router->prepareResponse()
#11 /home/ouknik/Desktop/brahim_projects/j/j v2/jeunesscar/framework/vendor/laravel/framework/src/Illuminate/Pipeline/Pipeline.php(144): Illuminate\\Routing\\Router->Illuminate\\Routing\\{closure}()
#12 /home/ouknik/Desktop/brahim_projects/j/j v2/jeunesscar/framework/app/Http/Middleware/SetLocale.php(37): Illuminate\\Pipeline\\Pipeline->Illuminate\\Pipeline\\{closure}()
#13 /home/ouknik/Desktop/brahim_projects/j/j v2/jeunesscar/framework/vendor/laravel/framework/src/Illuminate/Pipeline/Pipeline.php(183): App\\Http\\Middleware\\SetLocale->handle()
#14 /home/ouknik/Desktop/brahim_projects/j/j v2/jeunesscar/framework/vendor/laravel/framework/src/Illuminate/Routing/Middleware/SubstituteBindings.php(50): Illuminate\\Pipeline\\Pipeline->Illuminate\\Pipeline\\{closure}()
#15 /home/ouknik/Desktop/brahim_projects/j/j v2/jeunesscar/framework/vendor/laravel/framework/src/Illuminate/Pipeline/Pipeline.php(183): Illuminate\\Routing\\Middleware\\SubstituteBindings->handle()
#16 /home/ouknik/Desktop/brahim_projects/j/j v2/jeunesscar/framework/vendor/laravel/framework/src/Illuminate/Auth/Middleware/Authenticate.php(57): Illuminate\\Pipeline\\Pipeline->Illuminate\\Pipeline\\{closure}()
#17 /home/ouknik/Desktop/brahim_projects/j/j v2/jeunesscar/framework/vendor/laravel/framework/src/Illuminate/Pipeline/Pipeline.php(183): Illuminate\\Auth\\Middleware\\Authenticate->handle()
#18 /home/ouknik/Desktop/brahim_projects/j/j v2/jeunesscar/framework/vendor/laravel/framework/src/Illuminate/Foundation/Http/Middleware/VerifyCsrfToken.php(78): Illuminate\\Pipeline\\Pipeline->Illuminate\\Pipeline\\{closure}()
#19 /home/ouknik/Desktop/brahim_projects/j/j v2/jeunesscar/framework/vendor/laravel/framework/src/Illuminate/Pipeline/Pipeline.php(183): Illuminate\\Foundation\\Http\\Middleware\\VerifyCsrfToken->handle()
#20 /home/ouknik/Desktop/brahim_projects/j/j v2/jeunesscar/framework/vendor/laravel/framework/src/Illuminate/View/Middleware/ShareErrorsFromSession.php(49): Illuminate\\Pipeline\\Pipeline->Illuminate\\Pipeline\\{closure}()
#21 /home/ouknik/Desktop/brahim_projects/j/j v2/jeunesscar/framework/vendor/laravel/framework/src/Illuminate/Pipeline/Pipeline.php(183): Illuminate\\View\\Middleware\\ShareErrorsFromSession->handle()
#22 /home/ouknik/Desktop/brahim_projects/j/j v2/jeunesscar/framework/vendor/laravel/framework/src/Illuminate/Session/Middleware/StartSession.php(121): Illuminate\\Pipeline\\Pipeline->Illuminate\\Pipeline\\{closure}()
#23 /home/ouknik/Desktop/brahim_projects/j/j v2/jeunesscar/framework/vendor/laravel/framework/src/Illuminate/Session/Middleware/StartSession.php(64): Illuminate\\Session\\Middleware\\StartSession->handleStatefulRequest()
#24 /home/ouknik/Desktop/brahim_projects/j/j v2/jeunesscar/framework/vendor/laravel/framework/src/Illuminate/Pipeline/Pipeline.php(183): Illuminate\\Session\\Middleware\\StartSession->handle()
#25 /home/ouknik/Desktop/brahim_projects/j/j v2/jeunesscar/framework/vendor/laravel/framework/src/Illuminate/Cookie/Middleware/AddQueuedCookiesToResponse.php(37): Illuminate\\Pipeline\\Pipeline->Illuminate\\Pipeline\\{closure}()
#26 /home/ouknik/Desktop/brahim_projects/j/j v2/jeunesscar/framework/vendor/laravel/framework/src/Illuminate/Pipeline/Pipeline.php(183): Illuminate\\Cookie\\Middleware\\AddQueuedCookiesToResponse->handle()
#27 /home/ouknik/Desktop/brahim_projects/j/j v2/jeunesscar/framework/vendor/laravel/framework/src/Illuminate/Cookie/Middleware/EncryptCookies.php(67): Illuminate\\Pipeline\\Pipeline->Illuminate\\Pipeline\\{closure}()
#28 /home/ouknik/Desktop/brahim_projects/j/j v2/jeunesscar/framework/vendor/laravel/framework/src/Illuminate/Pipeline/Pipeline.php(183): Illuminate\\Cookie\\Middleware\\EncryptCookies->handle()
#29 /home/ouknik/Desktop/brahim_projects/j/j v2/jeunesscar/framework/vendor/laravel/framework/src/Illuminate/Pipeline/Pipeline.php(119): Illuminate\\Pipeline\\Pipeline->Illuminate\\Pipeline\\{closure}()
#30 /home/ouknik/Desktop/brahim_projects/j/j v2/jeunesscar/framework/vendor/laravel/framework/src/Illuminate/Routing/Router.php(805): Illuminate\\Pipeline\\Pipeline->then()
#31 /home/ouknik/Desktop/brahim_projects/j/j v2/jeunesscar/framework/vendor/laravel/framework/src/Illuminate/Routing/Router.php(784): Illuminate\\Routing\\Router->runRouteWithinStack()
#32 /home/ouknik/Desktop/brahim_projects/j/j v2/jeunesscar/framework/vendor/laravel/framework/src/Illuminate/Routing/Router.php(748): Illuminate\\Routing\\Router->runRoute()
#33 /home/ouknik/Desktop/brahim_projects/j/j v2/jeunesscar/framework/vendor/laravel/framework/src/Illuminate/Routing/Router.php(737): Illuminate\\Routing\\Router->dispatchToRoute()
#34 /home/ouknik/Desktop/brahim_projects/j/j v2/jeunesscar/framework/vendor/laravel/framework/src/Illuminate/Foundation/Http/Kernel.php(200): Illuminate\\Routing\\Router->dispatch()
#35 /home/ouknik/Desktop/brahim_projects/j/j v2/jeunesscar/framework/vendor/laravel/framework/src/Illuminate/Pipeline/Pipeline.php(144): Illuminate\\Foundation\\Http\\Kernel->Illuminate\\Foundation\\Http\\{closure}()
#36 /home/ouknik/Desktop/brahim_projects/j/j v2/jeunesscar/framework/vendor/laravel/framework/src/Illuminate/Foundation/Http/Middleware/TransformsRequest.php(21): Illuminate\\Pipeline\\Pipeline->Illuminate\\Pipeline\\{closure}()
#37 /home/ouknik/Desktop/brahim_projects/j/j v2/jeunesscar/framework/vendor/laravel/framework/src/Illuminate/Foundation/Http/Middleware/ConvertEmptyStringsToNull.php(31): Illuminate\\Foundation\\Http\\Middleware\\TransformsRequest->handle()
#38 /home/ouknik/Desktop/brahim_projects/j/j v2/jeunesscar/framework/vendor/laravel/framework/src/Illuminate/Pipeline/Pipeline.php(183): Illuminate\\Foundation\\Http\\Middleware\\ConvertEmptyStringsToNull->handle()
#39 /home/ouknik/Desktop/brahim_projects/j/j v2/jeunesscar/framework/vendor/laravel/framework/src/Illuminate/Foundation/Http/Middleware/TransformsRequest.php(21): Illuminate\\Pipeline\\Pipeline->Illuminate\\Pipeline\\{closure}()
#40 /home/ouknik/Desktop/brahim_projects/j/j v2/jeunesscar/framework/vendor/laravel/framework/src/Illuminate/Foundation/Http/Middleware/TrimStrings.php(40): Illuminate\\Foundation\\Http\\Middleware\\TransformsRequest->handle()
#41 /home/ouknik/Desktop/brahim_projects/j/j v2/jeunesscar/framework/vendor/laravel/framework/src/Illuminate/Pipeline/Pipeline.php(183): Illuminate\\Foundation\\Http\\Middleware\\TrimStrings->handle()
#42 /home/ouknik/Desktop/brahim_projects/j/j v2/jeunesscar/framework/vendor/laravel/framework/src/Illuminate/Foundation/Http/Middleware/ValidatePostSize.php(27): Illuminate\\Pipeline\\Pipeline->Illuminate\\Pipeline\\{closure}()
#43 /home/ouknik/Desktop/brahim_projects/j/j v2/jeunesscar/framework/vendor/laravel/framework/src/Illuminate/Pipeline/Pipeline.php(183): Illuminate\\Foundation\\Http\\Middleware\\ValidatePostSize->handle()
#44 /home/ouknik/Desktop/brahim_projects/j/j v2/jeunesscar/framework/vendor/laravel/framework/src/Illuminate/Foundation/Http/Middleware/PreventRequestsDuringMaintenance.php(99): Illuminate\\Pipeline\\Pipeline->Illuminate\\Pipeline\\{closure}()
#45 /home/ouknik/Desktop/brahim_projects/j/j v2/jeunesscar/framework/vendor/laravel/framework/src/Illuminate/Pipeline/Pipeline.php(183): Illuminate\\Foundation\\Http\\Middleware\\PreventRequestsDuringMaintenance->handle()
#46 /home/ouknik/Desktop/brahim_projects/j/j v2/jeunesscar/framework/vendor/laravel/framework/src/Illuminate/Pipeline/Pipeline.php(119): Illuminate\\Pipeline\\Pipeline->Illuminate\\Pipeline\\{closure}()
#47 /home/ouknik/Desktop/brahim_projects/j/j v2/jeunesscar/framework/vendor/laravel/framework/src/Illuminate/Foundation/Http/Kernel.php(175): Illuminate\\Pipeline\\Pipeline->then()
#48 /home/ouknik/Desktop/brahim_projects/j/j v2/jeunesscar/framework/vendor/laravel/framework/src/Illuminate/Foundation/Http/Kernel.php(144): Illuminate\\Foundation\\Http\\Kernel->sendRequestThroughRouter()
#49 /home/ouknik/Desktop/brahim_projects/j/j v2/jeunesscar/index.php(13): Illuminate\\Foundation\\Http\\Kernel->handle()
#50 {main}

[previous exception] [object] (ParseError(code: 0): syntax error, unexpected token \"extends\" at /home/ouknik/Desktop/brahim_projects/j/j v2/jeunesscar/framework/storage/framework/views/976699cfd8f3940e69a0f5bf88996a4f.php:2)
[stacktrace]
#0 /home/ouknik/Desktop/brahim_projects/j/j v2/jeunesscar/framework/vendor/laravel/framework/src/Illuminate/Filesystem/Filesystem.php(124): Illuminate\\Filesystem\\Filesystem::Illuminate\\Filesystem\\{closure}()
#1 /home/ouknik/Desktop/brahim_projects/j/j v2/jeunesscar/framework/vendor/laravel/framework/src/Illuminate/View/Engines/PhpEngine.php(58): Illuminate\\Filesystem\\Filesystem->getRequire()
#2 /home/ouknik/Desktop/brahim_projects/j/j v2/jeunesscar/framework/vendor/laravel/framework/src/Illuminate/View/Engines/CompilerEngine.php(72): Illuminate\\View\\Engines\\PhpEngine->evaluatePath()
#3 /home/ouknik/Desktop/brahim_projects/j/j v2/jeunesscar/framework/vendor/laravel/framework/src/Illuminate/View/View.php(207): Illuminate\\View\\Engines\\CompilerEngine->get()
#4 /home/ouknik/Desktop/brahim_projects/j/j v2/jeunesscar/framework/vendor/laravel/framework/src/Illuminate/View/View.php(190): Illuminate\\View\\View->getContents()
#5 /home/ouknik/Desktop/brahim_projects/j/j v2/jeunesscar/framework/vendor/laravel/framework/src/Illuminate/View/View.php(159): Illuminate\\View\\View->renderContents()
#6 /home/ouknik/Desktop/brahim_projects/j/j v2/jeunesscar/framework/vendor/laravel/framework/src/Illuminate/Http/Response.php(69): Illuminate\\View\\View->render()
#7 /home/ouknik/Desktop/brahim_projects/j/j v2/jeunesscar/framework/vendor/laravel/framework/src/Illuminate/Http/Response.php(35): Illuminate\\Http\\Response->setContent()
#8 /home/ouknik/Desktop/brahim_projects/j/j v2/jeunesscar/framework/vendor/laravel/framework/src/Illuminate/Routing/Router.php(918): Illuminate\\Http\\Response->__construct()
#9 /home/ouknik/Desktop/brahim_projects/j/j v2/jeunesscar/framework/vendor/laravel/framework/src/Illuminate/Routing/Router.php(885): Illuminate\\Routing\\Router::toResponse()
#10 /home/ouknik/Desktop/brahim_projects/j/j v2/jeunesscar/framework/vendor/laravel/framework/src/Illuminate/Routing/Router.php(805): Illuminate\\Routing\\Router->prepareResponse()
#11 /home/ouknik/Desktop/brahim_projects/j/j v2/jeunesscar/framework/vendor/laravel/framework/src/Illuminate/Pipeline/Pipeline.php(144): Illuminate\\Routing\\Router->Illuminate\\Routing\\{closure}()
#12 /home/ouknik/Desktop/brahim_projects/j/j v2/jeunesscar/framework/app/Http/Middleware/SetLocale.php(37): Illuminate\\Pipeline\\Pipeline->Illuminate\\Pipeline\\{closure}()
#13 /home/ouknik/Desktop/brahim_projects/j/j v2/jeunesscar/framework/vendor/laravel/framework/src/Illuminate/Pipeline/Pipeline.php(183): App\\Http\\Middleware\\SetLocale->handle()
#14 /home/ouknik/Desktop/brahim_projects/j/j v2/jeunesscar/framework/vendor/laravel/framework/src/Illuminate/Routing/Middleware/SubstituteBindings.php(50): Illuminate\\Pipeline\\Pipeline->Illuminate\\Pipeline\\{closure}()
#15 /home/ouknik/Desktop/brahim_projects/j/j v2/jeunesscar/framework/vendor/laravel/framework/src/Illuminate/Pipeline/Pipeline.php(183): Illuminate\\Routing\\Middleware\\SubstituteBindings->handle()
#16 /home/ouknik/Desktop/brahim_projects/j/j v2/jeunesscar/framework/vendor/laravel/framework/src/Illuminate/Auth/Middleware/Authenticate.php(57): Illuminate\\Pipeline\\Pipeline->Illuminate\\Pipeline\\{closure}()
#17 /home/ouknik/Desktop/brahim_projects/j/j v2/jeunesscar/framework/vendor/laravel/framework/src/Illuminate/Pipeline/Pipeline.php(183): Illuminate\\Auth\\Middleware\\Authenticate->handle()
#18 /home/ouknik/Desktop/brahim_projects/j/j v2/jeunesscar/framework/vendor/laravel/framework/src/Illuminate/Foundation/Http/Middleware/VerifyCsrfToken.php(78): Illuminate\\Pipeline\\Pipeline->Illuminate\\Pipeline\\{closure}()
#19 /home/ouknik/Desktop/brahim_projects/j/j v2/jeunesscar/framework/vendor/laravel/framework/src/Illuminate/Pipeline/Pipeline.php(183): Illuminate\\Foundation\\Http\\Middleware\\VerifyCsrfToken->handle()
#20 /home/ouknik/Desktop/brahim_projects/j/j v2/jeunesscar/framework/vendor/laravel/framework/src/Illuminate/View/Middleware/ShareErrorsFromSession.php(49): Illuminate\\Pipeline\\Pipeline->Illuminate\\Pipeline\\{closure}()
#21 /home/ouknik/Desktop/brahim_projects/j/j v2/jeunesscar/framework/vendor/laravel/framework/src/Illuminate/Pipeline/Pipeline.php(183): Illuminate\\View\\Middleware\\ShareErrorsFromSession->handle()
#22 /home/ouknik/Desktop/brahim_projects/j/j v2/jeunesscar/framework/vendor/laravel/framework/src/Illuminate/Session/Middleware/StartSession.php(121): Illuminate\\Pipeline\\Pipeline->Illuminate\\Pipeline\\{closure}()
#23 /home/ouknik/Desktop/brahim_projects/j/j v2/jeunesscar/framework/vendor/laravel/framework/src/Illuminate/Session/Middleware/StartSession.php(64): Illuminate\\Session\\Middleware\\StartSession->handleStatefulRequest()
#24 /home/ouknik/Desktop/brahim_projects/j/j v2/jeunesscar/framework/vendor/laravel/framework/src/Illuminate/Pipeline/Pipeline.php(183): Illuminate\\Session\\Middleware\\StartSession->handle()
#25 /home/ouknik/Desktop/brahim_projects/j/j v2/jeunesscar/framework/vendor/laravel/framework/src/Illuminate/Cookie/Middleware/AddQueuedCookiesToResponse.php(37): Illuminate\\Pipeline\\Pipeline->Illuminate\\Pipeline\\{closure}()
#26 /home/ouknik/Desktop/brahim_projects/j/j v2/jeunesscar/framework/vendor/laravel/framework/src/Illuminate/Pipeline/Pipeline.php(183): Illuminate\\Cookie\\Middleware\\AddQueuedCookiesToResponse->handle()
#27 /home/ouknik/Desktop/brahim_projects/j/j v2/jeunesscar/framework/vendor/laravel/framework/src/Illuminate/Cookie/Middleware/EncryptCookies.php(67): Illuminate\\Pipeline\\Pipeline->Illuminate\\Pipeline\\{closure}()
#28 /home/ouknik/Desktop/brahim_projects/j/j v2/jeunesscar/framework/vendor/laravel/framework/src/Illuminate/Pipeline/Pipeline.php(183): Illuminate\\Cookie\\Middleware\\EncryptCookies->handle()
#29 /home/ouknik/Desktop/brahim_projects/j/j v2/jeunesscar/framework/vendor/laravel/framework/src/Illuminate/Pipeline/Pipeline.php(119): Illuminate\\Pipeline\\Pipeline->Illuminate\\Pipeline\\{closure}()
#30 /home/ouknik/Desktop/brahim_projects/j/j v2/jeunesscar/framework/vendor/laravel/framework/src/Illuminate/Routing/Router.php(805): Illuminate\\Pipeline\\Pipeline->then()
#31 /home/ouknik/Desktop/brahim_projects/j/j v2/jeunesscar/framework/vendor/laravel/framework/src/Illuminate/Routing/Router.php(784): Illuminate\\Routing\\Router->runRouteWithinStack()
#32 /home/ouknik/Desktop/brahim_projects/j/j v2/jeunesscar/framework/vendor/laravel/framework/src/Illuminate/Routing/Router.php(748): Illuminate\\Routing\\Router->runRoute()
#33 /home/ouknik/Desktop/brahim_projects/j/j v2/jeunesscar/framework/vendor/laravel/framework/src/Illuminate/Routing/Router.php(737): Illuminate\\Routing\\Router->dispatchToRoute()
#34 /home/ouknik/Desktop/brahim_projects/j/j v2/jeunesscar/framework/vendor/laravel/framework/src/Illuminate/Foundation/Http/Kernel.php(200): Illuminate\\Routing\\Router->dispatch()
#35 /home/ouknik/Desktop/brahim_projects/j/j v2/jeunesscar/framework/vendor/laravel/framework/src/Illuminate/Pipeline/Pipeline.php(144): Illuminate\\Foundation\\Http\\Kernel->Illuminate\\Foundation\\Http\\{closure}()
#36 /home/ouknik/Desktop/brahim_projects/j/j v2/jeunesscar/framework/vendor/laravel/framework/src/Illuminate/Foundation/Http/Middleware/TransformsRequest.php(21): Illuminate\\Pipeline\\Pipeline->Illuminate\\Pipeline\\{closure}()
#37 /home/ouknik/Desktop/brahim_projects/j/j v2/jeunesscar/framework/vendor/laravel/framework/src/Illuminate/Foundation/Http/Middleware/ConvertEmptyStringsToNull.php(31): Illuminate\\Foundation\\Http\\Middleware\\TransformsRequest->handle()
#38 /home/ouknik/Desktop/brahim_projects/j/j v2/jeunesscar/framework/vendor/laravel/framework/src/Illuminate/Pipeline/Pipeline.php(183): Illuminate\\Foundation\\Http\\Middleware\\ConvertEmptyStringsToNull->handle()
#39 /home/ouknik/Desktop/brahim_projects/j/j v2/jeunesscar/framework/vendor/laravel/framework/src/Illuminate/Foundation/Http/Middleware/TransformsRequest.php(21): Illuminate\\Pipeline\\Pipeline->Illuminate\\Pipeline\\{closure}()
#40 /home/ouknik/Desktop/brahim_projects/j/j v2/jeunesscar/framework/vendor/laravel/framework/src/Illuminate/Foundation/Http/Middleware/TrimStrings.php(40): Illuminate\\Foundation\\Http\\Middleware\\TransformsRequest->handle()
#41 /home/ouknik/Desktop/brahim_projects/j/j v2/jeunesscar/framework/vendor/laravel/framework/src/Illuminate/Pipeline/Pipeline.php(183): Illuminate\\Foundation\\Http\\Middleware\\TrimStrings->handle()
#42 /home/ouknik/Desktop/brahim_projects/j/j v2/jeunesscar/framework/vendor/laravel/framework/src/Illuminate/Foundation/Http/Middleware/ValidatePostSize.php(27): Illuminate\\Pipeline\\Pipeline->Illuminate\\Pipeline\\{closure}()
#43 /home/ouknik/Desktop/brahim_projects/j/j v2/jeunesscar/framework/vendor/laravel/framework/src/Illuminate/Pipeline/Pipeline.php(183): Illuminate\\Foundation\\Http\\Middleware\\ValidatePostSize->handle()
#44 /home/ouknik/Desktop/brahim_projects/j/j v2/jeunesscar/framework/vendor/laravel/framework/src/Illuminate/Foundation/Http/Middleware/PreventRequestsDuringMaintenance.php(99): Illuminate\\Pipeline\\Pipeline->Illuminate\\Pipeline\\{closure}()
#45 /home/ouknik/Desktop/brahim_projects/j/j v2/jeunesscar/framework/vendor/laravel/framework/src/Illuminate/Pipeline/Pipeline.php(183): Illuminate\\Foundation\\Http\\Middleware\\PreventRequestsDuringMaintenance->handle()
#46 /home/ouknik/Desktop/brahim_projects/j/j v2/jeunesscar/framework/vendor/laravel/framework/src/Illuminate/Pipeline/Pipeline.php(119): Illuminate\\Pipeline\\Pipeline->Illuminate\\Pipeline\\{closure}()
#47 /home/ouknik/Desktop/brahim_projects/j/j v2/jeunesscar/framework/vendor/laravel/framework/src/Illuminate/Foundation/Http/Kernel.php(175): Illuminate\\Pipeline\\Pipeline->then()
#48 /home/ouknik/Desktop/brahim_projects/j/j v2/jeunesscar/framework/vendor/laravel/framework/src/Illuminate/Foundation/Http/Kernel.php(144): Illuminate\\Foundation\\Http\\Kernel->sendRequestThroughRouter()
#49 /home/ouknik/Desktop/brahim_projects/j/j v2/jeunesscar/index.php(13): Illuminate\\Foundation\\Http\\Kernel->handle()
#50 {main}
"} 
[2025-05-25 10:59:29] local.ERROR: syntax error, unexpected token "extends" {"view":{"view":"/home/ouknik/Desktop/brahim_projects/j/j v2/jeunesscar/framework/resources/views/branches/index.blade.php","data":[]},"userId":1,"exception":"[object] (Spatie\\LaravelIgnition\\Exceptions\\ViewException(code: 0): syntax error, unexpected token \"extends\" at /home/ouknik/Desktop/brahim_projects/j/j v2/jeunesscar/framework/resources/views/branches/index.blade.php:2)
[stacktrace]
#0 /home/ouknik/Desktop/brahim_projects/j/j v2/jeunesscar/framework/vendor/laravel/framework/src/Illuminate/Filesystem/Filesystem.php(124): Illuminate\\Filesystem\\Filesystem::Illuminate\\Filesystem\\{closure}()
#1 /home/ouknik/Desktop/brahim_projects/j/j v2/jeunesscar/framework/vendor/laravel/framework/src/Illuminate/View/Engines/PhpEngine.php(58): Illuminate\\Filesystem\\Filesystem->getRequire()
#2 /home/ouknik/Desktop/brahim_projects/j/j v2/jeunesscar/framework/vendor/laravel/framework/src/Illuminate/View/Engines/CompilerEngine.php(72): Illuminate\\View\\Engines\\PhpEngine->evaluatePath()
#3 /home/ouknik/Desktop/brahim_projects/j/j v2/jeunesscar/framework/vendor/laravel/framework/src/Illuminate/View/View.php(207): Illuminate\\View\\Engines\\CompilerEngine->get()
#4 /home/ouknik/Desktop/brahim_projects/j/j v2/jeunesscar/framework/vendor/laravel/framework/src/Illuminate/View/View.php(190): Illuminate\\View\\View->getContents()
#5 /home/ouknik/Desktop/brahim_projects/j/j v2/jeunesscar/framework/vendor/laravel/framework/src/Illuminate/View/View.php(159): Illuminate\\View\\View->renderContents()
#6 /home/ouknik/Desktop/brahim_projects/j/j v2/jeunesscar/framework/vendor/laravel/framework/src/Illuminate/Http/Response.php(69): Illuminate\\View\\View->render()
#7 /home/ouknik/Desktop/brahim_projects/j/j v2/jeunesscar/framework/vendor/laravel/framework/src/Illuminate/Http/Response.php(35): Illuminate\\Http\\Response->setContent()
#8 /home/ouknik/Desktop/brahim_projects/j/j v2/jeunesscar/framework/vendor/laravel/framework/src/Illuminate/Routing/Router.php(918): Illuminate\\Http\\Response->__construct()
#9 /home/ouknik/Desktop/brahim_projects/j/j v2/jeunesscar/framework/vendor/laravel/framework/src/Illuminate/Routing/Router.php(885): Illuminate\\Routing\\Router::toResponse()
#10 /home/ouknik/Desktop/brahim_projects/j/j v2/jeunesscar/framework/vendor/laravel/framework/src/Illuminate/Routing/Router.php(805): Illuminate\\Routing\\Router->prepareResponse()
#11 /home/ouknik/Desktop/brahim_projects/j/j v2/jeunesscar/framework/vendor/laravel/framework/src/Illuminate/Pipeline/Pipeline.php(144): Illuminate\\Routing\\Router->Illuminate\\Routing\\{closure}()
#12 /home/ouknik/Desktop/brahim_projects/j/j v2/jeunesscar/framework/app/Http/Middleware/SetLocale.php(37): Illuminate\\Pipeline\\Pipeline->Illuminate\\Pipeline\\{closure}()
#13 /home/ouknik/Desktop/brahim_projects/j/j v2/jeunesscar/framework/vendor/laravel/framework/src/Illuminate/Pipeline/Pipeline.php(183): App\\Http\\Middleware\\SetLocale->handle()
#14 /home/ouknik/Desktop/brahim_projects/j/j v2/jeunesscar/framework/vendor/laravel/framework/src/Illuminate/Routing/Middleware/SubstituteBindings.php(50): Illuminate\\Pipeline\\Pipeline->Illuminate\\Pipeline\\{closure}()
#15 /home/ouknik/Desktop/brahim_projects/j/j v2/jeunesscar/framework/vendor/laravel/framework/src/Illuminate/Pipeline/Pipeline.php(183): Illuminate\\Routing\\Middleware\\SubstituteBindings->handle()
#16 /home/ouknik/Desktop/brahim_projects/j/j v2/jeunesscar/framework/vendor/laravel/framework/src/Illuminate/Auth/Middleware/Authenticate.php(57): Illuminate\\Pipeline\\Pipeline->Illuminate\\Pipeline\\{closure}()
#17 /home/ouknik/Desktop/brahim_projects/j/j v2/jeunesscar/framework/vendor/laravel/framework/src/Illuminate/Pipeline/Pipeline.php(183): Illuminate\\Auth\\Middleware\\Authenticate->handle()
#18 /home/ouknik/Desktop/brahim_projects/j/j v2/jeunesscar/framework/vendor/laravel/framework/src/Illuminate/Foundation/Http/Middleware/VerifyCsrfToken.php(78): Illuminate\\Pipeline\\Pipeline->Illuminate\\Pipeline\\{closure}()
#19 /home/ouknik/Desktop/brahim_projects/j/j v2/jeunesscar/framework/vendor/laravel/framework/src/Illuminate/Pipeline/Pipeline.php(183): Illuminate\\Foundation\\Http\\Middleware\\VerifyCsrfToken->handle()
#20 /home/ouknik/Desktop/brahim_projects/j/j v2/jeunesscar/framework/vendor/laravel/framework/src/Illuminate/View/Middleware/ShareErrorsFromSession.php(49): Illuminate\\Pipeline\\Pipeline->Illuminate\\Pipeline\\{closure}()
#21 /home/ouknik/Desktop/brahim_projects/j/j v2/jeunesscar/framework/vendor/laravel/framework/src/Illuminate/Pipeline/Pipeline.php(183): Illuminate\\View\\Middleware\\ShareErrorsFromSession->handle()
#22 /home/ouknik/Desktop/brahim_projects/j/j v2/jeunesscar/framework/vendor/laravel/framework/src/Illuminate/Session/Middleware/StartSession.php(121): Illuminate\\Pipeline\\Pipeline->Illuminate\\Pipeline\\{closure}()
#23 /home/ouknik/Desktop/brahim_projects/j/j v2/jeunesscar/framework/vendor/laravel/framework/src/Illuminate/Session/Middleware/StartSession.php(64): Illuminate\\Session\\Middleware\\StartSession->handleStatefulRequest()
#24 /home/ouknik/Desktop/brahim_projects/j/j v2/jeunesscar/framework/vendor/laravel/framework/src/Illuminate/Pipeline/Pipeline.php(183): Illuminate\\Session\\Middleware\\StartSession->handle()
#25 /home/ouknik/Desktop/brahim_projects/j/j v2/jeunesscar/framework/vendor/laravel/framework/src/Illuminate/Cookie/Middleware/AddQueuedCookiesToResponse.php(37): Illuminate\\Pipeline\\Pipeline->Illuminate\\Pipeline\\{closure}()
#26 /home/ouknik/Desktop/brahim_projects/j/j v2/jeunesscar/framework/vendor/laravel/framework/src/Illuminate/Pipeline/Pipeline.php(183): Illuminate\\Cookie\\Middleware\\AddQueuedCookiesToResponse->handle()
#27 /home/ouknik/Desktop/brahim_projects/j/j v2/jeunesscar/framework/vendor/laravel/framework/src/Illuminate/Cookie/Middleware/EncryptCookies.php(67): Illuminate\\Pipeline\\Pipeline->Illuminate\\Pipeline\\{closure}()
#28 /home/ouknik/Desktop/brahim_projects/j/j v2/jeunesscar/framework/vendor/laravel/framework/src/Illuminate/Pipeline/Pipeline.php(183): Illuminate\\Cookie\\Middleware\\EncryptCookies->handle()
#29 /home/ouknik/Desktop/brahim_projects/j/j v2/jeunesscar/framework/vendor/laravel/framework/src/Illuminate/Pipeline/Pipeline.php(119): Illuminate\\Pipeline\\Pipeline->Illuminate\\Pipeline\\{closure}()
#30 /home/ouknik/Desktop/brahim_projects/j/j v2/jeunesscar/framework/vendor/laravel/framework/src/Illuminate/Routing/Router.php(805): Illuminate\\Pipeline\\Pipeline->then()
#31 /home/ouknik/Desktop/brahim_projects/j/j v2/jeunesscar/framework/vendor/laravel/framework/src/Illuminate/Routing/Router.php(784): Illuminate\\Routing\\Router->runRouteWithinStack()
#32 /home/ouknik/Desktop/brahim_projects/j/j v2/jeunesscar/framework/vendor/laravel/framework/src/Illuminate/Routing/Router.php(748): Illuminate\\Routing\\Router->runRoute()
#33 /home/ouknik/Desktop/brahim_projects/j/j v2/jeunesscar/framework/vendor/laravel/framework/src/Illuminate/Routing/Router.php(737): Illuminate\\Routing\\Router->dispatchToRoute()
#34 /home/ouknik/Desktop/brahim_projects/j/j v2/jeunesscar/framework/vendor/laravel/framework/src/Illuminate/Foundation/Http/Kernel.php(200): Illuminate\\Routing\\Router->dispatch()
#35 /home/ouknik/Desktop/brahim_projects/j/j v2/jeunesscar/framework/vendor/laravel/framework/src/Illuminate/Pipeline/Pipeline.php(144): Illuminate\\Foundation\\Http\\Kernel->Illuminate\\Foundation\\Http\\{closure}()
#36 /home/ouknik/Desktop/brahim_projects/j/j v2/jeunesscar/framework/vendor/laravel/framework/src/Illuminate/Foundation/Http/Middleware/TransformsRequest.php(21): Illuminate\\Pipeline\\Pipeline->Illuminate\\Pipeline\\{closure}()
#37 /home/ouknik/Desktop/brahim_projects/j/j v2/jeunesscar/framework/vendor/laravel/framework/src/Illuminate/Foundation/Http/Middleware/ConvertEmptyStringsToNull.php(31): Illuminate\\Foundation\\Http\\Middleware\\TransformsRequest->handle()
#38 /home/ouknik/Desktop/brahim_projects/j/j v2/jeunesscar/framework/vendor/laravel/framework/src/Illuminate/Pipeline/Pipeline.php(183): Illuminate\\Foundation\\Http\\Middleware\\ConvertEmptyStringsToNull->handle()
#39 /home/ouknik/Desktop/brahim_projects/j/j v2/jeunesscar/framework/vendor/laravel/framework/src/Illuminate/Foundation/Http/Middleware/TransformsRequest.php(21): Illuminate\\Pipeline\\Pipeline->Illuminate\\Pipeline\\{closure}()
#40 /home/ouknik/Desktop/brahim_projects/j/j v2/jeunesscar/framework/vendor/laravel/framework/src/Illuminate/Foundation/Http/Middleware/TrimStrings.php(40): Illuminate\\Foundation\\Http\\Middleware\\TransformsRequest->handle()
#41 /home/ouknik/Desktop/brahim_projects/j/j v2/jeunesscar/framework/vendor/laravel/framework/src/Illuminate/Pipeline/Pipeline.php(183): Illuminate\\Foundation\\Http\\Middleware\\TrimStrings->handle()
#42 /home/ouknik/Desktop/brahim_projects/j/j v2/jeunesscar/framework/vendor/laravel/framework/src/Illuminate/Foundation/Http/Middleware/ValidatePostSize.php(27): Illuminate\\Pipeline\\Pipeline->Illuminate\\Pipeline\\{closure}()
#43 /home/ouknik/Desktop/brahim_projects/j/j v2/jeunesscar/framework/vendor/laravel/framework/src/Illuminate/Pipeline/Pipeline.php(183): Illuminate\\Foundation\\Http\\Middleware\\ValidatePostSize->handle()
#44 /home/ouknik/Desktop/brahim_projects/j/j v2/jeunesscar/framework/vendor/laravel/framework/src/Illuminate/Foundation/Http/Middleware/PreventRequestsDuringMaintenance.php(99): Illuminate\\Pipeline\\Pipeline->Illuminate\\Pipeline\\{closure}()
#45 /home/ouknik/Desktop/brahim_projects/j/j v2/jeunesscar/framework/vendor/laravel/framework/src/Illuminate/Pipeline/Pipeline.php(183): Illuminate\\Foundation\\Http\\Middleware\\PreventRequestsDuringMaintenance->handle()
#46 /home/ouknik/Desktop/brahim_projects/j/j v2/jeunesscar/framework/vendor/laravel/framework/src/Illuminate/Pipeline/Pipeline.php(119): Illuminate\\Pipeline\\Pipeline->Illuminate\\Pipeline\\{closure}()
#47 /home/ouknik/Desktop/brahim_projects/j/j v2/jeunesscar/framework/vendor/laravel/framework/src/Illuminate/Foundation/Http/Kernel.php(175): Illuminate\\Pipeline\\Pipeline->then()
#48 /home/ouknik/Desktop/brahim_projects/j/j v2/jeunesscar/framework/vendor/laravel/framework/src/Illuminate/Foundation/Http/Kernel.php(144): Illuminate\\Foundation\\Http\\Kernel->sendRequestThroughRouter()
#49 /home/ouknik/Desktop/brahim_projects/j/j v2/jeunesscar/index.php(13): Illuminate\\Foundation\\Http\\Kernel->handle()
#50 {main}

[previous exception] [object] (ParseError(code: 0): syntax error, unexpected token \"extends\" at /home/ouknik/Desktop/brahim_projects/j/j v2/jeunesscar/framework/storage/framework/views/976699cfd8f3940e69a0f5bf88996a4f.php:2)
[stacktrace]
#0 /home/ouknik/Desktop/brahim_projects/j/j v2/jeunesscar/framework/vendor/laravel/framework/src/Illuminate/Filesystem/Filesystem.php(124): Illuminate\\Filesystem\\Filesystem::Illuminate\\Filesystem\\{closure}()
#1 /home/ouknik/Desktop/brahim_projects/j/j v2/jeunesscar/framework/vendor/laravel/framework/src/Illuminate/View/Engines/PhpEngine.php(58): Illuminate\\Filesystem\\Filesystem->getRequire()
#2 /home/ouknik/Desktop/brahim_projects/j/j v2/jeunesscar/framework/vendor/laravel/framework/src/Illuminate/View/Engines/CompilerEngine.php(72): Illuminate\\View\\Engines\\PhpEngine->evaluatePath()
#3 /home/ouknik/Desktop/brahim_projects/j/j v2/jeunesscar/framework/vendor/laravel/framework/src/Illuminate/View/View.php(207): Illuminate\\View\\Engines\\CompilerEngine->get()
#4 /home/ouknik/Desktop/brahim_projects/j/j v2/jeunesscar/framework/vendor/laravel/framework/src/Illuminate/View/View.php(190): Illuminate\\View\\View->getContents()
#5 /home/ouknik/Desktop/brahim_projects/j/j v2/jeunesscar/framework/vendor/laravel/framework/src/Illuminate/View/View.php(159): Illuminate\\View\\View->renderContents()
#6 /home/ouknik/Desktop/brahim_projects/j/j v2/jeunesscar/framework/vendor/laravel/framework/src/Illuminate/Http/Response.php(69): Illuminate\\View\\View->render()
#7 /home/ouknik/Desktop/brahim_projects/j/j v2/jeunesscar/framework/vendor/laravel/framework/src/Illuminate/Http/Response.php(35): Illuminate\\Http\\Response->setContent()
#8 /home/ouknik/Desktop/brahim_projects/j/j v2/jeunesscar/framework/vendor/laravel/framework/src/Illuminate/Routing/Router.php(918): Illuminate\\Http\\Response->__construct()
#9 /home/ouknik/Desktop/brahim_projects/j/j v2/jeunesscar/framework/vendor/laravel/framework/src/Illuminate/Routing/Router.php(885): Illuminate\\Routing\\Router::toResponse()
#10 /home/ouknik/Desktop/brahim_projects/j/j v2/jeunesscar/framework/vendor/laravel/framework/src/Illuminate/Routing/Router.php(805): Illuminate\\Routing\\Router->prepareResponse()
#11 /home/ouknik/Desktop/brahim_projects/j/j v2/jeunesscar/framework/vendor/laravel/framework/src/Illuminate/Pipeline/Pipeline.php(144): Illuminate\\Routing\\Router->Illuminate\\Routing\\{closure}()
#12 /home/ouknik/Desktop/brahim_projects/j/j v2/jeunesscar/framework/app/Http/Middleware/SetLocale.php(37): Illuminate\\Pipeline\\Pipeline->Illuminate\\Pipeline\\{closure}()
#13 /home/ouknik/Desktop/brahim_projects/j/j v2/jeunesscar/framework/vendor/laravel/framework/src/Illuminate/Pipeline/Pipeline.php(183): App\\Http\\Middleware\\SetLocale->handle()
#14 /home/ouknik/Desktop/brahim_projects/j/j v2/jeunesscar/framework/vendor/laravel/framework/src/Illuminate/Routing/Middleware/SubstituteBindings.php(50): Illuminate\\Pipeline\\Pipeline->Illuminate\\Pipeline\\{closure}()
#15 /home/ouknik/Desktop/brahim_projects/j/j v2/jeunesscar/framework/vendor/laravel/framework/src/Illuminate/Pipeline/Pipeline.php(183): Illuminate\\Routing\\Middleware\\SubstituteBindings->handle()
#16 /home/ouknik/Desktop/brahim_projects/j/j v2/jeunesscar/framework/vendor/laravel/framework/src/Illuminate/Auth/Middleware/Authenticate.php(57): Illuminate\\Pipeline\\Pipeline->Illuminate\\Pipeline\\{closure}()
#17 /home/ouknik/Desktop/brahim_projects/j/j v2/jeunesscar/framework/vendor/laravel/framework/src/Illuminate/Pipeline/Pipeline.php(183): Illuminate\\Auth\\Middleware\\Authenticate->handle()
#18 /home/ouknik/Desktop/brahim_projects/j/j v2/jeunesscar/framework/vendor/laravel/framework/src/Illuminate/Foundation/Http/Middleware/VerifyCsrfToken.php(78): Illuminate\\Pipeline\\Pipeline->Illuminate\\Pipeline\\{closure}()
#19 /home/ouknik/Desktop/brahim_projects/j/j v2/jeunesscar/framework/vendor/laravel/framework/src/Illuminate/Pipeline/Pipeline.php(183): Illuminate\\Foundation\\Http\\Middleware\\VerifyCsrfToken->handle()
#20 /home/ouknik/Desktop/brahim_projects/j/j v2/jeunesscar/framework/vendor/laravel/framework/src/Illuminate/View/Middleware/ShareErrorsFromSession.php(49): Illuminate\\Pipeline\\Pipeline->Illuminate\\Pipeline\\{closure}()
#21 /home/ouknik/Desktop/brahim_projects/j/j v2/jeunesscar/framework/vendor/laravel/framework/src/Illuminate/Pipeline/Pipeline.php(183): Illuminate\\View\\Middleware\\ShareErrorsFromSession->handle()
#22 /home/ouknik/Desktop/brahim_projects/j/j v2/jeunesscar/framework/vendor/laravel/framework/src/Illuminate/Session/Middleware/StartSession.php(121): Illuminate\\Pipeline\\Pipeline->Illuminate\\Pipeline\\{closure}()
#23 /home/ouknik/Desktop/brahim_projects/j/j v2/jeunesscar/framework/vendor/laravel/framework/src/Illuminate/Session/Middleware/StartSession.php(64): Illuminate\\Session\\Middleware\\StartSession->handleStatefulRequest()
#24 /home/ouknik/Desktop/brahim_projects/j/j v2/jeunesscar/framework/vendor/laravel/framework/src/Illuminate/Pipeline/Pipeline.php(183): Illuminate\\Session\\Middleware\\StartSession->handle()
#25 /home/ouknik/Desktop/brahim_projects/j/j v2/jeunesscar/framework/vendor/laravel/framework/src/Illuminate/Cookie/Middleware/AddQueuedCookiesToResponse.php(37): Illuminate\\Pipeline\\Pipeline->Illuminate\\Pipeline\\{closure}()
#26 /home/ouknik/Desktop/brahim_projects/j/j v2/jeunesscar/framework/vendor/laravel/framework/src/Illuminate/Pipeline/Pipeline.php(183): Illuminate\\Cookie\\Middleware\\AddQueuedCookiesToResponse->handle()
#27 /home/ouknik/Desktop/brahim_projects/j/j v2/jeunesscar/framework/vendor/laravel/framework/src/Illuminate/Cookie/Middleware/EncryptCookies.php(67): Illuminate\\Pipeline\\Pipeline->Illuminate\\Pipeline\\{closure}()
#28 /home/ouknik/Desktop/brahim_projects/j/j v2/jeunesscar/framework/vendor/laravel/framework/src/Illuminate/Pipeline/Pipeline.php(183): Illuminate\\Cookie\\Middleware\\EncryptCookies->handle()
#29 /home/ouknik/Desktop/brahim_projects/j/j v2/jeunesscar/framework/vendor/laravel/framework/src/Illuminate/Pipeline/Pipeline.php(119): Illuminate\\Pipeline\\Pipeline->Illuminate\\Pipeline\\{closure}()
#30 /home/ouknik/Desktop/brahim_projects/j/j v2/jeunesscar/framework/vendor/laravel/framework/src/Illuminate/Routing/Router.php(805): Illuminate\\Pipeline\\Pipeline->then()
#31 /home/ouknik/Desktop/brahim_projects/j/j v2/jeunesscar/framework/vendor/laravel/framework/src/Illuminate/Routing/Router.php(784): Illuminate\\Routing\\Router->runRouteWithinStack()
#32 /home/ouknik/Desktop/brahim_projects/j/j v2/jeunesscar/framework/vendor/laravel/framework/src/Illuminate/Routing/Router.php(748): Illuminate\\Routing\\Router->runRoute()
#33 /home/ouknik/Desktop/brahim_projects/j/j v2/jeunesscar/framework/vendor/laravel/framework/src/Illuminate/Routing/Router.php(737): Illuminate\\Routing\\Router->dispatchToRoute()
#34 /home/ouknik/Desktop/brahim_projects/j/j v2/jeunesscar/framework/vendor/laravel/framework/src/Illuminate/Foundation/Http/Kernel.php(200): Illuminate\\Routing\\Router->dispatch()
#35 /home/ouknik/Desktop/brahim_projects/j/j v2/jeunesscar/framework/vendor/laravel/framework/src/Illuminate/Pipeline/Pipeline.php(144): Illuminate\\Foundation\\Http\\Kernel->Illuminate\\Foundation\\Http\\{closure}()
#36 /home/ouknik/Desktop/brahim_projects/j/j v2/jeunesscar/framework/vendor/laravel/framework/src/Illuminate/Foundation/Http/Middleware/TransformsRequest.php(21): Illuminate\\Pipeline\\Pipeline->Illuminate\\Pipeline\\{closure}()
#37 /home/ouknik/Desktop/brahim_projects/j/j v2/jeunesscar/framework/vendor/laravel/framework/src/Illuminate/Foundation/Http/Middleware/ConvertEmptyStringsToNull.php(31): Illuminate\\Foundation\\Http\\Middleware\\TransformsRequest->handle()
#38 /home/ouknik/Desktop/brahim_projects/j/j v2/jeunesscar/framework/vendor/laravel/framework/src/Illuminate/Pipeline/Pipeline.php(183): Illuminate\\Foundation\\Http\\Middleware\\ConvertEmptyStringsToNull->handle()
#39 /home/ouknik/Desktop/brahim_projects/j/j v2/jeunesscar/framework/vendor/laravel/framework/src/Illuminate/Foundation/Http/Middleware/TransformsRequest.php(21): Illuminate\\Pipeline\\Pipeline->Illuminate\\Pipeline\\{closure}()
#40 /home/ouknik/Desktop/brahim_projects/j/j v2/jeunesscar/framework/vendor/laravel/framework/src/Illuminate/Foundation/Http/Middleware/TrimStrings.php(40): Illuminate\\Foundation\\Http\\Middleware\\TransformsRequest->handle()
#41 /home/ouknik/Desktop/brahim_projects/j/j v2/jeunesscar/framework/vendor/laravel/framework/src/Illuminate/Pipeline/Pipeline.php(183): Illuminate\\Foundation\\Http\\Middleware\\TrimStrings->handle()
#42 /home/ouknik/Desktop/brahim_projects/j/j v2/jeunesscar/framework/vendor/laravel/framework/src/Illuminate/Foundation/Http/Middleware/ValidatePostSize.php(27): Illuminate\\Pipeline\\Pipeline->Illuminate\\Pipeline\\{closure}()
#43 /home/ouknik/Desktop/brahim_projects/j/j v2/jeunesscar/framework/vendor/laravel/framework/src/Illuminate/Pipeline/Pipeline.php(183): Illuminate\\Foundation\\Http\\Middleware\\ValidatePostSize->handle()
#44 /home/ouknik/Desktop/brahim_projects/j/j v2/jeunesscar/framework/vendor/laravel/framework/src/Illuminate/Foundation/Http/Middleware/PreventRequestsDuringMaintenance.php(99): Illuminate\\Pipeline\\Pipeline->Illuminate\\Pipeline\\{closure}()
#45 /home/ouknik/Desktop/brahim_projects/j/j v2/jeunesscar/framework/vendor/laravel/framework/src/Illuminate/Pipeline/Pipeline.php(183): Illuminate\\Foundation\\Http\\Middleware\\PreventRequestsDuringMaintenance->handle()
#46 /home/ouknik/Desktop/brahim_projects/j/j v2/jeunesscar/framework/vendor/laravel/framework/src/Illuminate/Pipeline/Pipeline.php(119): Illuminate\\Pipeline\\Pipeline->Illuminate\\Pipeline\\{closure}()
#47 /home/ouknik/Desktop/brahim_projects/j/j v2/jeunesscar/framework/vendor/laravel/framework/src/Illuminate/Foundation/Http/Kernel.php(175): Illuminate\\Pipeline\\Pipeline->then()
#48 /home/ouknik/Desktop/brahim_projects/j/j v2/jeunesscar/framework/vendor/laravel/framework/src/Illuminate/Foundation/Http/Kernel.php(144): Illuminate\\Foundation\\Http\\Kernel->sendRequestThroughRouter()
#49 /home/ouknik/Desktop/brahim_projects/j/j v2/jeunesscar/index.php(13): Illuminate\\Foundation\\Http\\Kernel->handle()
#50 {main}
"} 
[2025-05-25 12:09:22] local.ERROR: Class "App\Model\Contract" not found {"userId":1,"exception":"[object] (Error(code: 0): Class \"App\\Model\\Contract\" not found at /home/ouknik/Desktop/brahim_projects/j/j v2/jeunesscar/framework/app/Http/Controllers/Admin/BranchController.php:39)
[stacktrace]
#0 /home/ouknik/Desktop/brahim_projects/j/j v2/jeunesscar/framework/vendor/laravel/framework/src/Illuminate/Routing/Controller.php(54): App\\Http\\Controllers\\Admin\\BranchController->index()
#1 /home/ouknik/Desktop/brahim_projects/j/j v2/jeunesscar/framework/vendor/laravel/framework/src/Illuminate/Routing/ControllerDispatcher.php(43): Illuminate\\Routing\\Controller->callAction()
#2 /home/ouknik/Desktop/brahim_projects/j/j v2/jeunesscar/framework/vendor/laravel/framework/src/Illuminate/Routing/Route.php(259): Illuminate\\Routing\\ControllerDispatcher->dispatch()
#3 /home/ouknik/Desktop/brahim_projects/j/j v2/jeunesscar/framework/vendor/laravel/framework/src/Illuminate/Routing/Route.php(205): Illuminate\\Routing\\Route->runController()
#4 /home/ouknik/Desktop/brahim_projects/j/j v2/jeunesscar/framework/vendor/laravel/framework/src/Illuminate/Routing/Router.php(806): Illuminate\\Routing\\Route->run()
#5 /home/ouknik/Desktop/brahim_projects/j/j v2/jeunesscar/framework/vendor/laravel/framework/src/Illuminate/Pipeline/Pipeline.php(144): Illuminate\\Routing\\Router->Illuminate\\Routing\\{closure}()
#6 /home/ouknik/Desktop/brahim_projects/j/j v2/jeunesscar/framework/vendor/spatie/laravel-permission/src/Middlewares/PermissionMiddleware.php(24): Illuminate\\Pipeline\\Pipeline->Illuminate\\Pipeline\\{closure}()
#7 /home/ouknik/Desktop/brahim_projects/j/j v2/jeunesscar/framework/vendor/laravel/framework/src/Illuminate/Pipeline/Pipeline.php(183): Spatie\\Permission\\Middlewares\\PermissionMiddleware->handle()
#8 /home/ouknik/Desktop/brahim_projects/j/j v2/jeunesscar/framework/app/Http/Middleware/SetLocale.php(37): Illuminate\\Pipeline\\Pipeline->Illuminate\\Pipeline\\{closure}()
#9 /home/ouknik/Desktop/brahim_projects/j/j v2/jeunesscar/framework/vendor/laravel/framework/src/Illuminate/Pipeline/Pipeline.php(183): App\\Http\\Middleware\\SetLocale->handle()
#10 /home/ouknik/Desktop/brahim_projects/j/j v2/jeunesscar/framework/vendor/laravel/framework/src/Illuminate/Routing/Middleware/SubstituteBindings.php(50): Illuminate\\Pipeline\\Pipeline->Illuminate\\Pipeline\\{closure}()
#11 /home/ouknik/Desktop/brahim_projects/j/j v2/jeunesscar/framework/vendor/laravel/framework/src/Illuminate/Pipeline/Pipeline.php(183): Illuminate\\Routing\\Middleware\\SubstituteBindings->handle()
#12 /home/ouknik/Desktop/brahim_projects/j/j v2/jeunesscar/framework/vendor/laravel/framework/src/Illuminate/Auth/Middleware/Authenticate.php(57): Illuminate\\Pipeline\\Pipeline->Illuminate\\Pipeline\\{closure}()
#13 /home/ouknik/Desktop/brahim_projects/j/j v2/jeunesscar/framework/vendor/laravel/framework/src/Illuminate/Pipeline/Pipeline.php(183): Illuminate\\Auth\\Middleware\\Authenticate->handle()
#14 /home/ouknik/Desktop/brahim_projects/j/j v2/jeunesscar/framework/vendor/laravel/framework/src/Illuminate/Foundation/Http/Middleware/VerifyCsrfToken.php(78): Illuminate\\Pipeline\\Pipeline->Illuminate\\Pipeline\\{closure}()
#15 /home/ouknik/Desktop/brahim_projects/j/j v2/jeunesscar/framework/vendor/laravel/framework/src/Illuminate/Pipeline/Pipeline.php(183): Illuminate\\Foundation\\Http\\Middleware\\VerifyCsrfToken->handle()
#16 /home/ouknik/Desktop/brahim_projects/j/j v2/jeunesscar/framework/vendor/laravel/framework/src/Illuminate/View/Middleware/ShareErrorsFromSession.php(49): Illuminate\\Pipeline\\Pipeline->Illuminate\\Pipeline\\{closure}()
#17 /home/ouknik/Desktop/brahim_projects/j/j v2/jeunesscar/framework/vendor/laravel/framework/src/Illuminate/Pipeline/Pipeline.php(183): Illuminate\\View\\Middleware\\ShareErrorsFromSession->handle()
#18 /home/ouknik/Desktop/brahim_projects/j/j v2/jeunesscar/framework/vendor/laravel/framework/src/Illuminate/Session/Middleware/StartSession.php(121): Illuminate\\Pipeline\\Pipeline->Illuminate\\Pipeline\\{closure}()
#19 /home/ouknik/Desktop/brahim_projects/j/j v2/jeunesscar/framework/vendor/laravel/framework/src/Illuminate/Session/Middleware/StartSession.php(64): Illuminate\\Session\\Middleware\\StartSession->handleStatefulRequest()
#20 /home/ouknik/Desktop/brahim_projects/j/j v2/jeunesscar/framework/vendor/laravel/framework/src/Illuminate/Pipeline/Pipeline.php(183): Illuminate\\Session\\Middleware\\StartSession->handle()
#21 /home/ouknik/Desktop/brahim_projects/j/j v2/jeunesscar/framework/vendor/laravel/framework/src/Illuminate/Cookie/Middleware/AddQueuedCookiesToResponse.php(37): Illuminate\\Pipeline\\Pipeline->Illuminate\\Pipeline\\{closure}()
#22 /home/ouknik/Desktop/brahim_projects/j/j v2/jeunesscar/framework/vendor/laravel/framework/src/Illuminate/Pipeline/Pipeline.php(183): Illuminate\\Cookie\\Middleware\\AddQueuedCookiesToResponse->handle()
#23 /home/ouknik/Desktop/brahim_projects/j/j v2/jeunesscar/framework/vendor/laravel/framework/src/Illuminate/Cookie/Middleware/EncryptCookies.php(67): Illuminate\\Pipeline\\Pipeline->Illuminate\\Pipeline\\{closure}()
#24 /home/ouknik/Desktop/brahim_projects/j/j v2/jeunesscar/framework/vendor/laravel/framework/src/Illuminate/Pipeline/Pipeline.php(183): Illuminate\\Cookie\\Middleware\\EncryptCookies->handle()
#25 /home/ouknik/Desktop/brahim_projects/j/j v2/jeunesscar/framework/vendor/laravel/framework/src/Illuminate/Pipeline/Pipeline.php(119): Illuminate\\Pipeline\\Pipeline->Illuminate\\Pipeline\\{closure}()
#26 /home/ouknik/Desktop/brahim_projects/j/j v2/jeunesscar/framework/vendor/laravel/framework/src/Illuminate/Routing/Router.php(805): Illuminate\\Pipeline\\Pipeline->then()
#27 /home/ouknik/Desktop/brahim_projects/j/j v2/jeunesscar/framework/vendor/laravel/framework/src/Illuminate/Routing/Router.php(784): Illuminate\\Routing\\Router->runRouteWithinStack()
#28 /home/ouknik/Desktop/brahim_projects/j/j v2/jeunesscar/framework/vendor/laravel/framework/src/Illuminate/Routing/Router.php(748): Illuminate\\Routing\\Router->runRoute()
#29 /home/ouknik/Desktop/brahim_projects/j/j v2/jeunesscar/framework/vendor/laravel/framework/src/Illuminate/Routing/Router.php(737): Illuminate\\Routing\\Router->dispatchToRoute()
#30 /home/ouknik/Desktop/brahim_projects/j/j v2/jeunesscar/framework/vendor/laravel/framework/src/Illuminate/Foundation/Http/Kernel.php(200): Illuminate\\Routing\\Router->dispatch()
#31 /home/ouknik/Desktop/brahim_projects/j/j v2/jeunesscar/framework/vendor/laravel/framework/src/Illuminate/Pipeline/Pipeline.php(144): Illuminate\\Foundation\\Http\\Kernel->Illuminate\\Foundation\\Http\\{closure}()
#32 /home/ouknik/Desktop/brahim_projects/j/j v2/jeunesscar/framework/vendor/laravel/framework/src/Illuminate/Foundation/Http/Middleware/TransformsRequest.php(21): Illuminate\\Pipeline\\Pipeline->Illuminate\\Pipeline\\{closure}()
#33 /home/ouknik/Desktop/brahim_projects/j/j v2/jeunesscar/framework/vendor/laravel/framework/src/Illuminate/Foundation/Http/Middleware/ConvertEmptyStringsToNull.php(31): Illuminate\\Foundation\\Http\\Middleware\\TransformsRequest->handle()
#34 /home/ouknik/Desktop/brahim_projects/j/j v2/jeunesscar/framework/vendor/laravel/framework/src/Illuminate/Pipeline/Pipeline.php(183): Illuminate\\Foundation\\Http\\Middleware\\ConvertEmptyStringsToNull->handle()
#35 /home/ouknik/Desktop/brahim_projects/j/j v2/jeunesscar/framework/vendor/laravel/framework/src/Illuminate/Foundation/Http/Middleware/TransformsRequest.php(21): Illuminate\\Pipeline\\Pipeline->Illuminate\\Pipeline\\{closure}()
#36 /home/ouknik/Desktop/brahim_projects/j/j v2/jeunesscar/framework/vendor/laravel/framework/src/Illuminate/Foundation/Http/Middleware/TrimStrings.php(40): Illuminate\\Foundation\\Http\\Middleware\\TransformsRequest->handle()
#37 /home/ouknik/Desktop/brahim_projects/j/j v2/jeunesscar/framework/vendor/laravel/framework/src/Illuminate/Pipeline/Pipeline.php(183): Illuminate\\Foundation\\Http\\Middleware\\TrimStrings->handle()
#38 /home/ouknik/Desktop/brahim_projects/j/j v2/jeunesscar/framework/vendor/laravel/framework/src/Illuminate/Foundation/Http/Middleware/ValidatePostSize.php(27): Illuminate\\Pipeline\\Pipeline->Illuminate\\Pipeline\\{closure}()
#39 /home/ouknik/Desktop/brahim_projects/j/j v2/jeunesscar/framework/vendor/laravel/framework/src/Illuminate/Pipeline/Pipeline.php(183): Illuminate\\Foundation\\Http\\Middleware\\ValidatePostSize->handle()
#40 /home/ouknik/Desktop/brahim_projects/j/j v2/jeunesscar/framework/vendor/laravel/framework/src/Illuminate/Foundation/Http/Middleware/PreventRequestsDuringMaintenance.php(99): Illuminate\\Pipeline\\Pipeline->Illuminate\\Pipeline\\{closure}()
#41 /home/ouknik/Desktop/brahim_projects/j/j v2/jeunesscar/framework/vendor/laravel/framework/src/Illuminate/Pipeline/Pipeline.php(183): Illuminate\\Foundation\\Http\\Middleware\\PreventRequestsDuringMaintenance->handle()
#42 /home/ouknik/Desktop/brahim_projects/j/j v2/jeunesscar/framework/vendor/laravel/framework/src/Illuminate/Pipeline/Pipeline.php(119): Illuminate\\Pipeline\\Pipeline->Illuminate\\Pipeline\\{closure}()
#43 /home/ouknik/Desktop/brahim_projects/j/j v2/jeunesscar/framework/vendor/laravel/framework/src/Illuminate/Foundation/Http/Kernel.php(175): Illuminate\\Pipeline\\Pipeline->then()
#44 /home/ouknik/Desktop/brahim_projects/j/j v2/jeunesscar/framework/vendor/laravel/framework/src/Illuminate/Foundation/Http/Kernel.php(144): Illuminate\\Foundation\\Http\\Kernel->sendRequestThroughRouter()
#45 /home/ouknik/Desktop/brahim_projects/j/j v2/jeunesscar/index.php(13): Illuminate\\Foundation\\Http\\Kernel->handle()
#46 {main}
"} 
[2025-05-25 14:51:04] local.ERROR: View [branches.edit] not found. {"userId":1,"exception":"[object] (InvalidArgumentException(code: 0): View [branches.edit] not found. at /home/ouknik/Desktop/brahim_projects/j/j v2/jeunesscar/framework/vendor/laravel/framework/src/Illuminate/View/FileViewFinder.php:137)
[stacktrace]
#0 /home/ouknik/Desktop/brahim_projects/j/j v2/jeunesscar/framework/vendor/laravel/framework/src/Illuminate/View/FileViewFinder.php(79): Illuminate\\View\\FileViewFinder->findInPaths()
#1 /home/ouknik/Desktop/brahim_projects/j/j v2/jeunesscar/framework/vendor/laravel/framework/src/Illuminate/View/Factory.php(137): Illuminate\\View\\FileViewFinder->find()
#2 /home/ouknik/Desktop/brahim_projects/j/j v2/jeunesscar/framework/vendor/laravel/framework/src/Illuminate/Foundation/helpers.php(1020): Illuminate\\View\\Factory->make()
#3 /home/ouknik/Desktop/brahim_projects/j/j v2/jeunesscar/framework/app/Http/Controllers/Admin/BranchController.php(106): view()
#4 /home/ouknik/Desktop/brahim_projects/j/j v2/jeunesscar/framework/vendor/laravel/framework/src/Illuminate/Routing/Controller.php(54): App\\Http\\Controllers\\Admin\\BranchController->edit()
#5 /home/ouknik/Desktop/brahim_projects/j/j v2/jeunesscar/framework/vendor/laravel/framework/src/Illuminate/Routing/ControllerDispatcher.php(43): Illuminate\\Routing\\Controller->callAction()
#6 /home/ouknik/Desktop/brahim_projects/j/j v2/jeunesscar/framework/vendor/laravel/framework/src/Illuminate/Routing/Route.php(259): Illuminate\\Routing\\ControllerDispatcher->dispatch()
#7 /home/ouknik/Desktop/brahim_projects/j/j v2/jeunesscar/framework/vendor/laravel/framework/src/Illuminate/Routing/Route.php(205): Illuminate\\Routing\\Route->runController()
#8 /home/ouknik/Desktop/brahim_projects/j/j v2/jeunesscar/framework/vendor/laravel/framework/src/Illuminate/Routing/Router.php(806): Illuminate\\Routing\\Route->run()
#9 /home/ouknik/Desktop/brahim_projects/j/j v2/jeunesscar/framework/vendor/laravel/framework/src/Illuminate/Pipeline/Pipeline.php(144): Illuminate\\Routing\\Router->Illuminate\\Routing\\{closure}()
#10 /home/ouknik/Desktop/brahim_projects/j/j v2/jeunesscar/framework/vendor/spatie/laravel-permission/src/Middlewares/PermissionMiddleware.php(24): Illuminate\\Pipeline\\Pipeline->Illuminate\\Pipeline\\{closure}()
#11 /home/ouknik/Desktop/brahim_projects/j/j v2/jeunesscar/framework/vendor/laravel/framework/src/Illuminate/Pipeline/Pipeline.php(183): Spatie\\Permission\\Middlewares\\PermissionMiddleware->handle()
#12 /home/ouknik/Desktop/brahim_projects/j/j v2/jeunesscar/framework/app/Http/Middleware/SetLocale.php(37): Illuminate\\Pipeline\\Pipeline->Illuminate\\Pipeline\\{closure}()
#13 /home/ouknik/Desktop/brahim_projects/j/j v2/jeunesscar/framework/vendor/laravel/framework/src/Illuminate/Pipeline/Pipeline.php(183): App\\Http\\Middleware\\SetLocale->handle()
#14 /home/ouknik/Desktop/brahim_projects/j/j v2/jeunesscar/framework/vendor/laravel/framework/src/Illuminate/Routing/Middleware/SubstituteBindings.php(50): Illuminate\\Pipeline\\Pipeline->Illuminate\\Pipeline\\{closure}()
#15 /home/ouknik/Desktop/brahim_projects/j/j v2/jeunesscar/framework/vendor/laravel/framework/src/Illuminate/Pipeline/Pipeline.php(183): Illuminate\\Routing\\Middleware\\SubstituteBindings->handle()
#16 /home/ouknik/Desktop/brahim_projects/j/j v2/jeunesscar/framework/vendor/laravel/framework/src/Illuminate/Auth/Middleware/Authenticate.php(57): Illuminate\\Pipeline\\Pipeline->Illuminate\\Pipeline\\{closure}()
#17 /home/ouknik/Desktop/brahim_projects/j/j v2/jeunesscar/framework/vendor/laravel/framework/src/Illuminate/Pipeline/Pipeline.php(183): Illuminate\\Auth\\Middleware\\Authenticate->handle()
#18 /home/ouknik/Desktop/brahim_projects/j/j v2/jeunesscar/framework/vendor/laravel/framework/src/Illuminate/Foundation/Http/Middleware/VerifyCsrfToken.php(78): Illuminate\\Pipeline\\Pipeline->Illuminate\\Pipeline\\{closure}()
#19 /home/ouknik/Desktop/brahim_projects/j/j v2/jeunesscar/framework/vendor/laravel/framework/src/Illuminate/Pipeline/Pipeline.php(183): Illuminate\\Foundation\\Http\\Middleware\\VerifyCsrfToken->handle()
#20 /home/ouknik/Desktop/brahim_projects/j/j v2/jeunesscar/framework/vendor/laravel/framework/src/Illuminate/View/Middleware/ShareErrorsFromSession.php(49): Illuminate\\Pipeline\\Pipeline->Illuminate\\Pipeline\\{closure}()
#21 /home/ouknik/Desktop/brahim_projects/j/j v2/jeunesscar/framework/vendor/laravel/framework/src/Illuminate/Pipeline/Pipeline.php(183): Illuminate\\View\\Middleware\\ShareErrorsFromSession->handle()
#22 /home/ouknik/Desktop/brahim_projects/j/j v2/jeunesscar/framework/vendor/laravel/framework/src/Illuminate/Session/Middleware/StartSession.php(121): Illuminate\\Pipeline\\Pipeline->Illuminate\\Pipeline\\{closure}()
#23 /home/ouknik/Desktop/brahim_projects/j/j v2/jeunesscar/framework/vendor/laravel/framework/src/Illuminate/Session/Middleware/StartSession.php(64): Illuminate\\Session\\Middleware\\StartSession->handleStatefulRequest()
#24 /home/ouknik/Desktop/brahim_projects/j/j v2/jeunesscar/framework/vendor/laravel/framework/src/Illuminate/Pipeline/Pipeline.php(183): Illuminate\\Session\\Middleware\\StartSession->handle()
#25 /home/ouknik/Desktop/brahim_projects/j/j v2/jeunesscar/framework/vendor/laravel/framework/src/Illuminate/Cookie/Middleware/AddQueuedCookiesToResponse.php(37): Illuminate\\Pipeline\\Pipeline->Illuminate\\Pipeline\\{closure}()
#26 /home/ouknik/Desktop/brahim_projects/j/j v2/jeunesscar/framework/vendor/laravel/framework/src/Illuminate/Pipeline/Pipeline.php(183): Illuminate\\Cookie\\Middleware\\AddQueuedCookiesToResponse->handle()
#27 /home/ouknik/Desktop/brahim_projects/j/j v2/jeunesscar/framework/vendor/laravel/framework/src/Illuminate/Cookie/Middleware/EncryptCookies.php(67): Illuminate\\Pipeline\\Pipeline->Illuminate\\Pipeline\\{closure}()
#28 /home/ouknik/Desktop/brahim_projects/j/j v2/jeunesscar/framework/vendor/laravel/framework/src/Illuminate/Pipeline/Pipeline.php(183): Illuminate\\Cookie\\Middleware\\EncryptCookies->handle()
#29 /home/ouknik/Desktop/brahim_projects/j/j v2/jeunesscar/framework/vendor/laravel/framework/src/Illuminate/Pipeline/Pipeline.php(119): Illuminate\\Pipeline\\Pipeline->Illuminate\\Pipeline\\{closure}()
#30 /home/ouknik/Desktop/brahim_projects/j/j v2/jeunesscar/framework/vendor/laravel/framework/src/Illuminate/Routing/Router.php(805): Illuminate\\Pipeline\\Pipeline->then()
#31 /home/ouknik/Desktop/brahim_projects/j/j v2/jeunesscar/framework/vendor/laravel/framework/src/Illuminate/Routing/Router.php(784): Illuminate\\Routing\\Router->runRouteWithinStack()
#32 /home/ouknik/Desktop/brahim_projects/j/j v2/jeunesscar/framework/vendor/laravel/framework/src/Illuminate/Routing/Router.php(748): Illuminate\\Routing\\Router->runRoute()
#33 /home/ouknik/Desktop/brahim_projects/j/j v2/jeunesscar/framework/vendor/laravel/framework/src/Illuminate/Routing/Router.php(737): Illuminate\\Routing\\Router->dispatchToRoute()
#34 /home/ouknik/Desktop/brahim_projects/j/j v2/jeunesscar/framework/vendor/laravel/framework/src/Illuminate/Foundation/Http/Kernel.php(200): Illuminate\\Routing\\Router->dispatch()
#35 /home/ouknik/Desktop/brahim_projects/j/j v2/jeunesscar/framework/vendor/laravel/framework/src/Illuminate/Pipeline/Pipeline.php(144): Illuminate\\Foundation\\Http\\Kernel->Illuminate\\Foundation\\Http\\{closure}()
#36 /home/ouknik/Desktop/brahim_projects/j/j v2/jeunesscar/framework/vendor/laravel/framework/src/Illuminate/Foundation/Http/Middleware/TransformsRequest.php(21): Illuminate\\Pipeline\\Pipeline->Illuminate\\Pipeline\\{closure}()
#37 /home/ouknik/Desktop/brahim_projects/j/j v2/jeunesscar/framework/vendor/laravel/framework/src/Illuminate/Foundation/Http/Middleware/ConvertEmptyStringsToNull.php(31): Illuminate\\Foundation\\Http\\Middleware\\TransformsRequest->handle()
#38 /home/ouknik/Desktop/brahim_projects/j/j v2/jeunesscar/framework/vendor/laravel/framework/src/Illuminate/Pipeline/Pipeline.php(183): Illuminate\\Foundation\\Http\\Middleware\\ConvertEmptyStringsToNull->handle()
#39 /home/ouknik/Desktop/brahim_projects/j/j v2/jeunesscar/framework/vendor/laravel/framework/src/Illuminate/Foundation/Http/Middleware/TransformsRequest.php(21): Illuminate\\Pipeline\\Pipeline->Illuminate\\Pipeline\\{closure}()
#40 /home/ouknik/Desktop/brahim_projects/j/j v2/jeunesscar/framework/vendor/laravel/framework/src/Illuminate/Foundation/Http/Middleware/TrimStrings.php(40): Illuminate\\Foundation\\Http\\Middleware\\TransformsRequest->handle()
#41 /home/ouknik/Desktop/brahim_projects/j/j v2/jeunesscar/framework/vendor/laravel/framework/src/Illuminate/Pipeline/Pipeline.php(183): Illuminate\\Foundation\\Http\\Middleware\\TrimStrings->handle()
#42 /home/ouknik/Desktop/brahim_projects/j/j v2/jeunesscar/framework/vendor/laravel/framework/src/Illuminate/Foundation/Http/Middleware/ValidatePostSize.php(27): Illuminate\\Pipeline\\Pipeline->Illuminate\\Pipeline\\{closure}()
#43 /home/ouknik/Desktop/brahim_projects/j/j v2/jeunesscar/framework/vendor/laravel/framework/src/Illuminate/Pipeline/Pipeline.php(183): Illuminate\\Foundation\\Http\\Middleware\\ValidatePostSize->handle()
#44 /home/ouknik/Desktop/brahim_projects/j/j v2/jeunesscar/framework/vendor/laravel/framework/src/Illuminate/Foundation/Http/Middleware/PreventRequestsDuringMaintenance.php(99): Illuminate\\Pipeline\\Pipeline->Illuminate\\Pipeline\\{closure}()
#45 /home/ouknik/Desktop/brahim_projects/j/j v2/jeunesscar/framework/vendor/laravel/framework/src/Illuminate/Pipeline/Pipeline.php(183): Illuminate\\Foundation\\Http\\Middleware\\PreventRequestsDuringMaintenance->handle()
#46 /home/ouknik/Desktop/brahim_projects/j/j v2/jeunesscar/framework/vendor/laravel/framework/src/Illuminate/Pipeline/Pipeline.php(119): Illuminate\\Pipeline\\Pipeline->Illuminate\\Pipeline\\{closure}()
#47 /home/ouknik/Desktop/brahim_projects/j/j v2/jeunesscar/framework/vendor/laravel/framework/src/Illuminate/Foundation/Http/Kernel.php(175): Illuminate\\Pipeline\\Pipeline->then()
#48 /home/ouknik/Desktop/brahim_projects/j/j v2/jeunesscar/framework/vendor/laravel/framework/src/Illuminate/Foundation/Http/Kernel.php(144): Illuminate\\Foundation\\Http\\Kernel->sendRequestThroughRouter()
#49 /home/ouknik/Desktop/brahim_projects/j/j v2/jeunesscar/index.php(13): Illuminate\\Foundation\\Http\\Kernel->handle()
#50 {main}
"} 
[2025-05-25 14:51:10] local.ERROR: View [branches.edit] not found. {"userId":1,"exception":"[object] (InvalidArgumentException(code: 0): View [branches.edit] not found. at /home/ouknik/Desktop/brahim_projects/j/j v2/jeunesscar/framework/vendor/laravel/framework/src/Illuminate/View/FileViewFinder.php:137)
[stacktrace]
#0 /home/ouknik/Desktop/brahim_projects/j/j v2/jeunesscar/framework/vendor/laravel/framework/src/Illuminate/View/FileViewFinder.php(79): Illuminate\\View\\FileViewFinder->findInPaths()
#1 /home/ouknik/Desktop/brahim_projects/j/j v2/jeunesscar/framework/vendor/laravel/framework/src/Illuminate/View/Factory.php(137): Illuminate\\View\\FileViewFinder->find()
#2 /home/ouknik/Desktop/brahim_projects/j/j v2/jeunesscar/framework/vendor/laravel/framework/src/Illuminate/Foundation/helpers.php(1020): Illuminate\\View\\Factory->make()
#3 /home/ouknik/Desktop/brahim_projects/j/j v2/jeunesscar/framework/app/Http/Controllers/Admin/BranchController.php(106): view()
#4 /home/ouknik/Desktop/brahim_projects/j/j v2/jeunesscar/framework/vendor/laravel/framework/src/Illuminate/Routing/Controller.php(54): App\\Http\\Controllers\\Admin\\BranchController->edit()
#5 /home/ouknik/Desktop/brahim_projects/j/j v2/jeunesscar/framework/vendor/laravel/framework/src/Illuminate/Routing/ControllerDispatcher.php(43): Illuminate\\Routing\\Controller->callAction()
#6 /home/ouknik/Desktop/brahim_projects/j/j v2/jeunesscar/framework/vendor/laravel/framework/src/Illuminate/Routing/Route.php(259): Illuminate\\Routing\\ControllerDispatcher->dispatch()
#7 /home/ouknik/Desktop/brahim_projects/j/j v2/jeunesscar/framework/vendor/laravel/framework/src/Illuminate/Routing/Route.php(205): Illuminate\\Routing\\Route->runController()
#8 /home/ouknik/Desktop/brahim_projects/j/j v2/jeunesscar/framework/vendor/laravel/framework/src/Illuminate/Routing/Router.php(806): Illuminate\\Routing\\Route->run()
#9 /home/ouknik/Desktop/brahim_projects/j/j v2/jeunesscar/framework/vendor/laravel/framework/src/Illuminate/Pipeline/Pipeline.php(144): Illuminate\\Routing\\Router->Illuminate\\Routing\\{closure}()
#10 /home/ouknik/Desktop/brahim_projects/j/j v2/jeunesscar/framework/vendor/spatie/laravel-permission/src/Middlewares/PermissionMiddleware.php(24): Illuminate\\Pipeline\\Pipeline->Illuminate\\Pipeline\\{closure}()
#11 /home/ouknik/Desktop/brahim_projects/j/j v2/jeunesscar/framework/vendor/laravel/framework/src/Illuminate/Pipeline/Pipeline.php(183): Spatie\\Permission\\Middlewares\\PermissionMiddleware->handle()
#12 /home/ouknik/Desktop/brahim_projects/j/j v2/jeunesscar/framework/app/Http/Middleware/SetLocale.php(37): Illuminate\\Pipeline\\Pipeline->Illuminate\\Pipeline\\{closure}()
#13 /home/ouknik/Desktop/brahim_projects/j/j v2/jeunesscar/framework/vendor/laravel/framework/src/Illuminate/Pipeline/Pipeline.php(183): App\\Http\\Middleware\\SetLocale->handle()
#14 /home/ouknik/Desktop/brahim_projects/j/j v2/jeunesscar/framework/vendor/laravel/framework/src/Illuminate/Routing/Middleware/SubstituteBindings.php(50): Illuminate\\Pipeline\\Pipeline->Illuminate\\Pipeline\\{closure}()
#15 /home/ouknik/Desktop/brahim_projects/j/j v2/jeunesscar/framework/vendor/laravel/framework/src/Illuminate/Pipeline/Pipeline.php(183): Illuminate\\Routing\\Middleware\\SubstituteBindings->handle()
#16 /home/ouknik/Desktop/brahim_projects/j/j v2/jeunesscar/framework/vendor/laravel/framework/src/Illuminate/Auth/Middleware/Authenticate.php(57): Illuminate\\Pipeline\\Pipeline->Illuminate\\Pipeline\\{closure}()
#17 /home/ouknik/Desktop/brahim_projects/j/j v2/jeunesscar/framework/vendor/laravel/framework/src/Illuminate/Pipeline/Pipeline.php(183): Illuminate\\Auth\\Middleware\\Authenticate->handle()
#18 /home/ouknik/Desktop/brahim_projects/j/j v2/jeunesscar/framework/vendor/laravel/framework/src/Illuminate/Foundation/Http/Middleware/VerifyCsrfToken.php(78): Illuminate\\Pipeline\\Pipeline->Illuminate\\Pipeline\\{closure}()
#19 /home/ouknik/Desktop/brahim_projects/j/j v2/jeunesscar/framework/vendor/laravel/framework/src/Illuminate/Pipeline/Pipeline.php(183): Illuminate\\Foundation\\Http\\Middleware\\VerifyCsrfToken->handle()
#20 /home/ouknik/Desktop/brahim_projects/j/j v2/jeunesscar/framework/vendor/laravel/framework/src/Illuminate/View/Middleware/ShareErrorsFromSession.php(49): Illuminate\\Pipeline\\Pipeline->Illuminate\\Pipeline\\{closure}()
#21 /home/ouknik/Desktop/brahim_projects/j/j v2/jeunesscar/framework/vendor/laravel/framework/src/Illuminate/Pipeline/Pipeline.php(183): Illuminate\\View\\Middleware\\ShareErrorsFromSession->handle()
#22 /home/ouknik/Desktop/brahim_projects/j/j v2/jeunesscar/framework/vendor/laravel/framework/src/Illuminate/Session/Middleware/StartSession.php(121): Illuminate\\Pipeline\\Pipeline->Illuminate\\Pipeline\\{closure}()
#23 /home/ouknik/Desktop/brahim_projects/j/j v2/jeunesscar/framework/vendor/laravel/framework/src/Illuminate/Session/Middleware/StartSession.php(64): Illuminate\\Session\\Middleware\\StartSession->handleStatefulRequest()
#24 /home/ouknik/Desktop/brahim_projects/j/j v2/jeunesscar/framework/vendor/laravel/framework/src/Illuminate/Pipeline/Pipeline.php(183): Illuminate\\Session\\Middleware\\StartSession->handle()
#25 /home/ouknik/Desktop/brahim_projects/j/j v2/jeunesscar/framework/vendor/laravel/framework/src/Illuminate/Cookie/Middleware/AddQueuedCookiesToResponse.php(37): Illuminate\\Pipeline\\Pipeline->Illuminate\\Pipeline\\{closure}()
#26 /home/ouknik/Desktop/brahim_projects/j/j v2/jeunesscar/framework/vendor/laravel/framework/src/Illuminate/Pipeline/Pipeline.php(183): Illuminate\\Cookie\\Middleware\\AddQueuedCookiesToResponse->handle()
#27 /home/ouknik/Desktop/brahim_projects/j/j v2/jeunesscar/framework/vendor/laravel/framework/src/Illuminate/Cookie/Middleware/EncryptCookies.php(67): Illuminate\\Pipeline\\Pipeline->Illuminate\\Pipeline\\{closure}()
#28 /home/ouknik/Desktop/brahim_projects/j/j v2/jeunesscar/framework/vendor/laravel/framework/src/Illuminate/Pipeline/Pipeline.php(183): Illuminate\\Cookie\\Middleware\\EncryptCookies->handle()
#29 /home/ouknik/Desktop/brahim_projects/j/j v2/jeunesscar/framework/vendor/laravel/framework/src/Illuminate/Pipeline/Pipeline.php(119): Illuminate\\Pipeline\\Pipeline->Illuminate\\Pipeline\\{closure}()
#30 /home/ouknik/Desktop/brahim_projects/j/j v2/jeunesscar/framework/vendor/laravel/framework/src/Illuminate/Routing/Router.php(805): Illuminate\\Pipeline\\Pipeline->then()
#31 /home/ouknik/Desktop/brahim_projects/j/j v2/jeunesscar/framework/vendor/laravel/framework/src/Illuminate/Routing/Router.php(784): Illuminate\\Routing\\Router->runRouteWithinStack()
#32 /home/ouknik/Desktop/brahim_projects/j/j v2/jeunesscar/framework/vendor/laravel/framework/src/Illuminate/Routing/Router.php(748): Illuminate\\Routing\\Router->runRoute()
#33 /home/ouknik/Desktop/brahim_projects/j/j v2/jeunesscar/framework/vendor/laravel/framework/src/Illuminate/Routing/Router.php(737): Illuminate\\Routing\\Router->dispatchToRoute()
#34 /home/ouknik/Desktop/brahim_projects/j/j v2/jeunesscar/framework/vendor/laravel/framework/src/Illuminate/Foundation/Http/Kernel.php(200): Illuminate\\Routing\\Router->dispatch()
#35 /home/ouknik/Desktop/brahim_projects/j/j v2/jeunesscar/framework/vendor/laravel/framework/src/Illuminate/Pipeline/Pipeline.php(144): Illuminate\\Foundation\\Http\\Kernel->Illuminate\\Foundation\\Http\\{closure}()
#36 /home/ouknik/Desktop/brahim_projects/j/j v2/jeunesscar/framework/vendor/laravel/framework/src/Illuminate/Foundation/Http/Middleware/TransformsRequest.php(21): Illuminate\\Pipeline\\Pipeline->Illuminate\\Pipeline\\{closure}()
#37 /home/ouknik/Desktop/brahim_projects/j/j v2/jeunesscar/framework/vendor/laravel/framework/src/Illuminate/Foundation/Http/Middleware/ConvertEmptyStringsToNull.php(31): Illuminate\\Foundation\\Http\\Middleware\\TransformsRequest->handle()
#38 /home/ouknik/Desktop/brahim_projects/j/j v2/jeunesscar/framework/vendor/laravel/framework/src/Illuminate/Pipeline/Pipeline.php(183): Illuminate\\Foundation\\Http\\Middleware\\ConvertEmptyStringsToNull->handle()
#39 /home/ouknik/Desktop/brahim_projects/j/j v2/jeunesscar/framework/vendor/laravel/framework/src/Illuminate/Foundation/Http/Middleware/TransformsRequest.php(21): Illuminate\\Pipeline\\Pipeline->Illuminate\\Pipeline\\{closure}()
#40 /home/ouknik/Desktop/brahim_projects/j/j v2/jeunesscar/framework/vendor/laravel/framework/src/Illuminate/Foundation/Http/Middleware/TrimStrings.php(40): Illuminate\\Foundation\\Http\\Middleware\\TransformsRequest->handle()
#41 /home/ouknik/Desktop/brahim_projects/j/j v2/jeunesscar/framework/vendor/laravel/framework/src/Illuminate/Pipeline/Pipeline.php(183): Illuminate\\Foundation\\Http\\Middleware\\TrimStrings->handle()
#42 /home/ouknik/Desktop/brahim_projects/j/j v2/jeunesscar/framework/vendor/laravel/framework/src/Illuminate/Foundation/Http/Middleware/ValidatePostSize.php(27): Illuminate\\Pipeline\\Pipeline->Illuminate\\Pipeline\\{closure}()
#43 /home/ouknik/Desktop/brahim_projects/j/j v2/jeunesscar/framework/vendor/laravel/framework/src/Illuminate/Pipeline/Pipeline.php(183): Illuminate\\Foundation\\Http\\Middleware\\ValidatePostSize->handle()
#44 /home/ouknik/Desktop/brahim_projects/j/j v2/jeunesscar/framework/vendor/laravel/framework/src/Illuminate/Foundation/Http/Middleware/PreventRequestsDuringMaintenance.php(99): Illuminate\\Pipeline\\Pipeline->Illuminate\\Pipeline\\{closure}()
#45 /home/ouknik/Desktop/brahim_projects/j/j v2/jeunesscar/framework/vendor/laravel/framework/src/Illuminate/Pipeline/Pipeline.php(183): Illuminate\\Foundation\\Http\\Middleware\\PreventRequestsDuringMaintenance->handle()
#46 /home/ouknik/Desktop/brahim_projects/j/j v2/jeunesscar/framework/vendor/laravel/framework/src/Illuminate/Pipeline/Pipeline.php(119): Illuminate\\Pipeline\\Pipeline->Illuminate\\Pipeline\\{closure}()
#47 /home/ouknik/Desktop/brahim_projects/j/j v2/jeunesscar/framework/vendor/laravel/framework/src/Illuminate/Foundation/Http/Kernel.php(175): Illuminate\\Pipeline\\Pipeline->then()
#48 /home/ouknik/Desktop/brahim_projects/j/j v2/jeunesscar/framework/vendor/laravel/framework/src/Illuminate/Foundation/Http/Kernel.php(144): Illuminate\\Foundation\\Http\\Kernel->sendRequestThroughRouter()
#49 /home/ouknik/Desktop/brahim_projects/j/j v2/jeunesscar/index.php(13): Illuminate\\Foundation\\Http\\Kernel->handle()
#50 {main}
"} 
